raw name,cleaned name,first_appearance,last_appearance,count,title
O'brien Damien,Obrien Damien,2019-02-28,2019-02-28,1,Senior Policy Advisor
O'brien Stevie,Obrien Stevie,2017-11-08,2017-11-08,1,"Director, Parliamentary Affairs"
O'halloran Mark,Ohalloran Mark,2016-11-17,2016-11-17,1,Special Assistant
O'regan Seamus,Oregan Seamus,2017-03-06,2017-03-06,1,Member of Parliament
O'shea Kevin,Oshea Kevin,2013-02-06,2013-02-06,1,Assistant Secretary
Oana Tranca,Oana Tranca,2021-08-17,2021-08-17,1,Research and Evaluation Analyst
Oana Vasuta,Oana Vasuta,2024-04-05,2024-04-05,1,Policy Analyst
Oba Harding,Oba Harding,2022-07-15,2025-02-18,11,Business Officer
Oda Beverlee,Oda Beverlee,2009-06-04,2009-06-04,1,Minister
Odette Johnson,Odette Johnson,2017-01-31,2017-01-31,1,Director
Odile Joannette,Odile Joannette,2021-09-01,2021-09-01,1,Director
Ogesanmola Omitayo,Ogesanmola Omitayo,2023-04-27,2023-04-27,1,"Senior Advisor, Program Development"
Ogilvie Kelvin,Ogilvie Kelvin,2013-05-30,2017-06-06,3,Senator
Oh Victor,Oh Victor,2013-02-28,2013-02-28,1,Senator
Oilivier Hebert,Oilivier Hebert,2013-05-30,2013-05-30,1,Director of Policy
Olaf Andreas Kjelsen,Olaf Andreas Kjelsen,2024-11-05,2024-11-05,1,Ambassador
Olaf Jensen,Olaf Jensen,2010-01-14,2024-01-19,12,Director
Olaf Kjelsen,Olaf Kjelsen,2024-05-28,2024-05-28,1,Ambassador of Switzerland to Canada
Olalekan Edwards,Olalekan Edwards,2024-09-09,2024-09-09,1,Special Assistant
Old Hendrickson,Old Hendrickson,2009-11-24,2009-11-24,1,Scientific Advisor
Olesia Bissett,Olesia Bissett,2025-05-27,2025-05-27,1,Policy Analyst
Olga Radchenko,Olga Radchenko,2018-11-15,2025-03-14,123,Director of Policy
Olga Radochenko,Olga Radchenko,2023-10-04,2023-10-04,1,Director of Policy
Olga Vovk,Olga Vovk,2021-04-26,2021-04-26,1,"Senior Regional Manager, Europe"
Oline Twiss,Oline Twiss,2012-02-15,2013-11-28,9,Parliamentary Affairs
Oliphant Rob,Oliphant Rob,2020-10-05,2020-10-05,1,Member of Parliament
Oliphant Robert,Oliphant Robert,2017-11-15,2017-11-15,1,Member of Parliament
Oliver Anderson,Oliver Anderson,2016-03-09,2025-01-30,183,Communications Advisor
Oliver Archer-antonsen,Oliver Archer-antonsen,2013-02-14,2015-02-03,2,Advisor to the Associate Deputy Minister
Oliver Beaulieu-charbonneau,Oliver Beaulieu-charbonneau,2016-05-16,2016-05-16,1,"Sector Specialist, Dairy Products"
Oliver Black,Oliver Black,2021-01-18,2021-01-18,1,Policy Advisor
Oliver Blake,Oliver Blake,2020-06-09,2022-03-17,5,Policy Advisor
Oliver Bullion,Oliver Bullion,2020-11-30,2020-11-30,1,Director
Oliver Cullen,Oliver Cullen,2016-10-06,2022-10-26,5,Policy Advisor
Oliver Duchesneau,Oliver Duchesneau,2017-11-29,2019-02-20,2,Chief of Staff
Oliver Duhaime,Oliver Duhaime,2020-11-25,2020-11-25,2,Special Assistant
Oliver Dumville,Oliver Dumville,2020-07-09,2020-07-09,1,Policy Analyst
Oliver Hebert,Oliver Hebert,2013-02-19,2013-02-19,1,Senior Advisor
Oliver Jarda,Oliver Jarda,2020-06-16,2021-04-22,2,Director of Policy and Legal Affairs
Oliver Joe,Oliver Joe,2012-01-25,2012-09-04,2,"Minister, Natural Resources"
Oliver John,Oliver John,2016-11-29,2016-11-29,1,Member of Parliament
Oliver Kanter,Oliver Kanter,2019-04-24,2024-11-07,2,Senior Policy Analyst
Oliver Pas Certain,Oliver Pas Certain,2019-03-01,2019-03-01,1,Policy Advisor
Oliver Quirion,Oliver Quirion,2021-07-14,2021-07-14,1,Acting Director
Oliver Roger,Oliver Roger,2022-01-17,2022-01-17,1,"Director, Resources, Environment and Special Projects"
Oliver Rogerson,Oliver Rogerson,2018-08-21,2024-11-27,51,Director
Oliver Tremblay-venneri,Oliver Tremblay-venneri,2024-02-06,2024-02-06,1,Legislative Assistant
Olivera Blagojevic,Olivera Blagojevic,2023-08-22,2024-10-09,2,Director
Olivia Baldwin Valainas,Olivia Baldwin Valainis,2009-01-23,2009-01-23,1,"Director, Regional Affairs"
Olivia Baldwin Valainis,Olivia Baldwin Valainis,2010-10-21,2015-02-12,2,"Director, Regional Affairs"
Olivia Baldwin-valainis,Olivia Baldwin-valainis,2008-11-20,2015-05-21,15,"Director, Regional Affairs"
Olivia Baldwin-valanis,Olivia Baldwin-valanis,2014-02-11,2014-02-11,2,Regional Affairs
Olivia Baldwin-valninis,Olivia Baldwin-valninis,2009-02-24,2009-02-24,1,Regional Director
Olivia Balwin Valainis,Olivia Baldwin Valainis,2014-10-31,2014-10-31,1,"Director, Regional Affairs"
Olivia Batten,Olivia Batten,2024-04-29,2024-06-14,6,Press Secretary
Olivia Chow,Olivia Chow,2010-03-30,2014-02-04,63,Member of Parliament
Olivia Corps,Olivia Corps,2024-02-13,2024-02-13,1,Parliamentary Assistant
Olivia Fondju,Olivia Fondju,2017-10-05,2017-10-05,1,Policy Advisor
Olivia Fraser-kealey,Olivia Fraser-kealey,2024-07-10,2024-07-10,1,Director
Olivia Fraser-kealy,Olivia Fraser-kealy,2024-06-20,2024-06-20,1,Senior Policy Analyst
Olivia Freisen,Olivia Freisen,2019-05-06,2019-05-06,1,Intern
Olivia Gratz,Olivia Gratz,2024-03-01,2024-03-01,3,"Market Advisor, Europe and UAE"
Olivia Klasias,Olivia Klasios,2021-04-21,2021-04-21,2,Parliamentary Research Assistant
Olivia Klasios,Olivia Klasios,2020-11-27,2022-10-11,14,Parliamentary Research Assistant
Olivia Mackay,Olivia Mackay,2024-05-01,2025-03-18,2,Communications Assistant
Olivia Mcelrea,Olivia Mcelrea,2024-05-06,2024-05-07,4,Communications Assistant
Olivia Mcmackin,Olivia Mcmackin,2021-06-30,2021-07-15,2,Senior Special Assistant
Olivia Neal,Olivia Neal,2019-04-11,2019-06-25,2,"Executive Director, Digital"
Olivia Quesnel,Olivia Quesnel,2011-04-01,2011-04-01,1,"Manager, Entrepreneurship Policy"
Olivia Russo,Olivia Russo,2024-05-09,2024-05-22,2,Staffer to Member of Parliament
Olivia Scieur-aparicio,Olivia Scieur-aparicio,2021-04-23,2024-07-07,6,Policy Advisor
Olivia Tam,Olivia Tam,2016-06-02,2016-06-21,2,Constituency Assistant
Olivia Wright,Olivia Wright,2023-09-21,2024-11-21,4,Executive Assistant
Olivia Wu,Olivia Wu,2023-10-26,2024-10-02,7,Tax Policy Officer
Olivier Anderson,Oliver Anderson,2024-03-21,2024-03-21,1,Communications Advisor
Olivier Auger,Olivier Auger,2017-02-22,2021-11-30,4,Political Advisor
Olivier Beaubier,Olivier Beaubier,2016-08-11,2016-08-11,1,Policy Advisor
Olivier Beaulieu-charbonneau,Olivier Beaulieu-charbonneau,2014-09-19,2016-01-29,3,"Sector Specialist, Dairy Products"
Olivier Bergeron,Olivier Bergeron,2019-06-20,2021-02-25,2,Policy Advisor
Olivier Blake,Olivier Blake,2020-04-02,2020-04-02,1,Policy Advisor
Olivier Bourbeau,Olivier Bourbeau,2012-11-13,2012-11-13,1,"Special Advisor, Quebec"
Olivier Bullion,Olivier Bullion,2021-11-16,2022-01-11,2,"Director, Sustainable Development Goals 2030"
Olivier Button,Olivier Button,2019-04-16,2019-04-16,1,Policy Analyst
Olivier Caron,Olivier Caron,2022-11-08,2022-11-15,2,Procurement Manager
Olivier Cullen,Olivier Cullen,2016-05-16,2023-01-24,80,Director of Operations
Olivier Descheneau,Olivier Descheneau,2019-12-11,2019-12-11,1,Chief of Staff
Olivier Duchesmeau,Olivier Duchesneau,2020-03-20,2020-03-20,1,Senior Advisor
Olivier Duchesneau,Olivier Duchesneau,2016-08-23,2022-01-18,109,Senior Advisor
Olivier Duhaime,Olivier Duhaime,2016-03-30,2021-06-15,74,Senior Special Assistant
Olivier Duscheneau,Olivier Duscheneau,2017-06-15,2020-09-21,3,Senior Advisor
Olivier Duschesneau,Olivier Duchesneau,2020-02-20,2020-10-16,4,Senior Advisor
Olivier Dushesneau,Oliver Duchesneau,2017-10-02,2017-10-19,2,Chief of Staff
Olivier Hebert,Olivier Hebert,2012-12-05,2015-06-09,59,Director of Policy
Olivier Jarda,Olivier Jarda,2019-03-26,2021-12-01,140,Policy Advisor
Olivier Nicoloff,Olivier Nicoloff,2012-09-10,2012-09-10,1,Director
Olivier Paradis Beland,Olivier Paradis Beland,2020-07-31,2023-09-26,19,Senior Economist
Olivier Paradis-beland,Olivier Paradis Beland,2021-01-21,2021-01-21,1,Senior Economist
Olivier Pilon,Olivier Pilon,2021-06-07,2024-01-17,7,Press Secretary
Olivier Quirion,Olivier Quirion,2021-03-15,2025-02-25,27,Director
Olivier Quiron,Olivier Quirion,2023-12-06,2023-12-06,1,Director
Olivier Tremblay-venner,Oliver Tremblay-venneri,2025-03-20,2025-03-20,1,Legislative Assistant
Olivier Tremblay-venneri,Olivier Tremblay-venneri,2023-10-05,2024-03-06,3,Political Advisor
Olivier Vander Zaag,Olivier Vander Zaag,2014-03-04,2014-03-04,1,Special Assistant to the Minister of State
Olumoye Ajao,Olumoye Ajao,2023-11-01,2023-11-01,1,"Senior Engineer, Natural Gas and Hydrogen Division"
Oluwatobi Adeyinka,Oluwatobi Adeyinka,2024-12-11,2024-12-11,3,Sector Analyst
Omar Algahabra,Omar Algahabra,2018-03-12,2018-03-12,1,Member of Parliament
Omar Algahbra,Omar Algahbra,2018-10-18,2018-10-18,2,Parliamentary Secretary
Omar Alghaba,Omar Alghaba,2019-04-02,2019-04-02,1,Parliamentary Secretary
Omar Alghabra,Omar Alghabra,2016-02-01,2025-02-11,568,"Minister, Transport"
Omar Alghanbra,Omar Algahabra,2018-12-11,2018-12-11,1,Member of Parliament
Omar Alghbra,Omar Algahabra,2017-11-30,2017-11-30,1,Member of Parliament
Omar Ali,Omar Ali,2022-03-10,2022-03-10,1,"Policy Analyst, Recruitment and Development Program"
Omar Arana-lopez,Omar Arana-lopez,2016-05-24,2016-05-24,1,Constituency Assistant
Omar El Shayal,Omar El Shayal,2011-06-24,2011-06-24,1,Senior Trade Commissioner
Omar Lockhart,Omar Lockhat,2021-03-30,2021-03-30,1,Senior Manager
Omar Lockhat,Omar Lockhat,2020-01-21,2024-11-18,5,Senior Manager
Omar Najm,Omar Najm,2023-07-26,2023-07-26,1,Director General
Omar Rajabali,Omar Rajabali,2013-10-15,2024-02-21,22,Director General
Omar Sabry,Omar Sabry,2016-11-22,2019-04-26,9,Policy Advisor
Omar Subhani,Omar Subhani,2019-06-25,2021-03-04,4,"Director General, Digital Strategy"
Omar Tounekti,Omar Tounekti,2022-08-17,2022-08-17,1,"Manager, Gene Therapies Division"
Omer Aziz,Omer Aziz,2017-11-29,2017-11-29,1,Policy Advisor
Omer Boudreau,Omer Boudreau,2011-01-12,2011-03-25,2,Vice President
Omron Ghadban,Omron Ghadban,2024-02-14,2024-02-14,1,Senior Procurement Advisor
Opdam Peter,Opdam Peter,2022-12-02,2022-12-02,1,Senior Policy Advisor
Ophelia John,Ophelia John,2021-04-16,2025-02-25,86,Senior Policy Advisor
Ophelia Johnson,Ophelia Johnson,2022-09-23,2022-09-23,2,Policy Advisor
Ophilia John,Ophilia John,2022-04-21,2022-04-21,1,Policy Advisor
Orbach Miller Harry,Orbach Miller Harry,2024-07-29,2024-07-29,1,Policy Advisor and Senior Coordinator
Oren Cainer,Oren Cainer,2009-05-28,2015-01-16,80,Senior Policy Advisor
Oren Canier,Oren Canier,2014-11-17,2014-11-17,1,Deputy Chief of Staff
Orest Dykyj,Orest Dykyj,2021-07-14,2021-07-14,1,"Deputy Director, Climate Finance"
Orissa Lennie,Oryssia Lennie,2009-04-17,2009-04-17,1,Deputy Minister
Orli Joseph,Orli Joseph,2012-09-19,2013-06-11,3,Special Assistant
Oryssia Lennie,Oryssia Lennie,2009-02-10,2009-05-08,4,Deputy Minister
Oshada Mendis,Oshada Mendis,2018-08-14,2021-08-06,3,Science and Technology Advisor
Osman Naqvi,Osman Naqvi,2020-06-26,2025-01-29,27,Parliamentary Secretary
Osob Daar,Osob Daar,2022-07-19,2022-07-19,1,Senior Advisor
Osvaldo Sandoval,Osvaldo Sandoval,2023-06-19,2023-06-19,1,Policy Analyst
Oszren Jungic,Oszren Jungic,2021-12-14,2021-12-14,1,Policy Advisor to the Prime Minister
Otto Andrew,Otto Andrew,2009-11-11,2009-11-11,1,Senior Tax Policy Officer
Ouafa Benchekroun,Ouafa Benchekroun,2013-07-31,2013-07-31,1,"Senior Economist, Policy Analysis and Coordination"
Ouassim Meguellati,Ouassim Meguellati,2015-01-13,2015-01-27,2,Director General
Ouellett Annie,Ouellett Annie,2025-04-08,2025-04-08,1,Advisor
Oujjal Dosanjh,Oujjal Dosanjh,2011-03-02,2011-03-02,1,Health Critic
Oula Hreich,Oula Hreiche,2022-08-23,2022-08-23,1,Policy Analyst
Oula Hreiche,Oula Hreiche,2022-11-01,2023-05-04,2,Policy Analyst
Oula Sanduga,Oula Sanduga,2014-03-14,2014-03-14,1,Executive Assistant
Oussamah Tami,Oussamah Tami,2023-05-10,2023-05-10,1,Deputy Director
Oussamah Tamim,Oussamah Tamim,2023-06-15,2023-06-15,1,EduCanada Brand and Mission Support
Outhwaite Krista,Outhwaite Krista,2011-05-17,2011-05-17,1,Associate Deputy Minister
Owen Lippert,Owen Lippert,2008-08-15,2008-08-25,2,Senior Policy Advisor
Owen Mcadams,Owen Mcadams,2022-05-26,2024-12-06,18,Regional Advisor
Owen Parker,Owen Parker,2021-01-15,2021-07-22,2,Policy Analyst
Owen Ripley,Owen Ripley,2018-11-08,2024-10-08,127,Associate Assistant Deputy Minister
Owen Teo,Owen Teo,2012-10-10,2023-03-14,61,Director of Policy
Owen Thomas Ripley,Owen Thomas Ripley,2021-05-31,2021-05-31,1,Director General
Owen Wilson,Owen Wilson,2021-10-26,2022-03-04,2,Parliamentary Assistant
Owen Woodger,Owen Woodger,2023-01-19,2023-03-09,3,Acting Manager
Owen Yeo,Owen Yeo,2016-06-08,2016-06-08,1,Director of Policy
Oyundari Galsandorj,Oyundari Galsandorj,2014-10-14,2014-10-14,1,Trade Commissioner
Oz Junci,Oz Jungic,2021-12-30,2025-06-14,8,Policy Advisor
Oz Juncic,Oz Jungic,2025-02-21,2025-02-21,1,Policy Advisor
Oz Jungcic,Oz Jungcic,2019-11-29,2019-11-29,1,Policy Advisor
Oz Jungic,Oz Jungic,2019-05-15,2025-05-30,389,Policy Advisor
Oz Jungric,Oz Jungric,2023-09-14,2023-09-14,1,Advisor
Ozren Jungic,Ozren Jungic,2022-01-14,2024-12-20,6,Policy Advisor
