raw name,cleaned name,first_appearance,last_appearance,count,title
N'kem Odita,Nkem Odita,2020-12-17,2020-12-17,1,Policy Analyst
N.r. Beck,N.R. Beck,2010-11-17,2010-11-17,1,"Director, S&T"
Nabeel Abdullah,Nabeel Abdullah,2022-07-27,2024-02-28,42,Regional Advisor
Nabih Eldebs,Nabih Eldebs,2024-04-23,2025-02-20,4,Assistant Secretary to the Cabinet
Nabil Elasraoui,Nabil Elasraoui,2022-02-17,2022-02-17,1,Venture Capital Associate
Nabila Taha,Nabila Taha,2024-07-31,2024-07-31,1,Head of Risk Management
Nada Elnabelsya,Nada Elnabelsya,2023-05-02,2023-05-02,1,Policy Advisor
Nada Fadol,Nada Fadol,2023-06-20,2023-06-20,1,"Senior Policy Analyst, Space Exploration Policy"
Nada Seamaan,Nada Seeman,2017-09-25,2017-09-25,1,Associate Deputy Minister
Nada Seaman,Nada Seeman,2017-05-09,2017-05-09,1,Associate Deputy Minister
Nada Seeman,Nada Seeman,2009-01-08,2017-03-29,3,Associate Deputy Minister
Nada Semaan,Nada Semaan,2009-04-28,2023-12-18,65,Associate Deputy Minister
Nada Sleeman,Nada Sleeman,2017-02-15,2017-02-15,1,Deputy Minister
Nada Vrancy,Nada Vrancy,2020-06-11,2020-06-11,1,Director
Nada Vrany,Nada Vrany,2008-07-22,2025-02-13,109,Director General
Nadean Langlois,Nadean Langlois,2014-08-26,2020-12-17,5,"Director General, Operations"
Nadege Adam,Nadege Adam,2016-06-29,2016-06-29,1,"Director, Communication"
Nader Daher,Nader Daher,2021-03-02,2021-03-02,1,Policy Analyst
Nadia Ahmad,Nadia Ahmad,2014-10-30,2015-12-07,8,Director General
Nadia Bouffard,Nadia Bouffard,2016-06-28,2018-10-31,3,"Director General, External Relations"
Nadia Bourely,Nadia Bourely,2013-05-09,2023-05-19,9,Director
Nadia Bourley,Nadia Bourley,2022-03-14,2022-05-24,2,Minister Counsellor
Nadia Burger,Nadia Burger,2022-05-16,2022-05-16,1,Ambassador to Indonesia
Nadia Christie,Nadia Christie,2017-11-21,2022-11-02,2,Acting Director
Nadia Fakri,Nadia Kadri,2022-10-26,2022-10-26,1,Director of Policy
Nadia Gilbert,Nadia Gilbert,2016-11-23,2024-03-08,3,"Director, Multilateral Affairs"
Nadia Hadj Mohamed,Nadia Hadj Mohamed,2016-11-22,2025-03-21,101,Policy Advisor
Nadia Hadj Mohammed,Nadia Hadj Mohammed,2018-09-27,2018-09-27,1,"Policy Advisor, Office of the Minister of International Development"
Nadia Hadj-mohamed,Nadia Hadj-mohamed,2017-06-28,2021-03-11,6,Policy Advisor
Nadia Hadj-mohammed,Nadia Hadj Mohamed,2018-02-19,2021-02-25,2,Policy Advisor
Nadia Hadjmohamed,Nadia Hadjmohamed,2019-12-18,2021-04-28,3,"Policy Advisor, Office of the Minister of Foreign Affairs"
Nadia Hamidi,Nadia Hamidi,2023-10-13,2023-11-10,2,Advisor
Nadia Hamoui,Nadia Hamoui,2023-07-19,2023-08-10,2,Policy Advisor
Nadia Kadri,Nadia Kadri,2017-04-20,2025-03-30,241,Director of Policy
Nadia Kadria,Nadia Kadria,2021-05-20,2021-05-20,1,Policy Advisor
Nadia Kadry,Nadia Kadri,2024-03-14,2024-04-30,3,Director of Policy
Nadia Khadri,Nadia Khadri,2021-05-18,2024-10-22,7,Director of Policy
Nadia Lombardi,Nadia Lombardi,2020-05-12,2020-05-12,1,Manager
Nadia Marceau,Nadia Marceau,2019-05-03,2019-05-03,2,Advisor
Nadia Scipio Del Campo,Nadia Scipio Del Campo,2018-10-31,2018-10-31,1,Deputy Director
Nadia St-louis,Nadia St-louis,2020-08-25,2020-08-25,1,Senior Program Analyst
Nadia Theodore,Nadia Theodore,2014-02-11,2024-09-10,53,Director
Nadim Kara,Nadim Kara,2022-09-21,2023-07-21,2,Deputy Director
Nadin Nanji,Nadin Nanji,2019-05-28,2019-05-28,1,Deputy Director
Nadine Beloin,Nadine Beloin,2021-11-19,2021-11-19,1,Senior Industry Development Officer
Nadine Bertrand,Nadine Bertrand,2014-11-20,2014-11-20,1,Parliamentary Secretary
Nadine Bourdeau,Nadine Bourdeau,2022-08-15,2022-08-15,1,Regional Regulatory Compliance and Enforcement Specialist
Nadine Caron,Nadine Caron,2018-10-02,2018-10-02,1,Member
Nadine Charest,Nadine Charest,2019-02-25,2024-01-16,6,Senior Trade Policy Officer
Nadine Crookes,Nadine Crookes,2016-05-03,2017-12-20,4,"Director, Natural Resource Conservation Branch"
Nadine Foster,Nadine Foster,2020-11-24,2022-06-16,2,Senior Policy Advisor
Nadine Gros-louie,Nadine Gros-louie,2023-04-06,2023-04-06,1,"Director, Parliamentary Affairs"
Nadine Gros-louis,Nadine Gros-louis,2023-03-13,2023-12-06,4,Staffer to Senator
Nadine Huggins,Nadine Huggins,2018-12-04,2022-05-10,3,"Executive Director, People Management and Community Engagement"
Nadine Leblanc,Nadine Leblanc,2020-04-27,2025-05-06,56,Senior Vice President
Nadine Lenlanc,Nadine Lenlanc,2022-05-24,2022-05-24,1,Senior Vice President
Nadine Nickner,Nadine Nickner,2017-05-04,2023-07-15,3,Assistant Director
Nadine Niles,Nadine Niles,2015-07-08,2015-07-08,1,Senior Compliance Engineer
Nadine Ramadan,Nadine Ramadan,2021-05-19,2024-07-11,5,Director of Communications
Nadine Roy,Nadine Roy,2022-02-14,2022-02-14,1,Chief Information Officer
Nadine Sivak,Nadine Sivak,2022-10-27,2022-10-27,1,Regional Manager
Nadine Spence,Nadine Spence,2023-09-03,2024-10-10,5,"Vice President, Indigenous Affairs and Cultural Heritage"
Nadine Stiller,Nadine Stiller,2021-12-03,2023-10-24,5,"Executive Director, Freshwater"
Nadir Patel,Nadir Patel,2008-12-16,2021-02-03,25,High Commissioner
Nadja Schauer,Nadja Schauer,2025-03-24,2025-03-24,1,Counsellor (Commercial) and Senior Trade Commissioner
Nadveep Bains,Nadveep Bains,2016-01-15,2016-01-15,1,Member of Parliament
Nafis Karim,Nafis Karim,2020-06-08,2021-04-26,2,Advisor to Assistant Deputy Minister
Naik Eshan,Naik Eshan,2023-09-01,2023-09-01,1,Director of Policy
Nail Mckenna,Nail Mckenna,2020-01-30,2020-01-30,1,Special Assistant
Naila Mahmood,Naila Mahmood,2017-08-15,2017-08-15,1,Communications and Outreach Assistant
Naim Nahza,Naim Nahza,2018-10-29,2018-10-29,1,Executive Director
Naim Nazha,Naim Nazha,2013-11-25,2022-02-14,9,"Executive Director, Navigation Safety and Environmental Programs"
Naina Sloan,Naina Sloan,2012-07-24,2024-11-29,66,Assistant Deputy Minister
Naina Thoppil,Naina Thoppil,2024-01-15,2024-08-12,3,Deputy Director
Naino Sloan,Naino Sloan,2021-05-06,2021-05-06,1,Assistant Deputy Minister
Nakeshia Atke,Nakeshia Atke,2023-05-11,2023-05-11,1,Senior Policy Advisor
Nakeshia Atkey,Nakeshia Atkey,2021-04-14,2021-06-20,2,Regulatory Advisor
Nalan Yuksel,Nalan Yuksel,2013-02-26,2013-02-26,1,Advisor
Namir Anani,Namir Anani,2009-02-12,2009-02-12,1,Executive Director
Nan Duan,Nan Duan,2011-10-19,2011-10-19,1,Trade Commissioner
Nana Kwamena,Nana Kwamena,2023-05-30,2023-05-30,1,Director
Nana Tanaka,Nana Tanaka,2023-05-25,2023-05-25,1,Assistant Director
Nanao Kachi,Nanao Kachi,2013-07-11,2023-11-01,4,"Director, Social and Consumer Policy"
Nancie Villeneuve,Nancie Villeneuve,2020-10-05,2023-05-26,5,Regional Director
Nancy Althot,Nancy Althot,2017-07-10,2017-07-10,1,Executive Assistant
Nancy Ames,Nancy Ames,2017-10-26,2017-11-01,2,Research Scientist
Nancy Baker,Nancy Baker,2008-07-08,2015-03-26,28,Policy Advisor
Nancy Belanger,Nancy Belanger,2018-02-13,2021-04-21,4,Commissioner of Lobbying
Nancy Bernard,Nancy Bernard,2018-02-13,2022-07-18,2,Trade Commissioner
Nancy Bishay,Nancy Bishay,2010-06-02,2019-05-16,10,Director of Strategic Planning
Nancy Bishy,Nancy Bishy,2010-04-28,2010-04-28,1,Press Secretary
Nancy Bisson,Nancy Bisson,2013-07-17,2013-07-17,1,Executive Assistant
Nancy Boucher,Nancy Boucher,2019-06-10,2019-06-10,2,Chief of Staff
Nancy Brassard Fortin,Nancy Brassard Fortin,2017-05-02,2017-05-02,1,Staffer
Nancy Brassard-fortin,Nancy Brassard-fortin,2018-02-05,2018-02-05,1,Assistant to Member of Parliament
Nancy C Raine,Nancy Raine,2013-06-06,2013-06-06,1,Senator
Nancy C Seymour,Nancy C Seymour,2022-06-07,2022-06-07,1,Manager
Nancy C. Raine,Nancy C. Raine,2016-04-14,2016-04-14,1,Member of Parliament
Nancy Carpenter,Nancy Carpenter,2012-05-18,2012-05-18,1,Senior Advisor
Nancy Chahwan,Nancy Chahwan,2013-03-11,2021-10-28,13,Chief Human Resources Officer
Nancy Cheng,Nancy Cheng,2009-10-09,2016-03-15,4,Assistant Auditor General
Nancy D'agostino,Nancy Dagostino,2019-03-28,2019-03-28,1,Director
Nancy Dube,Nancy Dube,2008-08-06,2009-04-02,2,Special Assistant
Nancy Faraday,Nancy Faraday,2013-05-28,2013-05-28,1,Manager
Nancy Faraday-smith,Nancy Faraday-smith,2017-04-27,2018-06-06,10,Manager
Nancy Fitchett,Nancy Fitchett,2021-12-02,2023-04-20,14,Vice President and Chief Financial Officer
Nancy Fraser,Nancy Fraser,2020-05-19,2020-08-18,3,Executive Assistant
Nancy Gardiner,Nancy Gardiner,2016-10-07,2025-06-04,116,President
Nancy Gardner,Nancy Gardiner,2025-01-22,2025-01-22,1,President
Nancy Gauthier,Nancy Gauthier,2019-05-01,2019-05-01,1,Vice President
Nancy Green,Nancy Green,2013-05-30,2014-10-01,2,Senator
Nancy Green Raine,Nancy Greene Raine,2012-11-01,2018-04-25,8,Senator
Nancy Green-raine,Nancy Greene Raine,2012-10-16,2016-10-18,4,Senator
Nancy Greene Raine,Nancy Greene Raine,2010-09-28,2018-04-25,65,Senator
Nancy Greene-raine,Nancy Greene Raine,2011-07-21,2017-02-12,11,Senator
Nancy Hamsawi,Nancy Hamsawi,2020-02-05,2020-02-05,1,Assistant Deputy Minister
Nancy Hamzawi,Nancy Hamzawi,2010-12-14,2025-01-21,136,Assistant Deputy Minister
Nancy Hamzowi,Nancy Hamzowi,2017-07-18,2017-09-22,3,Director General
Nancy Harling,Nancy Hartling,2020-08-04,2020-08-04,1,Senator
Nancy Harris,Nancy Harris,2013-10-08,2022-12-20,3,Director General
Nancy Hartling,Nancy Hartling,2017-10-24,2024-07-22,40,Senator
Nancy Healey,Nancy Healey,2021-07-29,2024-10-17,54,"Commissioner, Employers"
Nancy Healy,Nancy Healy,2021-09-01,2023-04-21,5,"Commissioner, Employers"
Nancy Hector,Nancy Hector,2018-10-31,2019-01-28,2,Deputy Director
Nancy Horseman,Nancy Horsman,2009-09-09,2016-05-09,3,Assistant Deputy Minister
Nancy Horsman,Nancy Horsman,2009-08-19,2016-07-26,123,Assistant Deputy Minister
Nancy Johns,Nancy Johns,2019-01-14,2020-01-30,4,"Chief, Industry Partnerships"
Nancy Karetak-lindell,Nancy Karetak-lindell,2025-02-18,2025-04-10,2,Senator
Nancy Kearnan,Nancy Kearnan,2013-11-18,2019-01-22,2,"Director General, Northern Governance"
Nancy Kingsbury,Nancy Kingsbury,2020-06-15,2023-11-06,2,Senior Policy Advisor and Project Manager
Nancy Klenavic,Nancy Klenavic,2010-12-14,2013-02-01,2,"Assistant Deputy Minister, Special Advisor"
Nancy Kyte,Nancy Kyte,2017-05-18,2017-11-21,3,Senior Portfolio Manager
Nancy Laberge,Nancy Laberge,2013-05-13,2013-05-13,1,"Trade Commissioner, Consumer Products"
Nancy Laflamme,Nancy Laflamme,2017-11-01,2017-11-01,1,Project Officer
Nancy Lu,Nancy Lu,2023-11-06,2023-11-06,1,Business Officer
Nancy Macartney,Nancy Macartney,2010-01-28,2010-01-28,1,Senior Advisor
Nancy Mackinnon,Nancy Mackinnon,2018-10-29,2018-10-29,1,Policy Analyst
Nancy Mann,Nancy Mann,2010-12-16,2011-03-09,2,Industrial Technology Advisor
Nancy Mccarthy,Nancy Mccarthy,2024-03-06,2025-03-05,4,Implementation Officer
Nancy Miller,Nancy Miller,2024-05-29,2024-05-29,1,Acting Assistant Deputy Minister
Nancy Milroy Swainson,Nancy Milroy-swainson,2013-05-16,2014-01-23,4,Director General
Nancy Milroy-swainson,Nancy Milroy-swainson,2009-09-10,2019-04-25,23,Director General
Nancy Nancy Faraday-smith,Nancy Nancy Faraday-smith,2018-05-08,2018-05-08,1,Acting Director
Nancy Othmer,Nancy Othmer,2019-10-15,2023-05-03,2,Assistant Deputy Minister
Nancy Pond,Nancy Pond,2024-05-01,2024-05-01,1,Resource Manager
Nancy Porteous,Nancy Porteous,2014-12-03,2019-05-02,2,Director General
Nancy Rain Green,Nancy Raine (greene,2016-05-31,2016-05-31,1,Senator
Nancy Raine,Nancy Raine,2011-07-21,2017-12-07,18,Senator
Nancy Raine (greene,Nancy Raine (greene,2011-06-07,2011-06-07,1,Senator
Nancy Ready,Nancy Ready,2018-09-18,2018-09-18,1,Senior Policy Advisor
Nancy Rheault,Nancy Rheault,2024-04-17,2025-02-24,3,Senior Director
Nancy Roberts,Nancy Roberts,2011-11-01,2011-11-01,1,"Director General, Intergovernmental Relations"
Nancy Ruth,Nancy Ruth,2010-10-19,2016-11-29,19,Senator
Nancy Seymour,Nancy Seymour,2015-03-25,2023-11-21,8,Manager
Nancy Shaw,Nancy Shaw,2011-03-03,2013-02-14,2,Executive Assistant
Nancy Smith,Nancy Smith,2017-04-24,2017-04-24,1,Senior Policy Advisor
Nancy Smyth,Nancy Smyth,2016-10-18,2018-09-17,6,Director General
Nancy Stonelake,Nancy Stonelake,2009-03-17,2009-03-17,1,Industrial Technology Advisor
Nancy Thornton,Nancy Thornton,2018-07-10,2018-07-10,1,Senior Policy Advisor
Nancy Tremblay,Nancy Tremblay,2017-11-08,2025-06-11,58,Associate Assistant Deputy Minister
Nancy Vachon,Nancy Vachon,2021-01-15,2021-01-15,1,Manager
Nancy Webster Cole,Nancy Webster Cole,2008-07-24,2009-04-20,7,"Senior Manager, Telemarketing Regulations"
Nancy Xue,Nancy Xue,2018-11-19,2019-05-06,4,Parliamentary Assistant
Nanda Yash,Nanda Yash,2024-01-26,2024-01-26,1,Policy Advisor
Nanki Signh,Nanki Signh,2021-07-08,2021-07-08,1,Executive Assistant
Nanki Singh,Nanki Signh,2021-07-20,2021-07-20,1,Executive Assistant
Nanveet Khinda,Nanveet Khinda,2016-11-17,2018-02-06,4,"Special Assistant, Policy"
Naoko Hawkins,Naoko Hawkins,2022-09-07,2022-09-07,1,Policy Analyst
Naomi Christensen,Naomi Christensen,2011-09-23,2012-03-01,3,Parliamentary Secretary Assistant
Naomi Ingabire,Naomi Ingabire,2024-08-09,2024-08-09,1,"Policy Advisor, Digital Media and Distribution"
Naomi Katsumi,Naomi Katsumi,2012-07-24,2024-06-04,5,"Senior Advisor, Marine Air Emissions"
Naomi Pelletier,Naomi Pelletier,2012-07-12,2013-04-03,9,Policy Advisor
Naomi Sterling,Naomi Sterling,2022-06-15,2022-06-15,1,Deputy Director
Naqiyah Telia,Naqiyah Telia,2022-05-17,2023-04-04,5,Staffer
Naran Leseigneur,Naran Leseigneur,2025-02-17,2025-02-17,1,Staffer to Minister
Nardia Ali,Nardia Ali,2021-08-06,2023-03-30,2,Manager
Naresh Raghubeer,Nouresh Raghubeer,2013-05-09,2013-05-09,1,Policy Advisor
Naresh Singh,Naresh Singh,2009-06-04,2011-06-02,7,Acting Vice President
Narinder Grewal,Narinder Grewal,2015-04-22,2015-04-22,1,Member of Parliament
Naseer Malik,Naseer Malik,2018-02-07,2018-02-07,1,Constituency Assistant
Naser Jan,Naser Jan,2024-03-11,2024-03-11,1,Policy Analyst
Nash Ann,Nash Ann,2011-08-25,2011-08-25,1,Associate Director
Nash Yanda,Nash Yanda,2022-08-02,2022-08-02,1,Staff
Nashina Shariff,Nashina Shariff,2018-08-29,2024-09-10,19,Manager
Nashira Popovic,Nashira Popovic,2024-09-16,2024-09-16,1,"Manager, STBBI Estimates and Field Surveillance Section"
Nasir Ebrahimkhail,Nasir Ebrahimkhail,2024-01-29,2024-06-12,2,Senior Development Officer
Nasra Nejatian,Nasra Nejatian,2012-06-05,2012-06-05,1,"Director, Strategic Planning"
Nasser Haidar,Nasser Haidar,2020-02-19,2025-03-03,6,Parliamentary Assistant
Nasser Haider,Nasser Haider,2023-11-07,2024-09-26,2,Advisor
Nassima Zobir Bouguerba,Nassima Zobir Bouguerba,2024-07-17,2025-03-27,2,"Director General, Marine Services and Small Vessels"
Natacha Engel,Natacha Engel,2017-09-22,2021-11-24,131,Senior Policy Advisor
Natacha Engels,Natacha Engel,2020-07-10,2020-07-10,1,Senior Policy Advisor
Natacha Engle,Natacha Engel,2020-05-21,2020-05-21,1,Senior Policy Advisor
Natahalie Podeszfinski,Natahalie Podeszfinski,2009-11-13,2009-11-13,1,Policy Advisor and Special Assistant
Natahniel Mullin,Natahniel Mullin,2020-05-11,2020-05-11,1,Senior Regional Advisor
Natalia Jankowski,Natalia Jankowski,2012-06-11,2012-06-11,1,Assistant
Natalia Koop,Natalia Koop,2023-05-30,2023-10-03,2,"Acting Director, Governance"
Natalia Riquelme,Natalia Riquelme,2020-05-14,2020-08-18,4,Chief of Staff
Natalia Uscinowicz,Natalia Uscinowicz,2021-12-15,2021-12-15,1,Senior Supervisor
Natalia Ward,Natalia Ward,2018-06-18,2018-06-18,1,Senior Economist
Natalia Zhou,Natalia Zhou,2022-09-26,2024-10-16,57,"Regional Advisor, West and North"
Natalie Austin,Natalie Austin,2024-04-03,2024-04-03,1,"Manager, National Marine Conservation Area Establishment"
Natalie Bechamp,Natalie Bechamp,2017-04-21,2017-04-21,1,Acting Director General
Natalie Bosse,Natalie Bosse,2019-11-06,2021-05-15,2,Director General
Natalie Boulay,Natalie Boulay,2019-08-28,2019-08-28,1,"Lead, Digital Technologies Supercluster"
Natalie Brett,Natalie Brett,2023-06-07,2023-06-07,1,"Manager, Indigenous Sport"
Natalie Clayton,Natalie Clayton,2011-05-31,2017-12-07,2,Director
Natalie Dillon,Natalie Dillon,2023-03-09,2023-11-23,3,Policy Advisor
Natalie Dolan,Natalie Dolan,2012-06-06,2023-01-19,21,"Director, Rail Policy"
Natalie Duhamed,Natalie Duhamed,2021-12-02,2021-12-02,1,Senior Constituency Advisor
Natalie Duhamel,Natalie Duhamel,2016-01-08,2020-01-23,3,Executive Assistant
Natalie Dupont,Natalie Dupont,2022-10-03,2022-10-03,1,Manager
Natalie Edwardson,Natalie Edwardson,2022-06-13,2022-10-26,2,Senior Policy Manager
Natalie Essiembre,Natalie Essiembre,2019-04-07,2019-04-07,1,Parliamentary Affairs Advisor
Natalie Fay,Natalie Fay,2022-06-08,2022-06-08,1,Senior Communications Advisor
Natalie Fernandes,Natalie Fernandes,2024-06-14,2024-08-19,2,Senior Policy Officer
Natalie Fletcher,Natalie Fletcher,2011-02-25,2017-02-15,10,Senior Policy Advisor
Natalie Frank,Natalie Frank,2021-02-03,2021-06-10,2,Director
Natalie Fraser,Natalie Fraser,2024-06-26,2024-07-04,2,Manager | Senior Policy Advisor
Natalie Gahimbare,Nathalie Gahimbare,2021-05-20,2021-05-20,1,Policy Advisor
Natalie Gendron,Natalie Gendron,2012-06-05,2012-06-05,1,"Assistant Director, CIHR"
Natalie Gravelle,Natalie Gravelle,2024-11-27,2024-11-27,1,Acting Director
Natalie Hall,Natalie Hall,2014-12-10,2014-12-10,1,"Manager, Communications and Media Relations"
Natalie Halpenny,Natalie Halpenny,2013-05-08,2013-05-08,1,Staffer
Natalie Knox,Natalie Knox,2023-01-04,2024-10-03,3,Director
Natalie Lamarche,Natalie Lamarche,2024-12-03,2024-12-03,1,Project Coordinator
Natalie Mcgee,Natalie Mcgee,2018-08-31,2019-06-25,3,Executive Director
Natalie Morin,Natalie Morin,2018-02-27,2020-07-10,2,Director General
Natalie Ouimet,Natalie Ouimet,2014-11-20,2015-02-26,4,Parliamentary Assistant
Natalie Page,Natalie Page,2022-02-22,2024-02-13,7,Director General
Natalie Pennefather,Natalie Pennefather,2024-07-04,2024-11-20,3,"Director, Lands and Economic Development"
Natalie Podefzfinfki,Natalie Podefzfinfki,2010-12-09,2010-12-09,1,Director of Policy
Natalie Saint-denis,Natalie Saint-denis,2016-06-29,2016-06-29,1,Chief of Staff
Natalie Sinclair-desgagne,Nathalie Sinclair-desgagne,2022-02-01,2022-02-24,2,Member of Parliament
Natalie Spagnuolo,Natalie Spagnuolo,2023-10-23,2023-10-23,1,Senior Policy Analyst
Natalie St Lawrence,Natalie St Lawrence,2017-04-11,2017-04-11,1,Director
Natalie St-denis,Natalie St-denis,2016-06-29,2016-09-08,2,Special Assistant
Natalie St. Lawrence,Natalie St. Lawrence,2017-06-12,2025-02-24,7,Director General
Natalie Tessier,Natalie Tessier,2022-03-25,2023-09-27,2,Senior Veterinary Officer
Natalie Theberge,Nathalie Theberge,2015-10-14,2024-12-04,2,Director General
Natalie Therault,Natalie Therault,2022-11-29,2022-11-29,1,Director General
Natalie Theriault,Natalie Theriault,2017-02-16,2024-11-27,24,Executive Director
Natalie Verdon-chu,Natalie Verdon-chu,2022-10-14,2022-10-14,1,Project Manager
Natalie Woodcock,Natalie Woodcock,2017-03-24,2017-06-12,4,Executive Assistant
Natalie Woodland,Natalie Woodland,2024-01-11,2025-05-29,26,"Regional Advisor, Ontario"
Natalie Zhou,Natalie Zhou,2023-10-26,2023-10-26,1,"Regional Advisor, West and North"
Natalka Cmoc,Natalka Cmoc,2018-10-12,2023-08-30,16,Senior Director General
Natasa Forte,Natasa Forte,2024-02-05,2024-02-05,1,Policy Advisor
Natascha Barone-mcnabb,Natascha Barone-mcnabb,2023-03-22,2024-02-02,4,Special Advisor
Natascha Barron-mcnabb,Natascha Barron-mcnabb,2022-09-28,2023-10-04,9,Special Advisor
Natascha Kochhar,Natascha Kochhar,2024-07-15,2024-07-15,1,Atlantic Regional Advisor
Natasha Cortes,Natasha Cortes,2025-02-19,2025-02-19,1,Trade Policy Officer
Natasha Entwistle,Natasha Entwistle,2016-07-13,2024-10-23,6,Parliamentary Affairs Advisor
Natasha Enwistle,Natasha Enwistle,2022-10-14,2022-10-14,2,"Director, Parliamentary Affairs"
Natasha Faruqui,Natasha Faruqui,2020-08-12,2020-08-12,1,Manager
Natasha Kay Brenders,Natasha Kay Brenders,2014-09-22,2014-09-22,1,Vice President
Natasha Khan,Natasha Khan,2018-04-25,2018-04-25,1,"Director, Regulatory Policy"
Natasha Kim,Natasha Kim,2017-11-02,2025-05-28,142,Assistant Deputy Minister
Natasha Kocchar,Natascha Kochhar,2024-01-18,2024-01-18,1,Atlantic Regional Advisor
Natasha Kochar,Natascha Kochhar,2024-09-25,2024-09-25,1,Atlantic Regional Advisor
Natasha Kochhar,Natasha Kochhar,2023-10-23,2024-11-12,27,Atlantic Regional Advisor
Natasha Kochlar,Natasha Kochlar,2024-01-24,2024-01-24,1,Regional Affairs Advisor
Natasha Kornak,Natasha Kornak,2018-06-29,2018-06-29,1,Staffer
Natasha Leclerc,Natasha Leclerc,2014-12-01,2014-12-01,1,Legal Counsel
Natasha Lepur,Natasha Lepur,2019-04-04,2022-10-27,5,Office Administrator
Natasha Levesque-hill,Natasha Levesque-hill,2023-07-26,2023-07-26,1,Director General
Natasha Manjii,Natasha Manjii,2017-09-07,2017-09-07,1,Advisor
Natasha Montemurro,Natasha Montemurro,2024-07-23,2024-07-23,1,Director of Policy
Natasha Pateman,Natasha Pateman,2015-03-18,2024-03-01,3,Director
Natasha Rascanin,Natasha Rascanin,2011-02-23,2018-09-25,27,Assistant Deputy Minister
Natasha Rascannin,Natasha Rascanin,2016-04-14,2016-04-14,1,Assistant Deputy Minister
Natasha Reimer,Natasha Reimer,2022-03-18,2023-02-09,6,Policy Advisor
Natasha Rende,Natasha Rende,2024-10-29,2024-10-29,1,"Director, Programs"
Natasha Roebuck,Natasha Roebuck,2013-11-27,2013-11-27,1,Staffer
Natasha Rowbuck,Natasha Roebuck,2013-11-27,2013-11-27,1,Staffer
Natasha Tascanin,Natasha Rascanin,2018-11-14,2018-11-14,1,Assistant Deputy Minister
Natasha Van Bentum,Natasha Van Bentum,2024-03-14,2024-03-14,1,Outreach Advisor
Nate Erskine Smith,Nate Erskine Smith,2019-12-17,2019-12-17,1,Member of Parliament
Nate Erskine-smith,Nate Erskine Smith,2018-08-28,2018-08-28,1,Member of Parliament
Nate Feldman,Nate Feldman,2024-12-10,2024-12-10,1,Parliamentary Secretary
Nathacha Engel,Natacha Engel,2020-03-12,2020-03-12,1,Senior Policy Advisor
Nathalie Altherr,Nathalie Altherr,2021-06-07,2021-06-07,1,Executive Assistant to Assistant Deputy Minister
Nathalie Bechamp,Nathalie Bechamp,2017-01-26,2024-03-15,7,Chief of Investor Services
Nathalie Belliveau,Nathalie Belliveau,2017-06-12,2017-06-12,1,Director
Nathalie Bergeron,Nathalie Bergeron,2021-04-09,2023-03-03,5,Senior Policy Advisor
Nathalie Bertrand,Nathalie Bertrand,2025-01-29,2025-01-29,1,Associate Assistant Deputy Minister
Nathalie Bouchard,Nathalie Bouchard,2022-05-04,2022-05-04,1,"Deputy Director, Analysis, Intelligence and Data Collaboration"
Nathalie Brault,Nathalie Brault,2021-06-17,2021-06-30,3,Senior Director
Nathalie Charette,Nathalie Charette,2018-11-01,2018-11-01,2,Manager
Nathalie Clayton,Nathalie Clayton,2011-03-07,2011-03-29,2,Senior Policy Advisor
Nathalie Cote,Nathalie Cote,2024-07-12,2024-07-12,2,Chief of Staff
Nathalie Couture,Nathalie Couture,2021-03-11,2021-03-11,1,Senior Policy Advisor
Nathalie Dagg,Nathalie Dagg,2024-10-02,2024-10-02,1,Manager
Nathalie Deslauriers,Nathalie Deslauriers,2022-11-16,2024-10-04,3,Executive Director
Nathalie Desrochers,Nathalie Desrochers,2023-09-12,2024-07-15,6,Senior Program Officer
Nathalie Drouin,Nathalie Drouin,2017-03-03,2023-12-20,13,Deputy Clerk
Nathalie Dube,Nathalie Dube,2016-05-20,2024-06-18,4,Director General
Nathalie Duran,Nathalie Duran,2009-02-12,2009-02-12,1,Policy Analyst
Nathalie Durand,Nathalie Durand,2009-02-26,2022-08-10,23,Executive Director
Nathalie Fletcher,Natalie Fletcher,2012-04-18,2013-11-27,2,Senior Policy Advisor
Nathalie Fleury,Nathalie Fleury,2021-01-13,2023-01-20,2,"Director, Constituency Office"
Nathalie Fortin,Nathalie Fortin,2024-11-11,2024-11-11,1,Administrative Assistant
Nathalie G. Drouin,Nathalie G. Drouin,2020-01-30,2025-01-30,22,Deputy Clerk of the Privy Council and Associate Secretary
Nathalie Gagnon,Nathalie Gagnon,2016-09-08,2023-02-16,2,Project Manager
Nathalie Gahibare,Nathalie Gahimbare,2022-08-03,2022-08-03,1,Policy Advisor
Nathalie Gahimbara,Nathalie Gahimbare,2021-06-02,2021-06-02,1,Policy Advisor
Nathalie Gahimbare,Nathalie Gahimbare,2020-06-22,2023-06-26,76,Policy Advisor
Nathalie Gamhbiare,Nathalie Gamhbiare,2022-05-05,2022-05-05,1,Policy Clerk
Nathalie Gendron,Nathalie Gendron,2010-10-04,2010-10-04,1,Assistant Director
Nathalie Gour,Nathalie Gour,2024-10-08,2025-05-29,2,Director General
Nathalie Guay,Nathalie Guay,2016-01-12,2017-05-23,14,Senior Special Assistant
Nathalie Jackson,Nathalie Jackson,2015-05-07,2015-05-07,1,Analyst
Nathalie Kachulis,Nathalie Kachulis,2017-08-22,2017-08-22,1,Director General
Nathalie Kauffeldt,Nathalie Kauffeldt,2022-06-15,2023-06-06,2,Executive Director
Nathalie L'ecuyer,Nathalie Lecuyer,2024-11-20,2024-11-20,1,"Manager, Band Creation and Membership"
Nathalie Laliberte,Nathalie Laliberte,2019-05-01,2019-05-01,1,Vice President
Nathalie Lambert,Nathalie Lambert,2018-03-28,2018-03-28,1,"Director, Global Accounts"
Nathalie Leroux,Nathalie Leroux,2015-02-13,2023-08-22,8,Director General
Nathalie Levman,Nathalie Levman,2016-06-06,2024-11-26,13,Counsel
Nathalie Manseau,Nathalie Manseau,2017-05-29,2017-05-29,1,Acting Director
Nathalie Martel,Nathalie Martel,2019-04-25,2019-04-25,1,Director
Nathalie Martel-walsh,Nathalie Martel-walsh,2014-11-20,2018-05-08,3,Parliamentary Assistant
Nathalie Martineau,Nathalie Martineau,2018-07-24,2024-06-19,2,"Assistant Director, Supervision"
Nathalie Matineau,Nathalie Matineau,2024-03-13,2024-03-13,1,Assistant Director
Nathalie Meilleur,Nathalie Meilleur,2024-11-21,2024-11-21,1,Assistant Commissioner and Chief Audit Executive
Nathalie Montpetit,Nathalie Montpetit,2023-10-23,2024-12-16,3,Constituency Assistant
Nathalie Morin,Nathalie Morin,2018-04-17,2022-11-28,32,Executive Director
Nathalie Nepton,Nathalie Nepton,2025-02-26,2025-02-26,1,Director General
Nathalie Nercessian,Nathalie Nercessian,2017-11-08,2017-11-08,1,Trade Commissioner
Nathalie Normandin,Nathalie Normandin,2020-02-06,2020-02-06,2,Member of Parliament
Nathalie Nye,Nathalie Nye,2023-11-15,2024-11-25,11,Director General
Nathalie Peloquin,Nathalie Peloquin,2019-05-24,2019-05-24,1,"Chief, Research Development, Promotion and Coordination"
Nathalie Pennefather,Natalie Pennefather,2024-12-03,2024-12-03,1,"Director, Lands and Economic Development"
Nathalie Perron,Nathalie Perron,2021-03-26,2021-03-26,1,Director
Nathalie Podeszfinski,Nathalie Podeszfinski,2008-08-11,2019-04-01,22,Policy Advisor and Special Assistant
Nathalie Poirier-miznon,Nathalie Poirier-mizon,2023-10-30,2023-10-30,1,Director
Nathalie Poirier-mizon,Nathalie Poirier-mizon,2020-09-30,2021-06-17,2,Director
Nathalie Quann,Nathalie Quann,2023-06-22,2023-06-22,1,Principal Analyst
Nathalie Rainville,Nathalie Rainville,2014-10-22,2021-07-14,2,Gender Equality Specialist
Nathalie Roberge,Nathalie Roberge,2019-04-16,2019-04-16,1,"Director, Issues Management"
Nathalie Robillard,Nathalie Robillard,2009-12-30,2009-12-30,1,Senior Advisor
Nathalie Ross,Nathalie Ross,2019-09-04,2022-06-15,4,"Senior Policy Advisor, Science"
Nathalie Rouleau,Nathalie Rouleau,2016-12-01,2016-12-08,2,"Advisor, Industrial Technology"
Nathalie Sinclair-desgagne,Nathalie Sinclair-desgagne,2021-11-11,2025-03-12,24,Member of Parliament
Nathalie Sinclair-desgagnes,Nathalie Sinclair-desgagne,2021-11-15,2021-11-15,1,Member of Parliament
Nathalie Skov,Nathalie Skov,2020-04-28,2022-11-16,2,Manager
Nathalie Theberge,Nathalie Theberge,2015-10-14,2025-04-08,35,Director General
Nathalie Theriault,Natalie Theriault,2024-03-22,2024-03-22,1,Executive Director
Nathalie Valdes,Nathalie Valdes,2016-01-21,2016-01-21,1,Senior Policy Advisor
Nathalie Vanasse,Nathalie Vanasse,2014-11-28,2014-11-28,1,"Director, Council Operations and Communications"
Nathalie Verville,Nathalie Verville,2022-08-02,2022-08-02,1,Chief of Staff
Nathalie Woodland,Natalie Woodland,2024-05-01,2024-12-11,3,"Regional Advisor, Ontario"
Nathalie Zhou,Nathalie Zhou,2022-10-24,2022-10-24,1,Parliamentary Assistant
Nathan Besner,Nathan Besner,2019-04-23,2019-04-23,1,"Special Assistant to the Minister, Innovation, Science and Economic Development"
Nathan Bessnar,Nathan Bessnar,2020-04-23,2020-04-23,1,Policy Advisor
Nathan Bessner,Nathan Bessner,2019-05-07,2024-06-28,135,Policy Advisor
Nathan Bowles,Nathan Bowles,2020-05-04,2024-12-05,81,Policy Advisor
Nathan Canning,Nathan Canning,2022-02-08,2025-02-27,44,Policy Advisor
Nathan Caranci,Nathan Caranci,2016-11-23,2017-05-01,2,Assistant to Member of Parliament
Nathan Cardinal,Nathan Cardinal,2023-02-16,2023-02-16,1,Director
Nathan Cato,Nathan Cato,2010-10-14,2015-09-22,138,Policy Advisor
Nathan Cullen,Nathan Cullen,2008-12-02,2019-04-02,203,Member of Parliament
Nathan Dempster,Nathan Dempster,2022-05-27,2022-05-27,1,Manager
Nathan Dettingmeijer,Nathan Dettingmeijer,2024-10-08,2024-10-08,1,Negotiator
Nathan Draaistra,Nathan Draaistra,2024-10-03,2024-10-03,2,Administrative Assistant
Nathan Ellis,Nathan Ellis,2023-10-17,2023-10-17,2,Chief of Staff
Nathan Erskine-smith,Nathan Erskine-smith,2015-11-26,2020-06-29,2,Member of Parliament
Nathan Funk,Nathan Funk,2020-03-17,2020-03-17,1,Trade Commissioner
Nathan Gerelus,Nathan Gerelus,2018-06-28,2024-06-10,4,"Manager, National Affairs"
Nathan Gorall,Nathan Gorall,2012-11-08,2012-11-08,1,"Director General, NWP Task Force"
Nathan Grundy,Nathan Grundy,2020-07-13,2023-02-28,11,Parliamentary Assistant
Nathan Gunn,Nathan Gunn,2016-05-03,2016-07-21,10,Innovation Advisor
Nathan Lemphers,Nathan Lemphers,2024-10-22,2024-10-22,3,Senior Economic Advisor
Nathan Lysons,Nathan Lysons,2022-01-26,2022-01-26,1,Senior Trade Commissioner
Nathan Martin,Nathan Martin,2014-06-09,2014-06-09,1,Economic Development Officer
Nathan Murray,Nathan Murray,2018-09-25,2023-01-25,8,Junior Economist
Nathan Niu,Nathan Niu,2016-03-08,2016-03-08,1,"Chief, Forecasting and Program Analysis"
Nathan Nuytten,Nathan Nuytten,2023-01-19,2023-01-19,1,Senior Business Officer
Nathan Prier,Nathan Prier,2021-11-30,2022-01-19,2,Economic Policy Analyst
Nathan Scaiff,Nathan Scaiff,2022-02-08,2023-03-21,2,"Acting Program Manager, AgriScience Program"
Nathan Schaffer,Nathan Schaffer,2018-01-18,2023-07-19,6,Senior Policy Advisor
Nathan Scheewe,Nathan Scheewe,2013-08-22,2013-10-03,4,Policy Advisor
Nathan Van Beselaere,Nathan Van Beselaere,2021-03-05,2021-05-19,2,"Special Assistant, Saskatchewan"
Nathanael Olson,Nathanael Olson,2009-10-22,2010-05-14,5,Policy Advisor
Nathanial Erskine-smith,Nathaniel Erskine-smith,2017-11-09,2019-02-26,2,Member of Parliament
Nathanial Finestone,Nathanial Finestone,2014-11-04,2014-11-04,1,Legislative Assistant
Nathaniel Dueck,Nathaniel Dueck,2017-11-07,2018-10-15,2,Staffer
Nathaniel Erksine-smith,Nathaniel Erskine-smith,2016-01-27,2023-10-31,7,Member of Parliament
Nathaniel Erskin-smith,Nathaniel Erskin-smith,2018-03-27,2021-11-04,3,Member of Parliament
Nathaniel Erskine,Nathaniel Erskine,2017-10-03,2017-10-03,1,Member of Parliament
Nathaniel Erskine Smith,Nathaniel Erskine-smith,2016-01-25,2020-09-09,11,Member of Parliament
Nathaniel Erskine-smith,Nathaniel Erskine-smith,2015-12-10,2025-05-27,355,Member of Parliament
Nathaniel Finestone,Nathaniel Finestone,2015-05-13,2015-05-13,1,Parliamentary Assistant
Nathaniel Garrow,Nathaniel Garrow,2024-12-13,2025-02-05,3,Policy and Program Officer
Nathaniel Lewis-george,Nathaniel Lewis-george,2023-07-13,2023-07-13,1,"Senior Policy Analyst, Office of the Ambassador for Climate Change"
Nathaniel Morrow,Nathaniel Morrow,2024-11-20,2024-11-20,1,"Policy and Program Officer, Band Creation and Membership"
Nathaniel Mullin,Nathaniel Mullin,2016-06-16,2023-07-05,131,Policy Advisor
Nathaniel Mulllin,Nathaniel Mulllin,2020-11-05,2020-11-05,1,Senior Regional Advisor
Nathaniel Smith,Nathaniel Smith,2018-10-16,2018-10-16,1,Member of Parliament
Nathanielle Morin,Nathanielle Morin,2022-02-09,2025-03-07,112,Policy Advisor
Nathen Cullen,Nathan Cullen,2014-02-04,2015-02-03,3,Member of Parliament
Nathon Gunn,Nathon Gunn,2015-05-11,2016-10-18,45,Policy Advisor
Natilien Joseph,Natilien Joseph,2025-06-03,2025-06-03,1,Member of Parliament
National Research Council Fowler,National Research Council Fowler,2011-05-09,2011-05-09,1,Robert
Natynczyk Walter,Natynczyk Walter,2013-10-29,2013-10-29,1,President
Nault Robert,Nault Robert,2017-02-14,2017-02-14,1,Member of Parliament
Navdeep Bain,Navdeep Baines,2019-06-17,2019-06-17,1,Minister
Navdeep Baines,Navdeep Baines,2016-11-16,2020-04-17,3,Minister
Navdeep Bains,Navdeep Bains,2009-11-17,2022-02-22,808,Minister
Navdeep Bains Bains,Navdeep Bains Bains,2017-10-24,2017-10-24,1,Minister
Navdeep Singh Bains,Navdeep Singh Bains,2010-12-15,2020-02-26,17,Minister
Navedeep Bains,Navdeep Baines,2017-03-09,2018-09-11,2,Minister
Naveep Bains,Nadveep Bains,2017-02-08,2017-02-08,1,Member of Parliament
Navjot Sanghera,Navjot Sanghera,2021-03-30,2021-08-11,5,Regional Advisor
Navneep Khinda,Navneep Khinda,2018-09-24,2018-09-24,1,"Policy Advisor, Regional"
Navneet Khandi,Navneet Khandi,2019-01-10,2019-01-10,1,Policy Advisor
Navneet Khinda,Navneet Khinda,2016-10-24,2021-05-19,243,Policy Advisor
Navneet Kinda,Navneet Kinda,2018-02-28,2018-09-25,2,"Policy Advisor, Natural Resources"
Navneet Sohi,Navneet Sohi,2017-05-09,2017-05-09,1,Special Assistant
Navnett Khinda,Navnett Khinda,2018-05-31,2018-05-31,1,Policy Advisor
Navpreet Chhatwal,Navpreet Chhatwal,2024-09-06,2024-09-06,1,Communications Advisor
Navpreet Johal,Navpreet Johal,2024-03-01,2024-03-01,1,"Manager, Parliamentary Affairs"
Neal Burnham,Neal Burnham,2013-09-24,2013-11-19,2,Deputy Director
Neal Hill,Neal Hill,2012-04-19,2016-10-20,5,"Vice President, Fund Investments"
Neal Macdonald,Neal Macdonald,2018-11-05,2022-03-29,7,Special Assistant
Neal Peacocke,Neal Peacocke,2022-06-30,2023-03-29,4,Manager
Neela Todd,Neela Todd,2022-08-23,2022-08-31,2,Policy Analyst
Neelofer Mansuri,Neelofer Mansuri,2018-10-23,2019-07-25,2,"Special Assistant, Outreach"
Neelu Shanker,Neelu Shanker,2018-10-10,2020-06-16,3,"Deputy Director, Operations"
Neena Kushwaha,Neena Kushwaha,2021-11-01,2021-11-01,2,Manager
Neeraj Bhalla,Neeraj Bhalla,2016-01-29,2018-11-30,3,"Director, Constituency Affairs"
Neeve Zikman,Neeve Zikman,2021-03-19,2021-03-19,1,Acting Manager
Negar Hashemi,Negar Hashemi,2019-01-16,2019-01-16,1,Counsel
Negash Haile,Negash Haile,2024-01-11,2025-01-15,2,"Director, Economic Analysis and Modelling Policy and Results Branch"
Negash Naile,Negash Naile,2022-11-25,2022-11-25,1,"Director, Economics and Technology"
Neguest Alemayehu,Neguest Alemayehu,2016-10-31,2024-03-11,2,Director
Neha Beri,Neha Beri,2016-06-09,2017-05-29,2,Legislative Assistant
Nehi Beri,Neha Beri,2016-06-09,2016-06-09,1,Legislative Assistant
Nei Mckenna,Neil Mckenna,2020-09-15,2020-09-15,1,Policy Advisor
Neida Santini,Neida Santini,2021-07-22,2022-02-22,2,Officer
Neil Bouwer,Neil Bouwer,2009-02-13,2021-10-08,110,Assistant Deputy Minister
Neil Bouwers,Neil Bouwers,2011-06-17,2011-06-17,1,"Vice President, Policy and Programs"
Neil Bower,Neil Bower,2016-09-27,2016-09-27,1,Assistant Deputy Minister
Neil Brodie,Neil Brodie,2008-08-25,2015-05-20,98,Director of Policy
Neil Burke,Neil Burke,2018-05-17,2023-05-02,2,Director
Neil Burnett,Neil Burnett,2013-10-11,2013-10-11,1,Director
Neil Burron,Neil Burron,2021-11-18,2022-12-16,3,Manager
Neil Davis,Neil Davis,2021-04-30,2024-12-12,6,Regional Director
Neil Desai,Neil Desai,2008-08-25,2013-04-16,58,Chief of Staff
Neil Desia,Neil Desai,2008-09-03,2008-09-03,2,Chief of Staff
Neil Drabkin,Neil Drabkin,2009-03-23,2012-05-17,19,Chief of Staff
Neil Elis,Neil Ellis,2021-04-07,2021-04-07,1,Member of Parliament
Neil Ellis,Neil Ellis,2016-02-10,2021-08-11,148,Member of Parliament
Neil Fisher,Neil Fisher,2017-09-13,2022-11-09,2,"Team Leader, Hydro and Flows Regulatory Review"
Neil Goedhuis,Neil Goedhuis,2024-11-18,2024-11-19,2,Manager
Neil Kocchar,Neil Kocchar,2014-11-25,2014-11-25,1,Senior Policy Advisor
Neil Krell,Neil Krell,2023-10-24,2024-03-01,3,"Regional Manager, Europe, Middle East and Africa, Global Business Development"
Neil Macintosh,Neil Macintosh,2013-02-19,2015-07-29,2,Manager
Neil Macisaac,Neil Macisaac,2013-02-14,2025-05-28,189,Director of Operations
Neil Macisaacs,Neil Macisaacs,2022-12-13,2022-12-13,1,"Chief of Staff, Fisheries, Oceans and the CCG"
Neil Macissac,Neil Macissac,2020-03-11,2024-05-01,4,Policy Advisor
Neil Mackinnon,Neil Mackinnon,2016-03-31,2023-04-26,9,Economist
Neil Maclsaac,Neil Maclsaac,2022-10-27,2022-10-27,1,Chief of Staff
Neil Maxwell,Neil Maxwell,2008-09-26,2014-01-08,5,Assistant Auditor General
Neil Mcisaac,Neil Mcisaac,2020-01-29,2024-10-03,3,Director of Operations
Neil Mckenna,Neil Mckenna,2018-11-01,2023-05-24,30,Policy Advisor
Neil O'rourke,Neil Orourke,2016-04-18,2025-02-20,7,Director General
Neil Parkinson-dow,Neil Parkinson-dow,2016-07-06,2016-07-06,1,Constituency Assistant
Neil Parry,Neil Parry,2013-05-15,2024-11-27,56,Vice President
Neil R. Ellis,Neil Ellis,2018-07-25,2018-07-25,1,Member of Parliament
Neil Reeder,Neil Reeder,2010-10-08,2013-07-04,4,"Director General, Latin America and Caribbean"
Neil Swain,Neil Swain,2017-08-14,2023-02-01,3,Deputy Director
Neil Tolson,Neil Tolson,2009-02-13,2009-02-13,2,Head
Neil Weatherdon,Neil Weatherdon,2021-06-21,2024-12-11,3,Executive Director
Neil Yates,Neil Yates,2008-11-18,2008-11-18,1,Associate Deputy Minister
Neil Yeates,Neil Yeates,2008-09-11,2020-06-08,53,Deputy Minister
Neil Yeats,Neil Yeats,2010-12-06,2011-03-08,2,Deputy Minister
Nell Stewart,Nell Stewart,2017-04-26,2023-07-20,4,Ambassador
Nelly Desrosiers,Nelly Desrosiers,2017-10-11,2019-04-29,2,Senior Policy Analyst
Nelly Shin,Nelly Shin,2020-02-04,2021-07-20,43,Member of Parliament
Nelson Barbosa,Nelson Barbosa,2016-05-26,2024-10-09,12,Director
Nelson Bouffard,Nelson Bouffard,2009-08-06,2009-08-06,2,"Special Assistant, Regional Affairs"
Nelson Ferguson,Nelson Ferguson,2020-02-21,2020-02-26,2,Manager
Nelson Kalil,Nelson Kalil,2020-12-18,2022-10-28,2,Director
Nelson Millar,Nelson Millar,2020-12-17,2020-12-17,1,Senior Policy Analyst
Nelson Montgomery,Nelson Montgomery,2019-03-19,2019-03-19,1,Senior Program Advisor
Nelson Paterson,Nelson Paterson,2016-06-23,2024-11-27,5,Senior Director
Nelson Patterson,Nelson Patterson,2023-02-22,2023-02-22,1,Senior Director
Neomimyra Jeevanesan,Neomimyra Jeevanesan,2024-01-09,2024-03-26,6,Technical Officer
Neor Tiku,Neor Tiku,2022-11-23,2025-02-20,13,Policy Advisor
Nermine Assaad,Nermine Assaad,2020-12-22,2020-12-22,1,Investment Analyst
Nero Tiku,Nero Tiku,2024-09-23,2024-09-23,1,Senior Operations Assistant
Nesreen Mandanas,Nesreen Mandanas,2024-10-24,2024-10-24,1,Policy Analyst
Netasha Basra,Netasha Basra,2019-05-31,2020-09-18,3,Executive Regional Director
Neve Adams,Neve Adams,2022-02-15,2022-05-12,2,Junior Policy Analyst
Neville Henderson,Neville Henderson,2016-04-05,2021-04-14,25,Assistant Superintendent
Neville Johnson,Neville Johnson,2024-09-25,2024-09-25,1,Acting Manager
Nevin Buconjic,Nevin Buconjic,2024-12-11,2025-02-13,2,Initiatives Officer
Nevison Douglas,Nevison Douglas,2021-07-08,2021-07-08,1,Assistant Deputy Minister
Newton Shortliffe,Newton Shortliffe,2022-05-02,2022-05-02,1,"Assistant Director, Collection"
Ngole Philip Ngwese,Ngole Philip Ngwese,2024-11-05,2024-11-05,1,High Commissioner
Ngozi Etolue,Ngozi Etolue,2023-04-27,2023-04-27,1,Not Specified
Nial O'dea,Niall Odea,2021-05-25,2021-05-25,1,Senior Assistant Deputy Minister
Niall Cronin,Niall Cronin,2013-05-10,2023-05-17,11,Associate Director General
Niall Mcevoy,Niall Mcevoy,2024-02-08,2024-02-08,1,RCMP Officer
Niall O'dea,Niall Odea,2013-10-07,2025-06-05,175,Senior Assistant Deputy Minister
Niall Odea,Niall Odea,2018-09-20,2023-10-19,24,Senior Assistant Deputy Minister
Nic Kalogerakos,Nick Kalogerakos,2013-01-16,2013-01-16,1,Policy Advisor
Nichoals Kang,Nicolas Kang,2018-06-01,2018-06-01,1,Policy Advisor
Nichola Kang,Nicolas Kang,2018-11-01,2018-11-01,1,Policy Advisor
Nichola Lovrics,Nichola Lovrics,2025-02-03,2025-02-03,1,"Special Assistant, Parliamentary Affairs and Issues Management"
Nicholas A Tinker,Nicholas A Tinker,2017-10-26,2017-11-01,2,Research Scientist
Nicholas Anderson,Nicholas Anderson,2024-11-27,2025-01-13,3,Policy Analyst
Nicholas Andreson,Nicholas Andreson,2024-10-02,2024-10-02,1,Policy Analyst
Nicholas Barber,Nicholas Barber,2024-05-02,2025-04-07,2,"Assistant Director, Policy"
Nicholas Bergamini,Nicholas Bergamini,2014-09-16,2015-07-10,7,Press Secretary
Nicholas Best,Nicholas Best,2013-05-07,2017-05-19,3,Staffer to Member of Parliament
Nicholas Bishop,Nicholas Bishop,2024-08-28,2024-08-28,1,Senior Program Scientist
Nicholas Bransfield,Nicholas Bransfield,2021-01-13,2021-01-13,1,Special Assistant to the Chief of Staff
Nicholas Brewer,Nicholas Brewer,2009-02-05,2009-04-28,2,"Economist, Financial Sector Stability"
Nicholas Brigden-rene De Cotret,Nicholas Brigden-rene De Cotret,2024-06-25,2024-06-25,1,Executive Assistant to the Assistant Deputy Minister
Nicholas Brousseau,Nicholas Brousseau,2025-04-30,2025-04-30,3,"Ambassador Extraordinary and Plenipotentiary, Kingdom of Belgium"
Nicholas Brown,Nicholas Brown,2017-08-25,2017-08-25,1,"Senior Special Assistant, Communications"
Nicholas Charney,Nicholas Charney,2017-10-16,2017-10-16,1,Policy Analyst
Nicholas Chesterley,Nicholas Chesterley,2021-11-23,2025-03-12,12,Senior Director
Nicholas Chesterly,Nicholas Chesterly,2023-03-14,2023-03-14,1,Senior Director
Nicholas Chisnall,Nicholas Chisnall,2024-04-23,2024-04-23,1,Executive Assistant to the Deputy Minister
Nicholas Dang,Nicholas Dang,2024-09-26,2024-09-26,1,Policy Advisor
Nicholas Daube,Nicholas Daube,2018-11-09,2021-12-09,44,Director of Policy
Nicholas Duprey,Nicholas Duprey,2024-09-27,2024-09-27,1,Senior Science Advisor
Nicholas Duval-mace,Nicholas Duval-mace,2023-06-29,2023-06-29,1,Manager
Nicholas Fedorkiw,Nicholas Fedorkiw,2015-07-01,2015-07-01,1,Policy Advisor
Nicholas Gauthier,Nicholas Gauthier,2013-10-30,2021-06-23,4,Trade Policy Analyst
Nicholas Gordon,Nicholas Gordon,2017-06-27,2024-10-10,3,Senior Trade Policy Officer
Nicholas Grillas,Nicholas Grillas,2010-10-07,2017-10-10,9,"Manager, Banking Initiatives"
Nicholas Haley,Nicholas Haley,2021-04-08,2021-04-08,1,Assistant to Member of Parliament
Nicholas Harper,Nicholas Harper,2015-02-02,2025-03-07,13,Senior Policy Analyst
Nicholas Harrison,Nicholas Harrison,2023-10-18,2024-08-13,5,Policy Analyst
Nicholas Hoffman,Nicholas Hoffman,2015-02-18,2015-02-18,1,"Senior Advisor, Equipment"
Nicholas Ignatieff,Nicholas Ignatieff,2020-09-04,2024-02-15,9,Manager
Nicholas Insley,Nicholas Insley,2014-01-14,2015-05-05,11,"Manager, Stakeholder Relations and Press Secretary"
Nicholas Isley,Nicholas Isley,2014-10-09,2014-10-09,1,"Manager, Stakeholder Relations"
Nicholas James Kalogerakos,Nicholas James Kalogerakos,2012-11-29,2019-01-31,11,Policy Advisor
Nicholas Kalogerakos,Nicholas Kalogerakos,2012-10-26,2019-06-14,34,Policy Advisor
Nicholas Kaminsky,Nicholas Kaminsky,2017-05-30,2024-08-28,3,Policy Analyst
Nicholas Kang,Nicholas Kang,2016-05-31,2025-05-14,432,Senior Policy Advisor
Nicholas Khang,Nicolas Kang,2024-01-18,2024-01-18,1,Policy Advisor
Nicholas King,Nicholas King,2018-05-08,2022-01-24,2,Director of Policy
Nicholas Kung,Nicholas Kung,2016-10-24,2016-10-24,1,Special Assistant
Nicholas Leswick,Nicholas Leswick,2016-09-08,2016-09-08,1,Assistant Deputy Minister
Nicholas Lochhead,Nicholas Lochhead,2021-07-23,2021-07-23,1,Acting Chief of Staff
Nicholas Lovics,Nicholas Lovics,2024-06-17,2024-06-17,1,"Special Assistant to the Minister, Foreign Affairs"
Nicholas Lovircs,Nicholas Lovrics,2025-02-13,2025-02-13,1,"Senior Advisor, Parliamentary Affairs and Issues Management"
Nicholas Lovrics,Nicholas Lovrics,2023-05-03,2025-03-10,13,"Senior Advisor, Parliamentary Affairs and Issues Management"
Nicholas Mackiewicz,Nicholas Mackiewicz,2023-09-18,2025-03-20,8,Policy Advisor
Nicholas Mahonay,Nicholas Mahonay,2023-05-12,2023-05-12,1,Policy Advisor
Nicholas Mahoney,Nicholas Mahoney,2022-08-17,2024-04-23,118,Policy Advisor
Nicholas Malouin,Nicholas Malouin,2021-02-24,2024-05-16,4,Parliamentary Affairs Assistant
Nicholas Marion,Nicolas Marion,2017-10-30,2023-10-16,3,"Senior Director, Payments Policy"
Nicholas Marum,Nicholas Marum,2022-04-29,2022-04-29,1,"Director, Industry Relations, Analysis and Policy"
Nicholas Mccue,Nicholas Mccue,2018-05-15,2018-05-15,1,Parliamentary Assistant
Nicholas Millen,Nicholas Millen,2023-08-11,2024-04-23,2,National Manager
Nicholas Mitchell,Nicholas Mitchell,2022-10-26,2022-10-26,1,Director
Nicholas Moody,Nicholas Moody,2024-05-16,2024-05-16,1,Parliamentary Affairs Advisor
Nicholas Nagy,Nicholas Nagy,2023-09-26,2023-09-26,2,Senior Advisor
Nicholas Natale,Nicholas Natale,2024-04-10,2024-04-10,1,Project Manager
Nicholas Ogden,Nicholas Ogden,2024-01-25,2024-01-25,1,Director
Nicholas Osborne,Nicholas Osborne,2022-05-31,2023-12-01,2,Executive Director
Nicholas Pappalardo,Nicholas Pappalardo,2008-11-21,2015-06-24,22,Chief of Staff
Nicholas Pashkoski,Nicholas Pashkoski,2016-01-27,2016-01-27,1,Policy Advisor
Nicholas Pilon,Nicolas Pilon,2021-05-13,2021-05-13,1,Brigadier General
Nicholas Pohzke,Nicholas Pozhke,2011-11-16,2011-11-16,1,Policy Advisor
Nicholas Pozhke,Nicholas Pozhke,2010-04-13,2013-06-04,11,Policy Advisor
Nicholas Proulx,Nicholas Proulx,2023-08-31,2023-08-31,1,Service Delivery Manager
Nicholas Robinson,Nicholas Robinson,2018-12-06,2025-05-07,132,"Director General, Civil Aviation"
Nicholas Ryan,Nicholas Ryan,2022-10-17,2023-06-02,3,Policy Analyst
Nicholas Shipley,Nicholas Shipley,2020-12-21,2023-04-03,2,Manager
Nicholas Smith,Nicholas Smith,2013-05-08,2013-05-08,1,Advisor
Nicholas Stewart,Nicholas Stewart,2015-08-14,2015-09-01,3,Senior Trade Policy Officer
Nicholas Sylvestri,Nicholas Sylvestri,2017-05-08,2017-05-08,1,Policy Analyst
Nicholas Thibodeau,Nicholas Thibodeau,2017-02-09,2018-12-04,2,Parliamentary Assistant
Nicholas Watts,Nicholas Watts,2023-10-24,2023-10-24,1,Staffer
Nicholas Whalen,Nicholas Whalen,2018-02-26,2018-02-26,1,Member of Parliament
Nicholas Windfield,Nicholas Winfield,2018-05-29,2018-05-29,1,Director General
Nicholas Winfield,Nicholas Winfield,2013-03-13,2025-02-25,81,Director General
Nicholas Winfiield,Nicholas Winfiield,2017-05-10,2017-05-10,1,Assistant Deputy Minister
Nicholas Wise,Nicholas Wise,2011-10-26,2022-02-14,4,Chief Information Officer
Nicholas Wright,Nicholas Wright,2023-06-29,2024-04-17,3,Special Assistant
Nicholas Yee,Nicholas Yee,2018-10-31,2024-06-04,3,Operations Manager
Nicholas Zhang,Nicholas Dang,2018-04-17,2018-04-17,1,Policy Advisor
Nicholas Zrinyi,Nicholas Zrinyi,2021-12-15,2022-07-11,6,Policy Analyst
Nicholas-james Kalogerakos,Nicholas James Kalogerakos,2013-04-05,2013-04-05,1,Policy Advisor
Nichole Beck,Nichole Beck,2016-12-08,2018-04-19,3,Policy Advisor
Nichole Folliet,Nichole Folliet,2023-08-18,2023-08-18,1,Acting Executive Director
Nichole Saba,Nichole Saba,2022-10-21,2022-10-21,1,Director
Nicholson James,Nicholson James,2014-06-03,2014-06-10,2,Director of Policy
Nicholson Rob,Nicholson Rob,2018-02-12,2018-02-12,1,Member of Parliament
Nick Bransfield,Nick Bransfield,2022-12-01,2023-01-20,4,Officer
Nick Cheeseman,Nick Cheeseman,2022-02-16,2024-10-23,5,Director
Nick Coolbergen,Nick Coolbergen,2009-04-09,2009-04-09,1,Policy Advisor
Nick Daube,Nick Daube,2018-12-17,2020-12-10,11,Director of Policy
Nick Drain,Nick Drain,2022-03-08,2022-03-08,1,Legislative Assistant
Nick Driscoll,Nick Driscoll,2022-11-21,2023-02-09,2,Legislative Assistant
Nick Fabiano,Nick Fabiano,2023-06-26,2024-11-19,12,Vice President
Nick Fedorkiw,Nick Fedorkiw,2015-07-09,2015-07-09,1,Policy Advisor
Nick G. Sibbeston,Nick Sibbeston,2011-03-08,2014-12-02,3,Senator
Nick Gamache,Nick Gamache,2020-09-28,2020-10-09,2,"Acting Director, Media Relations and Issues Management"
Nick Haley,Nick Haley,2021-06-07,2021-06-07,2,Parliamentary Secretary
Nick Hann,Nick Hann,2019-02-13,2019-02-13,1,Head of Investments
Nick Heseltine,Nick Heseltine,2009-03-03,2009-03-03,1,Assistant Deputy Minister
Nick Kalogerakos,Nick Kalogerakos,2013-08-29,2018-05-23,2,Policy Advisor
Nick Kang,Nick Kang,2016-07-25,2024-09-25,24,Policy Advisor
Nick Kolagerakos,Nick Kalogerakos,2019-10-11,2019-10-11,1,Policy Advisor
Nick Koolsbergen,Nick Koolsbergen,2008-12-03,2015-01-23,10,Director of Communications
Nick Leswick,Nick Leswick,2013-04-04,2025-02-20,109,Associate Deputy Minister
Nick Lewis,Nick Lewis,2023-08-18,2023-08-18,1,Associate Deputy Minister
Nick Macaluso,Nick Macaluso,2009-09-09,2023-05-31,10,Director
Nick Mahoney,Nick Mahoney,2022-12-15,2023-06-16,9,Policy Advisor
Nick Manley,Nick Manley,2016-06-15,2016-10-14,2,DNCS 5-6
Nick Marion,Nick Marion,2021-10-21,2022-11-25,3,Senior Director
Nick Marum,Nick Marum,2016-02-02,2016-02-02,1,Policy Advisor
Nick Moody,Nick Moody,2024-12-04,2024-12-04,1,Parliamentary Affairs Advisor
Nick Nassios,Nick Nassios,2021-01-13,2021-01-13,1,Principal Analyst
Nick Naube,Nick Naube,2019-04-08,2019-04-08,1,Director of Policy
Nick Nick Koolsbergen,Nick Nick Koolsbergen,2014-08-18,2014-08-18,1,Director of Communications
Nick Orphanos,Nick Orphanos,2017-06-09,2017-06-09,1,Senior Policy Analyst
Nick Pappalardo,Nick Pappalardo,2009-02-20,2014-11-06,3,Chief of Staff
Nick Pashkoski,Nick Pashkoski,2015-12-10,2016-12-08,37,Policy Advisor
Nick Pashkowski,Nick Pashkoski,2016-10-04,2016-10-04,1,Policy Advisor
Nick Penner,Nick Penner,2024-11-26,2025-01-31,12,Operations Advisor
Nick Robinson,Nick Robinson,2020-09-01,2024-10-10,4,"Director General, Civil Aviation"
Nick Sibbeston,Nick Sibbeston,2010-07-29,2016-01-15,10,Senator
Nick Switalski,Nick Switalski,2011-12-12,2013-11-28,7,Parliamentary Secretary Assistant
Nick Thibodeau,Nick Thibodeau,2017-10-17,2017-10-17,1,Parliamentary Assistant
Nick Wahalen,Nick Whalen,2017-11-29,2017-11-29,1,Member of Parliament
Nick Whaken,Nick Whalen,2016-02-01,2016-02-01,1,Member of Parliament
Nick Whalen,Nick Whalen,2016-02-01,2019-07-23,107,Member of Parliament
Nick Whelan,Nick Whelan,2018-02-09,2019-04-30,8,Member of Parliament
Nick Winfeld,Nick Winfield,2019-08-12,2019-08-12,1,Director
Nick Winfield,Nick Winfield,2012-11-13,2018-05-08,18,Director
Nick Wright,Nick Wright,2023-01-25,2024-09-23,6,Special Assistant
Nick Xenos,Nick Xenos,2010-10-07,2024-10-23,59,Executive Director
Nick Zrinyi,Nick Zrinyi,2022-03-23,2023-05-18,4,Policy Analyst
Nick Zylstra,Nick Zylstra,2015-03-04,2015-03-04,1,Director
Nickolas Kang,Nickolas Kang,2024-10-28,2024-10-28,1,Senior Policy Advisor
Nicky Cayer,Nicky Cayer,2017-05-01,2017-05-01,1,Legislative Assistant
Nico Pau,Nico Pau,2014-05-13,2014-05-13,1,"Director, Engineering Support"
Nico Paul,Nico Paul,2021-10-22,2025-01-22,4,"Director, Community Infrastructure"
Nicola Bianco,Nicola Bianco,2022-09-21,2024-09-27,2,Policy Analyst
Nicola Bill,Nicola Bill,2018-09-05,2018-09-05,1,Manager
Nicola Di Iori,Nicola Di Iorio,2018-09-21,2018-09-21,1,Member of Parliament
Nicola Di Ioria,Nicola Di Iorio,2016-11-17,2016-11-17,1,Member of Parliament
Nicola Di Iorio,Nicola Di Iorio,2016-03-07,2018-02-15,27,Member of Parliament
Nicola Di Lorio,Nicola Di Iorio,2016-02-07,2016-02-07,1,Member of Parliament
Nicola Diiorio,Nicola Di Iorio,2016-06-10,2018-02-12,2,Member of Parliament
Nicola Epprecht,Nicola Epprecht,2019-09-27,2019-11-04,2,Regional Manager
Nicola Gall,Nicola Gall,2018-04-03,2018-04-23,2,Policy Advisor
Nicola Langilee,Nicola Languille,2019-03-05,2019-03-05,1,Policy Advisor
Nicola Langille,Nicola Langille,2018-11-09,2020-07-02,31,Policy Advisor
Nicola Languille,Nicola Languille,2020-02-03,2020-03-12,2,Policy Advisor
Nicola Lino Contini,Nicola Lino Contini,2023-05-18,2023-05-18,1,Senior Counsel
Nicola Scahill,Nicola Scahill,2018-02-01,2018-04-26,2,Senior Analyst
Nicola Schmidt,Nicola Schmidt,2025-01-16,2025-01-16,1,Parliamentary Intern
Nicolaos Xenos,Nicolaos Xenos,2015-09-21,2015-09-21,1,Director
Nicolas Arsenault,Nicolas Arsenault,2017-11-14,2017-11-14,1,Unpaid Intern
Nicolas Barbe,Nicolas Barbe,2014-12-01,2024-01-30,8,Senior Economist
Nicolas Best,Nicolas Best,2015-03-17,2015-03-17,1,Assistant
Nicolas Bouchard,Nicolas Bouchard,2022-03-04,2023-11-02,9,Operations Advisor
Nicolas Burbidge,Nicolas Burbidge,2014-11-26,2016-07-21,2,Senior Director
Nicolas Courville,Nicolas Courville,2015-12-04,2015-12-04,1,Senior Regulatory Enforcement Officer
Nicolas Daoust,Nicolas Daoust,2018-05-10,2019-02-19,7,Parliamentary Assistant
Nicolas Daube,Nicholas Daube,2019-06-26,2021-05-18,3,Director of Policy
Nicolas Desrivieres,Nicolas Desrivieres,2024-04-30,2024-04-30,1,Senior Policy Analyst
Nicolas Di Iorio,Nicola Di Iorio,2017-10-19,2017-10-19,1,Member of Parliament
Nicolas Dufour,Nicolas Dufour,2010-10-05,2011-03-02,9,Member of Parliament
Nicolas Dupont,Nicolas Dupont,2024-03-27,2024-09-10,5,Constituency Assistant
Nicolas Fontaine,Nicolas Fontaine,2022-01-20,2022-01-20,1,"Exercises Officer, CANSpOC"
Nicolas Gauthier,Nicolas Gauthier,2023-12-12,2024-02-05,2,Deputy Director
Nicolas Gilbert,Nicolas Gilbert,2020-08-25,2020-08-25,2,Senior Epidemiologist
Nicolas Gravel,Nicolas Gravel,2017-11-03,2017-11-03,1,"Director, Fund Investments"
Nicolas Ignatieff,Nicholas Ignatieff,2024-01-30,2024-01-30,1,Manager
Nicolas Kalogerakos,Nicolas Kalogerakos,2018-02-06,2018-02-06,1,"Policy Advisor, Office of the Leader of the Opposition"
Nicolas Kang,Nicolas Kang,2019-05-06,2023-09-29,4,Policy Advisor
Nicolas Lavoie,Nicolas Lavoie,2017-05-24,2017-10-13,5,Assistant Member of Parliament
Nicolas Lepage,Nicolas Lepage,2022-06-20,2022-06-20,1,Advisor
Nicolas Lesieur,Nicolas Lesieur,2022-11-30,2022-11-30,1,Senior Trade Policy Officer
Nicolas Lovrics,Nichola Lovrics,2024-05-23,2024-05-23,1,"Special Assistant, Parliamentary Affairs and Issues Management"
Nicolas Mahoney,Nicholas Mahonay,2023-01-12,2023-01-12,1,Policy Advisor
Nicolas Marion,Nicolas Marion,2009-02-05,2025-05-07,27,"Senior Director, Payments Policy"
Nicolas Marum,Nicolas Marum,2023-01-13,2023-01-13,1,Director
Nicolas Matte,Nicolas Matte,2022-03-18,2022-03-18,1,Senior Policy Analyst
Nicolas Mccandie Glustien,Nicolas Mccandie Glustien,2020-02-06,2023-09-28,4,Associate Director
Nicolas Moreau,Nicolas Moreau,2020-04-13,2024-07-10,48,Associate Assistant Deputy Minister
Nicolas Nabaa,Nicolas Nabaa,2022-12-15,2024-10-10,4,Director General
Nicolas Palanque,Nicolas Palanque,2020-05-07,2021-05-18,2,Director
Nicolas Papallardo,Nicolas Pappalardo,2015-07-13,2015-07-13,1,Chief of Staff
Nicolas Pappalardo,Nicolas Pappalardo,2008-11-21,2015-07-29,126,Chief of Staff
Nicolas Picard,Nicolas Picard,2023-08-31,2023-08-31,2,Senior Policy Strategist
Nicolas Pilon,Nicolas Pilon,2016-12-14,2021-05-28,2,Brigadier General
Nicolas R. Thibodeau,Nicholas Thibodeau,2017-10-19,2017-10-19,2,Parliamentary Assistant
Nicolas Randall,Nicolas Randall,2024-03-13,2024-05-28,2,Senior Policy Advisor
Nicolas Raymond,Nicolas Raymond,2012-06-20,2012-06-20,1,Foreign Reserves Management
Nicolas Ruszkowski,Nicolas Ruszkowski,2021-02-12,2021-02-12,2,Vice President
Nicolas Seguin,Nicolas Seguin,2012-06-11,2012-06-11,1,Assistant
Nicolas Simard,Nicolas Simard,2025-02-05,2025-02-05,1,Ambassador to the Republic of Mali
Nicolas Stewart,Nicholas Stewart,2013-11-26,2015-12-04,2,Senior Trade Policy Officer
Nicolas Thibodeau,Nicolas Thibodeau,2014-05-15,2024-06-19,10,Parliamentary Assistant
Nicolas Verville,Nicolas Verville,2024-05-09,2024-05-09,1,Manager
Nicolas Winfield,Nicolas Winfield,2017-04-05,2022-11-15,3,Director General
Nicole Barbe,Nicole Barbe,2017-02-22,2017-02-22,1,Senior Compliance Officer
Nicole Barrafato,Nicole Barrafato,2013-12-10,2013-12-10,1,Staffer
Nicole Bouchard,Nicole Bouchard,2021-08-02,2024-02-08,2,Regional Director
Nicole Bouchard-steeves,Nicole Bouchard-steeves,2018-07-13,2019-07-03,2,Associate Vice President
Nicole Bourget,Nicole Bourget,2008-07-11,2014-01-23,7,Assistant Deputy Minister
Nicole Brouwer,Nicole Brouwer,2023-07-04,2023-11-02,3,Policy Analyst
Nicole Butcher,Nicole Butcher,2024-04-03,2024-04-03,1,Director General
Nicole C. Eaton,Nicole Eaton,2018-11-29,2018-11-29,1,Senator
Nicole Charron,Nicole Charron,2015-02-05,2016-10-16,2,Senior Policy Advisor
Nicole Chin,Nicole Chin,2022-03-15,2022-03-15,1,Senior Program Analyst
Nicole Church,Nicole Church,2020-06-02,2020-06-02,1,"Senior Manager, Client Relationships and Operations"
Nicole Churry,Nicole Churry,2021-12-18,2021-12-19,2,Junior Investment Analyst
Nicole Chury,Nicole Chury,2021-10-12,2023-11-09,8,Junior Investment Analyst
Nicole Cote,Nicole Cote,2020-01-23,2024-11-19,63,Director General
Nicole Davidson,Nicole Davidson,2017-03-29,2024-07-31,5,Director
Nicole Demers,Nicole Demers,2010-09-28,2011-03-02,11,Member of Parliament
Nicole Deschenes,Nicole Deschenes,2022-10-13,2022-10-13,1,"Chief, Program Coordination and Outreach"
Nicole Eaton,Nicole Eaton,2010-10-05,2019-01-25,21,Senator
Nicole Ellement,Nicole Ellement,2024-09-25,2024-09-25,1,"Regional Advisor, Calgary"
Nicole F Girard,Nicole Girard,2020-04-20,2020-04-20,1,Legal Counsel
Nicole Folliet,Nicole Folliet,2018-02-23,2025-05-15,10,Executive Director
Nicole Fortier,Nicole Fortier,2018-10-10,2018-11-15,2,Briefing Officer
Nicole Frantz,Nicole Frantz,2022-08-22,2022-08-31,2,Senior Strategic Advisor
Nicole Fuhr,Nicole Fuhr,2021-05-05,2021-05-05,1,Manager
Nicole Gesnot,Nicole Gesnot,2013-09-16,2013-09-16,1,"Assistant Director, Program Manager"
Nicole Giles,Nicole Giles,2015-12-11,2025-04-24,17,Senior Assistant Deputy Minister | Deputy Director
Nicole Girard,Nicole Girard,2015-02-05,2021-07-09,21,Legal Counsel
Nicole Grabowski,Nicole Grabowski,2020-10-15,2020-10-15,1,Policy Advisor
Nicole Gratton,Nicole Gratton,2018-04-30,2018-04-30,1,"Director General, Cloud Services Directorate"
Nicole Harron,Nicole Harron,2017-10-19,2017-10-19,1,Policy Advisor
Nicole Howe,Nicole Howe,2019-03-20,2024-11-19,18,Executive Director
Nicole Hull,Nicole Hull,2017-03-31,2017-03-31,1,Director
Nicole Jauvin,Nicole Jauvin,2009-05-26,2011-03-25,5,Deputy Minister and President
Nicole Johnston,Nicole Johnston,2023-10-03,2023-10-03,1,Senior Advisor
Nicole Knox,Nicole Knox,2018-10-30,2023-11-07,12,"Manager, Technical Services"
Nicole L Bouchard-steeves,Nicole L Bouchard-steeves,2018-03-09,2018-03-09,1,Acting Vice President
Nicole Ladouceur,Nicole Ladouceur,2012-07-17,2013-09-25,2,Director General
Nicole Leblanc,Nicole Leblanc,2016-04-19,2016-04-19,1,Director of Communications
Nicole Leclerc,Nicole Leclerc,2019-10-25,2019-10-25,1,Procurement Advisor
Nicole Legault,Nicole Legault,2016-02-02,2016-08-24,2,Director
Nicole Lunstead,Nicole Lunstead,2012-07-26,2024-06-17,3,"Deputy Ombudsperson, Responsible Enterprise"
Nicole Mann,Nicole Mann,2024-02-28,2024-02-28,1,Science Policy Analyst
Nicole Mccutchen,Nicole Mccutchen,2024-11-06,2024-11-06,1,"Director, Biodiversity Program"
Nicole Mccutcheon,Nicole Mccutcheon,2024-06-03,2024-06-03,1,Regional Manager
Nicole Mcdonald,Nicole Mcdonald,2017-03-22,2021-06-02,7,Director
Nicole Mckenzie,Nicole Mckenzie,2022-03-03,2022-03-03,1,Senior Evaluation Officer
Nicole Michalewicz,Nicole Michalewicz,2024-02-28,2024-02-28,1,Policy Advisor
Nicole Mischuk,Nicole Mischuk,2023-12-21,2025-06-11,9,"Acting Manager, Lake Winnipeg Basin Program"
Nicole Nel,Nicole Nel,2023-03-24,2024-05-17,2,"Acting Executive Regional Director, Issues and Program Management"
Nicole Nkunzimana,Nicole Nkunzimana,2023-03-29,2023-03-29,1,Trade Commissioner
Nicole Paradis,Nicole Paradis,2015-03-09,2015-03-09,1,Policy Advisor Assistant
Nicole Peters,Nicole Peters,2017-05-29,2019-05-07,4,Staffer
Nicole Piche,Nicole Piche,2022-04-27,2022-04-27,1,"Director, Constituency Office"
Nicole Picher,Nicole Picher,2021-06-07,2023-12-18,3,"Director, Constituency"
Nicole Poulin,Nicole Poulin,2024-01-24,2024-01-24,1,Deputy Director
Nicole Power,Nicole Power,2011-11-22,2011-11-22,1,Policy Advisor
Nicole Salem,Nicole Salem,2009-02-03,2009-02-03,1,Personal and Scheduling Assistant
Nicole So,Nicole So,2023-10-06,2023-10-06,1,Advisor to the Director General
Nicole Thibodeau,Nicole Thibodeau,2016-01-10,2016-02-02,2,Policy Advisor
Nicole Tuczynski,Nicole Tuczynski,2016-04-27,2016-04-27,1,Staffer
Nicole Turcotte-cook,Nicole Turcotte-cook,2020-08-24,2020-08-24,1,Policy Analyst
Nicole Turmel,Nycole Turmel,2011-10-03,2013-05-28,5,Member of Parliament
Nicole Uher,Nicole Uher,2023-11-15,2023-11-15,1,Deputy Director
Nicole Verlinden,Nicole Verlinden,2024-10-09,2025-01-20,2,Officer
Nicole Vigneault,Nicole Vigneault,2023-04-26,2023-05-02,2,Acting Director
Nicole Waldron,Nicole Waldron,2018-05-17,2018-05-17,1,Member of Parliament
Nicole Woodford,Nicole Woodford,2013-10-11,2017-03-23,2,Legislative Assistant
Nicole Wudrick,Nicole Wudrick,2014-02-11,2014-02-11,1,Staffer
Nicole Young,Nicole Young,2020-07-07,2020-07-07,1,"Manager, Federal Community Housing Initiative"
Nicoletta D'arcangelo,Nicoletta Darcangelo,2024-10-29,2025-05-05,4,Trade Commissioner
Nidal Islam,Nidal Islam,2023-07-24,2024-08-29,12,Acting Deputy Director
Niel Bower,Niel Bower,2008-12-03,2008-12-03,1,Assistant Secretary to Cabinet
Nieuwoudt Gerrit,Nieuwoudt Gerrit,2014-01-29,2014-01-29,1,Director of Policy
Nigel Hannaford,Nigel Hannaford,2013-03-06,2014-12-18,4,"Manager, Speechwriting"
Nigel Harrison,Nigel Harrison,2018-03-29,2018-03-29,1,Manager
Nigel Lloyd,Nigel Lloyd,2009-05-29,2009-05-29,1,Executive Vice President
Nigel Marshman,Nigel Marshman,2016-07-11,2018-01-24,22,Senior Policy Advisor
Nigel Mashman,Nigel Marshman,2017-03-24,2017-03-24,1,Senior Policy Advisor
Nigel Neale,Nigel Neale,2019-02-19,2021-04-19,6,"Senior Trade Commissioner, Consulate General of Canada"
Nigel Selig,Nigel Selig,2024-12-12,2024-12-12,1,"Director, ESG Integration (Climate)"
Nigel Stephens,Nigel Stephens,2014-06-10,2017-11-21,12,Assistant Director
Nigel Wright,Nigel Wright,2011-01-12,2013-05-15,67,Chief of Staff
Nihaal Khera,Nihaal Khera,2023-10-12,2023-10-12,1,Constituency Assistant
Nihal Sherif,Nihal Sherif,2016-01-08,2024-10-08,2,"Senior Director, Negotiations and Operations"
Nik Ashton,Niki Ashton,2016-11-22,2016-11-22,1,Member of Parliament
Nik Zilstra,Nik Zylstra,2018-10-30,2018-10-30,1,Policy Advisor
Nik Zulstra,Nik Zylstra,2014-06-26,2014-06-26,1,Policy Advisor
Nik Zyistra,Nik Zylstra,2016-09-14,2016-09-14,1,Policy Advisor
Nik Zylstra,Nik Zylstra,2012-06-12,2019-06-05,60,Policy Advisor
Nik Zystra,Nik Zylstra,2014-11-03,2014-11-03,1,Policy Advisor
Niki Ashton,Niki Ashton,2009-03-31,2025-03-20,196,Member of Parliament
Niki Aston,Niki Ashton,2020-09-28,2020-09-28,1,Member of Parliament
Nikil Chande,Nikil Chande,2023-10-31,2024-10-22,2,Senior Director
Nikita Eriksen-hamel,Nikita Eriksen-hamel,2021-02-08,2023-04-27,4,Deputy Director
Nikki Ashton,Niki Ashton,2012-03-06,2023-11-07,9,Member of Parliament
Nikki Hipkin,Nikki Hipkin,2021-03-18,2025-03-14,141,Director of Operations
Nikki Hippkin,Nikki Hipkin,2024-07-12,2024-07-12,1,Director of Operations
Nikki Maier,Nikki Maier,2022-09-12,2022-09-12,1,Manager
Nikki Mcnear,Nikki Mcnear,2024-08-15,2024-08-15,1,Health Facilities Officer
Niklaus Schwenker,Niklaus Schwenker,2010-08-31,2012-11-29,2,Director of Communications
Niko Fleming,Niko Fleming,2018-02-12,2019-10-28,2,Director
Nikola Bennet,Nikola Bennet,2024-07-25,2024-07-25,1,Policy Advisor
Nikola Borcic,Nikola Borcic,2023-10-26,2024-07-04,7,Senior Investment Manager
Nikola Brassard-dion,Nikola Brassard-dion,2022-09-20,2022-09-20,1,Policy Advisor
Nikola Sydor-estable,Nikola Sydor-estable,2021-08-06,2021-08-06,1,Manager
Nikolay Nikolov,Nikolay Nikolov,2024-05-28,2024-05-28,1,"Deputy Head of Mission, Republic of Bulgaria"
Nilani Logeswaran,Nilani Logeswaran,2016-07-22,2021-11-03,10,Legislative Assistant
Nilgiri Pearson,Nilgiri Pearson,2019-02-22,2019-02-22,1,Special Assistant
Niloo Boroun,Niloo Boroun,2024-05-29,2025-05-23,73,Director of Policy
Niloo Bouran,Niloo Bouran,2024-07-09,2024-07-09,1,Director of Policy
Niloo Hojjati,Niloo Hojjati,2023-11-28,2023-11-28,1,Acting Director
Niloo Voroun,Niloo Boroun,2024-08-21,2024-08-21,2,Director of Policy
Nilos S. Korodima,Nilos S. Korodima,2022-04-25,2022-04-25,1,"Sector Specialist, Traceability"
Nils Petersen,Nils Petersen,2009-03-26,2009-03-26,1,Director General
Nimo Hussein,Nimo Hussein,2022-08-31,2022-08-31,1,Constituency Assistant
Nimra Noman,Nimra Noman,2021-05-10,2021-06-01,10,"Special Assistant, Policy"
Nina Amrov,Nina Amrov,2017-06-05,2018-04-26,2,Staffer to Leader of the NDP
Nina Bigras,Nina Bigras,2024-12-03,2024-12-03,1,Senior Program Engineer
Nina Bouteldja,Nina Bouteldja,2023-03-30,2025-02-19,32,"Director, Issues and Stakeholder Management"
Nina Boutelja,Nina Boutelja,2024-11-22,2024-11-22,1,"Director, Issues and Stakeholder Management"
Nina Chiarelli,Nina Chiarelli,2010-08-25,2010-10-29,2,Director of Communications
Nina Childs,Nina Childs,2021-05-19,2021-05-19,1,Constituency Manager
Nina Dube,Nina Dube,2024-06-19,2024-06-19,1,Trade Commissioner
Nina E Lothan,Nina E Lothan,2023-05-08,2023-05-08,1,Senior Policy Advisor
Nina E. Lothian,Nina Lothian,2023-08-23,2024-04-02,3,Senior Policy Advisor
Nina Formanns,Nina Formanns,2022-06-28,2022-06-28,1,"Senior Advisor, Tax"
Nina Forrest,Nina Forrest,2018-08-02,2023-02-28,10,Special Assistant
Nina Frid,Nina Frid,2012-05-16,2016-01-28,25,Director General
Nina Gormanns,Nina Gormanns,2017-07-14,2024-05-07,5,Tax Policy Officer
Nina Grewal,Nina Grewal,2010-09-29,2015-09-14,53,Member of Parliament
Nina Grewall,Nina Grewal,2015-04-20,2015-04-20,1,Member of Parliament
Nina Huynh,Nina Huynh,2023-05-03,2023-05-03,1,Policy Analyst
Nina Lothian,Nina Lothian,2022-01-18,2024-07-04,455,Senior Policy Advisor
Nina Nguyen,Nina Nguyen,2019-01-18,2019-01-18,1,Constituency Assistant
Nina Patel,Nina Patel,2017-03-24,2017-08-30,3,"Director, CBSA Passenger Operations District, GTA Region"
Nina Sartor,Nina Sartor,2023-04-13,2025-03-11,94,Policy Advisor
Nina Tangri,Nina Tangri,2021-08-23,2021-08-23,1,"Minister, Red Tape Reduction"
Ninu Forest,Ninu Forest,2022-01-19,2023-04-19,2,Policy Advisor
Ninu Forrest,Ninu Forrest,2018-07-18,2023-07-17,230,Policy Advisor
Niomi Trembley,Niomi Trembley,2025-05-29,2025-05-29,1,Chief of Staff
Nipum Vats,Nipum Vats,2018-10-03,2019-12-03,3,"Assistant Deputy Minister, Science and Research"
Nipun Vats,Nipun Vats,2016-12-08,2025-05-27,976,Assistant Deputy Minister
Nipun Vatts,Nipun Vatts,2019-09-23,2019-09-23,1,"Assistant Deputy Minister, Science and Research"
Nira Grewal,Nina Grewal,2015-05-05,2015-05-05,1,Member of Parliament
Nirmala Naidoo,Nirmala Naidoo,2022-11-07,2025-02-10,9,Commissioner
Nirojan Kulendrarajah,Nirojan Kulendrarajah,2021-03-23,2021-04-08,2,Sector Analyst
Niru Nithiananthan,Niru Nithiananthan,2023-01-05,2023-02-07,2,Industry Analyst
Nirushaa Senthilnathan,Nirushaa Senthilnathan,2020-09-22,2020-12-10,8,Senior Analyst
Nisa Tummon,Nisa Tummon,2015-09-04,2024-10-29,10,Chief of Staff
Nisa Tummond,Nisa Tummond,2016-05-03,2016-05-03,1,Chief of Staff
Nisara Jiwani,Nisara Jiwani,2023-10-17,2025-02-04,3,Senior Analyst
Nishika Jardine,Nishika Jardine,2023-04-24,2023-04-24,1,"Colonel, Veterans Ombud"
Nishma Kassam,Nishma Kassam,2024-04-29,2024-04-29,1,"Acting Executive Advisor, Emerging Technologies"
Nishu Gulati,Nishu Gulati,2020-09-09,2023-12-01,2,Director
Nita Jolly,Nita Jolly,2017-09-08,2017-09-08,1,"Director, Integration"
Niya Stoyanova,Niya Stoyanova,2024-05-03,2024-05-03,1,Policy Analyst
Niyi Lawuyi,Niyi Lawuyi,2020-12-16,2024-10-24,4,Advisor to Director General
Nnebe Nnedimma,Nnebe Nnedimma,2021-07-14,2021-07-14,1,Analyst
Noah Gould,Noah Gould,2022-01-11,2022-01-11,1,Parliamentary Assistant
Noah Kathen,Noah Kathen,2024-08-08,2024-11-19,2,Parliamentary Assistant
Noah Moser,Noah Moser,2018-11-19,2019-10-16,3,"Director, Financial and Multiplatform Technology Analysis"
Noah Niznick,Noah Niznick,2014-01-28,2014-06-04,5,Staffer
Noble Christina,Noble Christina,2012-04-12,2012-04-12,1,Senior Policy Advisor
Nodin Nganji,Nodin Nganji,2022-10-28,2022-10-28,2,Legislative Assistant
Noel A. Kinsella,Noel A. Kinsella,2011-10-25,2011-10-25,1,Senator
Noel Burns,Noel Burns,2023-06-02,2023-06-02,1,"Manager, Strategic Policy"
Noel Eichel,Noel Eichel,2022-04-29,2022-04-29,1,"Director, Official Languages Centre of Excellence"
Noel Kinsella,Noel Kinsella,2010-10-05,2014-11-20,19,Senator
Noel Lachance,Noel Lachance,2016-03-23,2016-03-23,1,"Director, Technology Analysis Branch"
Noel Waghorn,Noel Waghorn,2021-08-04,2021-08-04,1,Senior Strategic Communications Advisor
Noelia Brito,Noelia Brito,2021-07-22,2021-07-22,1,Advisor to the Director General
Noella Kinsella,Noel A. Kinsella,2012-01-31,2012-01-31,1,Senator
Noelle Grosse,Noelle Grosse,2023-06-28,2024-05-01,2,Deputy Director
Noemi Dansereau-lavoie,Noemi Dansereau-lavoie,2020-02-12,2020-05-11,4,Policy Advisor
Noemi Fiset-temblay,Noemi Fiset-temblay,2024-10-21,2024-10-21,1,Acting Director of Policy
Noemi Julien,Noemi Julien,2014-05-07,2018-12-11,3,Chief of Staff
Noemie Danesereau-lavoie,Noemie Dansereau-lavoie,2020-11-10,2020-11-10,1,Senior Advisor
Noemie Danseareau-lavoie,Noemie Dansereau-lavoie,2020-12-16,2020-12-16,1,Senior Advisor
Noemie Danserau-lavoie,Noemie Danserau-lavoie,2020-03-26,2020-03-26,1,Advisor
Noemie Dansereau,Noemie Dansereau,2021-05-03,2021-05-03,1,Advisor
Noemie Dansereau Lavoie,Noemie Dansereau Lavoie,2020-04-23,2021-04-27,5,Senior Advisor
Noemie Dansereau-lajoie,Noemie Dansereau-lavoie,2020-03-25,2020-04-07,2,Senior Advisor
Noemie Dansereau-lavoi,Noemie Dansereau-lavoie,2020-02-18,2021-11-19,16,Senior Advisor
Noemie Dansereau-lavoie,Noemie Dansereau-lavoie,2019-07-02,2021-11-19,131,Senior Advisor
Noemie Dansereault,Noemie Dansereault,2020-05-13,2020-05-13,1,Senior Advisor
Noemie Dansereault-lavoie,Noemie Dansereault-lavoie,2020-05-13,2020-05-13,1,"Senior Advisor, Minister's Office"
Noemie Feist-tremblay,Noemie Feist-tremblay,2025-02-24,2025-02-24,1,Policy Advisor
Noemie Fiest-tremblay,Noemie Fiest-tremblay,2024-10-22,2024-10-22,1,Acting Director
Noemie Fiset Tremblay,Noemie Fiset Tremblay,2024-10-23,2024-10-23,1,Senior Policy Advisor
Noemie Fiset-tremblay,Noemie Fiset-tremblay,2024-08-19,2025-06-09,66,Director of Policy
Noemie Julien,Noemie Julien,2016-01-06,2021-11-18,13,Chief of Staff
Noemie Lavoie-dansereau,Noemie Lavoie-dansereau,2020-01-30,2020-01-30,1,Policy Advisor
Noemie Rouillard,Noemie Rouillard,2021-02-25,2021-02-25,1,Researcher
Nola Wiebe,Nola Wiebe,2017-09-27,2017-09-27,1,Senior Trade Policy Analyst
Nolan Bauerle,Nolan Bauerle,2010-12-01,2013-02-14,3,Policy Advisor to Senator
Nolan Dsouza,Nolan Dsouza,2022-04-25,2022-04-25,1,Program and Policy Fellow
Nolan Toscano,Nolan Toscano,2023-09-12,2024-07-23,8,Legislative Assistant
Nolan Wiebe,Nolan Wiebe,2024-10-10,2024-10-10,1,Senior Trade Policy Officer
Noma Sarai,Noma Sarai,2019-01-16,2021-06-25,9,Constituency Assistant to Member of Parliament
None None,None None,2010-05-31,2010-05-31,1,
Nonso Morah,Nonso Morah,2023-10-26,2023-10-26,1,Administrative and Media Assistant
Noor Sayed,Noor Sayed,2023-07-10,2023-07-10,1,Senior Business Officer
Nora Boudghene,Nora Boudghene,2021-07-23,2021-07-23,4,Intern
Nora Doerr-macewen,Nora Doerr-macewen,2024-07-31,2024-07-31,1,Manager
Nora Lee,Nora Lee,2015-01-16,2015-01-16,1,"Chief, Nutrition Regulations and Standards Division"
Nora Robinson,Nora Robinson,2018-01-22,2024-02-27,2,Policy Analyst
Norah Holt,Norah Holt,2020-08-12,2020-08-12,1,Senior Policy Advisor
Norair Serenguilian,Norair Serenguilian,2021-12-09,2021-12-09,1,"Director, Community Relations"
Norair Serengulian,Norair Serengulian,2020-06-04,2022-02-14,6,Director of Community Relations
Norbert Driedger,Norbert Driedger,2022-01-19,2022-01-19,1,Data Scientist
Norlock Rick,Norlock Rick,2012-02-16,2012-02-16,1,Member of Parliament
Norm Doyle,Norman Doyle,2016-05-03,2018-10-17,3,Senator
Norm Faulkner,Norm Faulkner,2010-11-25,2010-11-25,1,Analyst
Norm Macintosh,Norm Mcintosh,2010-10-05,2010-10-05,1,Chief of Staff
Norm Mcintosh,Norm Mcintosh,2011-06-16,2011-08-04,2,Chief of Staff
Norm Miller,Norm Miller,2010-11-03,2010-11-03,1,Member of Parliament
Norm Sheridan,Norm Sheridan,2017-08-30,2017-08-30,1,Executive Director
Norm Vocino,Norm Vocino,2008-07-23,2008-12-10,8,Deputy Chief of Staff
Norma Gonzales,Norma Gonzales,2012-01-25,2012-01-25,1,"Senior Development Officer, Burkina Faso"
Norma Gonzalez,Norma Gonzalez,2018-05-01,2018-05-01,1,"Senior Development Officer | Gender WPS Advisor, PSOPs Policy Division"
Norman Balfe,Norman Balfe,2021-06-24,2021-06-24,1,Brigadier General
Norman Doyle,Norman Doyle,2012-03-01,2019-05-15,41,Senator
Norman E Doyle,Norman Doyle,2015-06-11,2015-06-11,1,Senator
Norman E. Doyle,Norman Doyle,2015-05-11,2019-02-26,6,Senator
Norman Mallory,Norman Mallory,2015-01-26,2015-01-26,1,"Director, Strategic SATCOM Plans"
Norman Rosenblum,Norman Rosenblum,2021-05-13,2021-05-13,1,Scientific Director
Norman Tyler,Norman Tyler,2024-01-16,2024-01-16,1,Senior Regional Advisor
Normand Gagne,Normand Gagne,2013-08-13,2013-08-13,1,"Colonel, A3 Fit Rdns"
Normand Theberge,Normand Theberge,2016-06-29,2016-06-29,1,Political Advisor
Normandin Christine,Normandin Christine,2019-11-05,2019-11-05,1,Member of Parliament
Norris Tim,Norris Tim,2012-08-28,2012-08-28,1,Director of Policy
Nour Kechacha,Nour Kechacha,2018-01-15,2018-01-22,2,Special Assistant to the Chief of Staff and Principal Secretary
Nour Kechcha,Nour Kechacha,2018-01-19,2018-01-19,1,Special Assistant to the Chief of Staff and Principal Secretary
Nour Rashid,Nour Rashid,2024-04-03,2024-04-03,1,Counsel
Noura El-khoury,Noura El-khoury,2023-05-18,2023-05-18,1,Policy Planning and Performance Officer
Noura Mansour,Noura Mansour,2023-09-20,2024-05-28,3,Legislative Assistant
Nouresh Raghubeer,Nouresh Raghubeer,2012-11-20,2012-11-20,2,Policy Advisor
Nourhan Hegazy,Nourhan Hegazy,2017-03-31,2017-03-31,1,Client Experience Branch
Nowers Kathryn,Nowers Kathryn,2016-02-09,2016-02-09,1,Policy Advisor
Nuha Maisonneuve,Nuha Maisonneuve,2025-03-05,2025-03-05,1,Senior Program Officer
Nuhad Zoght,Nuhad Zoght,2024-06-27,2024-06-27,1,Director
Nurelle Mehta,Nurelle Mehta,2023-01-13,2023-01-13,1,Constituency Manager
Nurlan Karybekov,Nurlan Karybekov,2023-02-07,2023-02-07,1,"Senior Advisor, Policy and Programs"
Nutan Behki,Nutan Behki,2022-02-18,2025-03-13,9,"Assistant Deputy Minister, Project Management and Delivery"
Nycole Turmel,Nycole Turmel,2011-06-18,2015-02-25,62,Member of Parliament
Nycole Turmell,Nycole Turmell,2011-11-14,2012-02-28,2,Leader
Nycole Turner,Nycole Turner,2015-02-04,2015-02-04,1,Member of Parliament
Nyree St-denis,Nyree St-denis,2014-02-20,2014-02-20,1,"Manager, Public Affairs"
Nyssa Mcleod,Nyssa Mcleod,2019-07-30,2019-07-30,1,Policy Analyst
