raw name,cleaned name,first_appearance,last_appearance,count,title
B. Ernewein,B. Ernewein,2014-02-24,2014-07-29,6,Director General
B. Mario Pinto,B. Mario Pinto,2015-02-12,2015-03-30,2,President
Babara Henry,Babara Henry,2021-01-29,2021-01-29,1,Director of Operations
Badrane Erhioui,Badrane Erhioui,2021-06-22,2021-06-22,2,Manager
Baetz Candice,Baetz Candice,2013-12-11,2013-12-11,1,"Special Assistant, Policy"
Bafetigue Ouattara,Bafetigue Ouattara,2024-05-28,2024-05-28,1,Ambassador to Canada
Bagnell Larry,Bagnell Larry,2020-10-08,2020-10-08,1,Member of Parliament
Bahadur Singh Vinning,Bahadur Vinning,2017-12-08,2017-12-08,1,"Regional Affairs Manager, Pacific"
Bahadur Vinning,Bahadur Vinning,2017-05-23,2021-06-02,18,"Regional Affairs Manager, Pacific"
Baharnesh Teshome,Baharnesh Teshome,2025-04-15,2025-05-06,3,Trade Commissioner
Bahoz Dara Aziz,Bahoz Dara Aziz,2023-05-24,2024-05-14,5,Press Secretary
Bahoz Daraaziz,Bahoz Daraaziz,2022-09-23,2022-09-23,1,Issues Management
Bailey Dennis,Bailey Dennis,2023-06-13,2023-06-13,1,Parliamentary Assistant
Bains Aneeta,Bains Aneeta,2019-05-08,2019-05-08,1,Assistant Deputy Minister and Chief Digital Officer
Bains Navdeep,Bains Navdeep,2010-10-20,2015-12-11,3,"Minister, Innovation, Science and Economic Development"
Baird John,Baird John,2010-12-03,2010-12-03,1,Minister
Baker Evan,Baker Evan,2008-07-15,2008-07-15,1,"Special Assistant, Policy"
Bal Ghosal,Bal Ghosal,2011-08-04,2011-08-04,1,"Minister, Sport"
Bal Gosal,Bal Gosal,2011-06-22,2015-06-18,129,Member of Parliament
Bal Gossal,Bal Gossal,2012-03-01,2014-10-06,2,Member of Parliament
Bal Gpsal,Bal Gpsal,2013-07-30,2013-07-30,1,Minister of State
Balil Khan,Balil Khan,2012-06-12,2012-06-12,1,"Senior Advisor, Policy"
Ballantyne Meena,Ballantyne Meena,2008-12-10,2008-12-10,1,Assistant Deputy Minister
Balsharan Rakhra,Balsharan Rakhra,2023-10-24,2023-10-24,2,Deputy Director
Baltej Dhillon,Baltej Dhillon,2025-06-11,2025-06-11,1,Senator
Baltej Singh Dhillon,Baltej Singh Dhillon,2025-03-27,2025-03-27,1,Senator
Ban Lobb,Ben Lobb,2011-10-19,2011-10-19,1,Member of Parliament
Banafsheh Shamdani,Banafsheh Shamdani,2022-12-16,2022-12-16,1,Parliamentary Assistant
Banerjee Ritu,Banerjee Ritu,2023-06-05,2023-06-05,1,Assistant Deputy Minister
Banjamin Martiner,Banjamin Martiner,2017-10-17,2017-10-17,1,Director of Operations
Barabara Haidn,Barbara Haidn,2021-05-21,2021-05-21,1,Senior Advisor
Barb Bucknall,Barb Bucknall,2020-03-16,2020-03-16,1,Senior Policy Analyst
Barb Johnston,Barb Johnston,2024-09-17,2024-09-17,1,"Ecosystem Scientist, Species at Risk"
Barb Ouelette,Barb Ouelette,2008-10-21,2008-10-21,1,Executive Director
Barb Sabourin,Barb Sabourin,2014-02-26,2014-02-26,1,Director General
Barb Van Noord,Barb Van Noord,2019-07-09,2020-02-11,3,"Vice President, Systems Operations"
Barbar Glover,Barbara Glover,2017-05-02,2017-05-02,1,Assistant Deputy Minister
Barbara A Jordan,Barbara A Jordan,2011-02-24,2011-02-24,1,"Associate Vice President, Policy"
Barbara Anderson,Barbara Anderson,2008-10-23,2010-06-16,8,Assistant Deputy Minister
Barbara Benning,Barbara Benning,2008-12-02,2009-10-19,2,Senior Executive Director
Barbara Brown,Barbara Brown,2009-02-02,2009-02-02,1,Director General
Barbara Bucknell,Barbara Bucknell,2013-09-05,2022-11-21,9,Senior Policy Analyst
Barbara Butler,Barbara Butler,2012-01-25,2012-01-25,1,Acting Director
Barbara Conway,Barbara Conway,2011-11-16,2011-11-16,1,Corporate Secretary to the Council
Barbara Crann,Barbara Crann,2021-05-17,2022-01-11,2,Executive Assistant
Barbara Curran,Barbara Curran,2016-09-13,2016-11-30,2,Senior Director
Barbara Di Bacco,Barbara Di Bacco,2024-05-23,2024-05-23,1,"Chief, Research Development"
Barbara Doan,Barbara Doan,2017-02-16,2017-02-16,1,Director
Barbara Fleury,Barbara Fleury,2018-01-18,2018-01-18,1,Executive Director
Barbara Fullarton,Barbara Fullarton,2023-06-05,2023-06-05,1,Senior Policy Advisor
Barbara Gibbon,Barbara Gibbon,2020-04-02,2024-12-01,7,Director General
Barbara Glover,Barbara Glover,2009-12-03,2017-10-27,58,Assistant Deputy Minister
Barbara Gray,Barbara Gray,2020-03-30,2020-03-30,1,Program Officer
Barbara Haidn,Barbara Haidn,2013-10-08,2025-05-21,70,Senior Advisor
Barbara Harvey,Barbara Harvey,2025-01-10,2025-02-18,2,Deputy Director
Barbara Hebert,Barbara Hebert,2008-07-25,2009-03-27,14,Vice President
Barbara Henry,Barbara Henry,2019-12-04,2023-05-09,29,Director of Operations
Barbara Herbert,Barbara Hebert,2009-06-23,2009-06-23,1,Vice President
Barbara Heyes,Barbara Heyes,2013-09-19,2013-11-25,3,Scheduling Assistant
Barbara Heys,Barbara Heyes,2015-03-03,2015-03-03,1,Scheduling Assistant
Barbara J. Sabourin,Barbara Sabourin,2013-05-03,2013-05-03,1,Director General
Barbara Jamieson,Barbara Jamieson,2024-06-05,2024-06-05,1,Constituency Assistant
Barbara Jordan,Barbara Jordan,2008-09-11,2021-02-19,42,Associate Vice President
Barbara Kagedan,Barbara Kagedan,2013-05-29,2017-03-08,11,Senior Policy Advisor
Barbara Kagedon,Barbara Kagedon,2016-01-15,2016-01-15,1,Senator
Barbara Koop,Barbara Koop,2020-02-18,2020-05-07,5,Executive Assistant
Barbara Laine Kagedan,Barbara Laine Kagedan,2015-05-04,2016-10-04,2,Senior Policy Advisor
Barbara Laine Kegedan,Barbara Laine Kagedan,2014-09-17,2014-09-17,1,Senior Policy Advisor
Barbara Lee,Barbara Lee,2018-04-11,2018-09-26,5,Director
Barbara Moran,Barbara Moran,2011-04-14,2023-12-06,10,Executive Director
Barbara Morin,Barbara Morin,2011-04-27,2011-04-27,1,Federal-Provincial-Territorial Relations
Barbara Mortzney,Barbara Mortzney,2016-12-07,2016-12-07,1,Chief
Barbara Motzney,Barbara Motzney,2008-11-25,2021-07-21,77,Assistant Deputy Minister
Barbara Muir,Barbara Muir,2011-05-18,2011-12-05,2,Director of Regional Development
Barbara Orvitz,Barbara Orvitz,2023-12-11,2023-12-11,1,Stakeholder Relations Advisor
Barbara Ouellet,Barbara Ouellet,2008-08-13,2008-08-13,1,Executive Director
Barbara Raymond,Barbara Raymond,2012-02-27,2021-05-13,5,Executive Health Advisor
Barbara Russell,Barbara Russell,2022-06-22,2023-10-24,2,"Director, Competition and Strategic Initiatives"
Barbara Sabourin,Barbara Sabourin,2010-01-29,2015-12-03,10,Director General
Barbara Winters,Barbara Winters,2017-05-30,2017-05-30,1,Counsel
Barbara-sofia Poulain,Barbara-sofia Poulain,2017-03-30,2017-03-30,1,Commercial Delegate
Barbatus Gatoto,Barbatus Gatoto,2016-03-09,2016-03-09,1,Manager
Barbora Glover,Barbara Glover,2015-03-24,2015-03-24,1,Assistant Deputy Minister
Barbra Gray,Barbra Gray,2021-04-01,2021-04-01,1,Environmental Policy Analyst
Bardish Chageer,Bardish Chageer,2016-02-16,2016-02-16,1,"Minister, SMEs and Tourism"
Bardish Chaggar,Bardish Chaggar,2016-02-05,2017-06-05,4,"Minister, Small Business and Tourism"
Bardish Chagger,Bardish Chagger,2015-11-12,2025-02-03,331,Member of Parliament
Bari Miller,Bari Miller,2016-09-14,2021-12-16,19,Legislative Manager
Barlow John,Barlow John,2020-01-30,2020-01-30,1,Member of Parliament
Barn-yen Li,Barn-yen Li,2018-08-09,2023-09-27,7,Senior Advisor
Barnes Karla,Barnes Karla,2013-04-09,2013-04-09,1,Policy Advisor
Barney De Schneider,Barney De Schneider,2009-01-26,2009-01-26,1,"Assistant Commissioner of Patents | Director, Patent Branch"
Barrack Radey,Barrack Radey,2020-07-14,2020-07-14,1,Director of Operations
Barrett Allison,Barrett Allison,2013-03-05,2013-03-05,1,Policy Advisor
Barrett Bingley,Barrett Bingley,2008-07-04,2008-08-06,3,Senior Policy Advisor
Barrett Halliday,Barrett Halliday,2022-02-15,2023-06-26,3,Director
Barry Campbell,Barry Campbell,2017-06-13,2017-06-13,1,Senator
Barry Desormeaux,Barry Desormeaux,2012-01-27,2012-01-27,1,Director
Barry Devolin,Barry Devolin,2010-11-03,2015-06-17,39,Member of Parliament
Barry Goodwin,Barry Goodwin,2009-09-03,2010-04-07,2,Executive Director
Barry Green,Barry Green,2017-05-08,2017-05-08,1,"Manager, Market Access Policy"
Barry Jeffrey,Barry Jeffrey,2013-04-23,2013-04-23,1,"Manager, Environmental Assessment"
Barry Kong,Barry Kong,2022-10-19,2022-10-19,1,Director
Barry Lacombe,Barry Lacombe,2016-06-06,2019-06-05,62,Senior Special Assistant
Barry Larcoque,Barry Larocque,2009-06-12,2009-06-12,1,Account Manager
Barry Larocque,Barry Larocque,2009-06-16,2009-07-28,3,Account Manager
Barry Mackillop,Barry Mackillop,2008-12-05,2022-01-25,20,Deputy Director
Barry Mccallum,Barry Mccallum,2018-04-12,2018-04-12,1,"Acting Director, Science"
Barry Mckillop,Barry Mckillop,2021-06-03,2021-06-03,1,Deputy Director
Barry Raison,Barry Raison,2012-09-27,2016-12-14,15,Policy Advisor
Barry Rashotte,Barry Rashotte,2009-06-01,2009-06-01,1,Acting Director General
Barry Runicman,Barry Runicman,2011-11-28,2011-11-28,1,Senator
Barry Shields,Barry Shields,2018-04-25,2018-04-25,1,Member of Parliament
Barry Smith,Barry Smith,2015-04-16,2016-08-12,2,Director
Bas Gosal,Bal Gosal,2011-06-16,2011-06-16,1,Member of Parliament
Bashir Manji,Bashir Manji,2012-09-06,2012-09-06,1,Executive Director
Basil Alsalti,Basil Alsalti,2020-05-01,2020-05-01,1,"Project Officer, Engineering"
Basil Van Havre,Basile Van Havre,2017-07-27,2017-08-04,2,Director General
Basile Van Harve,Basile Van Harve,2013-09-10,2013-09-10,1,Director
Basile Van Havre,Basile Van Havre,2009-03-10,2024-01-26,20,Director General
Basile Von Havre,Basile Von Havre,2009-11-02,2010-12-17,2,"Director, Population Conservation and Management"
Basilevan Havre,Basile Van Harve,2010-03-30,2010-03-30,1,Director
Bassam Javed,Bassam Javed,2024-08-21,2024-08-21,1,Program Engineer
Bastiaan Sluijmers,Bastiaan Sluijmers,2018-03-26,2018-03-26,1,Staffer
Batchelor Blair,Batchelor Blair,2021-05-14,2021-05-14,1,Deputy Director
Batoul Hussain,Batoul Hussain,2024-12-11,2025-04-16,2,"Senior Program Officer, East Africa"
Battuya Myagmarsuren,Battuya Myagmarsuren,2025-01-10,2025-01-10,1,Trade Commissioner Assistant
Batul Presswala,Batul Presswala,2023-03-30,2023-03-30,1,Policy Analyst
Batul Presswalla,Batul Presswala,2022-11-25,2022-11-25,1,Policy Analyst
Bayan Kadari,Bayan Kadri,2024-09-19,2024-09-19,1,Policy Advisor
Bayan Kadri,Bayan Kadri,2023-04-18,2025-06-13,13,Policy Advisor
Bayla Kolk,Bayla Kolk,2009-06-26,2015-11-18,8,Assistant Deputy Minister
Beale Mike,Beale Mike,2009-03-25,2017-10-31,8,Assistant Deputy Minister
Beata Nawack,Beata Nawacki,2024-07-31,2024-07-31,1,Policy Advisor
Beata Nawacki,Beata Nawacki,2024-02-06,2025-02-27,55,Policy Advisor
Beaton Michael,Beaton Michael,2014-04-23,2014-04-23,1,Director of Policy and Stakeholder Outreach
Beatrice Irabahinyuje,Beatrice Irabahinyuje,2021-02-12,2021-02-12,1,"Manager, Policy and Programs"
Beatrice Lall,Beatrice Lall,2014-08-05,2015-03-31,35,Manager
Beatrice Lavallee,Beatrice Lavallee,2020-02-18,2024-05-22,6,Parliamentary Secretary
Beatrice Van Rutten,Beatrice Van Rutten,2014-03-24,2014-03-24,1,"Legal Counsel, Industry Canada Legal Services"
Beattie Berit,Beattie Berit,2022-11-30,2022-11-30,1,Policy Advisor
Beauchemin Simon,Beauchemin Simon,2017-08-17,2020-01-30,3,Director of Policy
Beaulieu Sebastien,Beaulieu Sebastien,2020-02-12,2020-02-12,1,Ambassador of Senegal
Beaulne Dave,Beaulne Dave,2010-12-09,2010-12-09,1,"Legislative Chief, International Outbound Investment and Tax Legislation"
Beck Dysart,Beck Dysart,2024-03-05,2024-03-05,1,Policy Advisor
Beck Stefanie,Beck Stefanie,2023-09-26,2024-09-18,2,Deputy Minister
Becky Carleton,Becky Carleton,2012-09-14,2012-09-14,1,Executive Assistant
Becky Dykshoorn,Becky Dykshoorn,2016-12-20,2016-12-20,1,Constituency Office Manager and Community Liaison
Becky Mes,Becky Mes,2024-02-09,2024-02-09,1,Project Leader
Becky Whitworth,Becky Whitworth,2025-03-03,2025-03-03,1,Constituent Assistant
Bedard Sylvain,Bedard Sylvain,2017-03-24,2017-03-24,1,"Senior Advisor, Quebec Regional Affairs and Operations"
Bednarek Ken,Bednarek Ken,2008-11-06,2008-11-06,1,Senior Policy Advisor
Belanger Karl,Belanger Karl,2012-11-16,2012-11-16,1,Principal Secretary for the Leader of the Opposition
Belen Gallardo,Belen Gallardo,2021-03-02,2021-05-25,6,Senior Policy Officer
Belinda Kato,Belinda Kato,2025-04-17,2025-04-17,1,"Senior Policy Advisor, International Relations and Trade Policy"
Belinda White,Belinda White,2009-07-21,2013-02-14,5,Chief of Staff
Belleau Jacqueline,Belleau Jacqueline,2016-12-22,2024-05-30,2,Director of Operations
Bellemare Diane,Bellemare Diane,2015-03-11,2020-07-06,2,Legislative Deputy to the Government Representative
Belqies Hamidzada,Belqies Hamidzada,2019-04-09,2019-09-24,3,Policy Analyst
Bem Chin,Bem Chin,2020-03-24,2020-03-24,1,Senior Advisor
Ben,Ben,2018-11-07,2018-11-07,1,Chief of Staff
Ben Amor,Ben Amor,2023-09-08,2024-02-20,4,Director | Professor
Ben Bednarek,Ben Bednarek,2012-09-22,2012-09-22,1,Senior Policy Advisor
Ben Berman,Ben Berman,2016-05-04,2024-08-13,28,"Special Assistant, Western Desk"
Ben Carr,Ben Carr,2016-06-07,2025-06-11,97,Member of Parliament
Ben Carriere,Ben Carriere,2024-01-08,2024-10-15,6,Legislative Assistant
Ben Charland,Ben Charland,2016-02-09,2017-02-15,2,Policy Advisor
Ben Chin,Ben Chin,2017-11-20,2025-03-17,1364,Senior Advisor
Ben Chine,Ben Chine,2018-07-15,2018-07-15,1,Chief of Staff
Ben Chinn,Bem Chin,2024-02-14,2024-02-14,1,Senior Advisor
Ben Copp,Ben Copp,2017-05-25,2024-03-27,4,Senior Director
Ben Forer,Ben Forer,2019-05-22,2023-03-23,9,Policy Advisor
Ben Gailor,Ben Gailor,2017-09-19,2017-09-19,1,Analyst
Ben Gilding,Ben Gilding,2015-05-14,2015-05-14,1,Policy and Communications Assistant
Ben Gully,Ben Gully,2019-04-03,2025-05-29,77,Assistant Superintendent
Ben Gunn-doerge,Ben Gunn-doerge,2017-11-09,2017-11-09,1,Legislative Assistant
Ben Hamilton,Ben Hamilton,2009-01-14,2009-05-29,14,"Director, Issues Management"
Ben Harley,Ben Hartley,2017-03-21,2017-03-21,1,Senior Advisor to the Parliamentary Secretary
Ben Hartley,Ben Hartley,2016-02-17,2017-11-09,62,Senior Advisor to the Parliamentary Secretary
Ben Hartly,Ben Hartly,2017-02-16,2017-02-16,1,"Policy Advisor, Office of the Minister of Environment and Climate Change"
Ben Hatley,Ben Hartley,2017-06-14,2017-06-14,1,Senior Advisor to the Parliamentary Secretary
Ben Hooker,Ben Hooker,2020-06-08,2020-06-08,1,"Executive Assistant to the Chief of Staff, Minister of Agriculture and Agri-Food"
Ben Howe,Ben Howe,2018-04-09,2018-04-09,1,Member of Parliament
Ben Johnson,Ben Johnson,2017-12-12,2017-12-13,4,Negotiator
Ben Letts,Ben Letts,2015-03-17,2015-03-17,1,Team Leader
Ben Lobb,Ben Lobb,2009-02-23,2024-12-17,422,Member of Parliament
Ben Lones,Ben Lones,2016-04-04,2024-05-17,5,Senior Policy Advisor
Ben Marc Diendere,Ben Marc Diendere,2024-05-13,2025-02-13,3,Permanent Observer to the African Union
Ben Marega,Ben Marega,2022-09-02,2025-02-28,5,"Regional Coordinator, Horizontal Policy"
Ben Martin,Ben Martin,2011-10-17,2024-11-26,15,Chief of Staff
Ben Parsley,Ben Parsley,2021-04-14,2021-04-14,1,Policy Advisor
Ben Parsons,Ben Parsons,2011-03-11,2016-06-25,2,Issues Manager
Ben R Gully,Ben Gully,2021-05-13,2022-06-22,2,Assistant Superintendent
Ben Sambivasan,Ben Sambivasan,2018-11-26,2018-11-26,1,Policy Advisor
Ben Sharkes,Ben Sharkes,2023-10-26,2023-10-26,1,Director of Communications
Ben Smith,Ben Smith,2023-05-24,2023-05-24,1,Chief of Staff
Ben Sparkes,Ben Sparkes,2020-02-06,2024-02-08,6,Director of Operations
Ben Steylen,Ben Steylen,2021-04-21,2021-04-21,1,Manager
Ben Stickles,Ben Stickles,2024-02-12,2025-01-31,2,Acting Unit Head
Ben Tassel,Ben Tassel,2022-02-16,2022-02-16,1,Parliamentary Assistant
Ben Tassell,Ben Tassell,2023-12-04,2024-10-24,5,Staffer
Ben Violette,Ben Violette,2011-07-19,2011-07-19,1,Senior Policy Advisor
Ben Waetford,Ben Waetford,2017-03-28,2017-03-28,1,"Director, Intervention Strategy and Operations"
Ben Wiles,Ben Wiles,2024-02-15,2025-04-03,70,Chief of Staff
Ben Woodfinden,Ben Woodfinden,2023-03-02,2023-08-29,2,Director of Communications
Benadicta Arthur,Benadicta Arthur,2021-01-07,2021-01-07,1,Legislative Assistant
Benay Alex,Benay Alex,2017-09-13,2017-09-13,1,Chief Information Officer
Bendayab Rachel,Bendayab Rachel,2016-04-04,2016-04-04,1,Chief of Staff
Bendicta Arthur,Bendicta Arthur,2021-11-17,2021-11-17,1,Parliamentary Research Assistant
Benedict Sebastien,Benedict Sebastien,2013-03-28,2013-03-28,1,Senior Policy Advisor
Benedicta Arthur,Benedicta Arthur,2021-01-07,2024-07-25,17,Parliamentary Affairs Advisor
Benedicte Lamoureux,Benedicte Lamoureux,2017-10-17,2017-10-17,2,Senior Investment Analyst
Beniot Giroux,Beniot Giroux,2023-09-26,2023-09-26,1,Senior Policy Advisor
Beniot Violette,Benoit Violette,2012-05-09,2012-05-09,1,Senior Policy Advisor
Beniot Viollette,Benoit Violette,2012-12-05,2012-12-05,1,Senior Policy Advisor
Benjamin Bergen,Benjamin Bergen,2014-03-17,2014-03-17,1,Constituency Assistant
Benjamin Berman,Benjamin Berman,2016-05-19,2017-01-19,3,"Special Assistant, Western Desk"
Benjamin Bisset,Benjamin Bisset,2014-12-15,2014-12-15,1,Policy Analyst
Benjamin Bronsema,Benjamin Bronsema,2024-02-16,2024-04-09,3,Staffer to Member of Parliament
Benjamin Caron,Benjamin Caron,2022-02-23,2022-02-23,1,Constituency Assistant
Benjamin Curry,Benjamin Curry,2024-09-17,2024-09-17,1,Landscape Ecologist
Benjamin Diepeveen,Benjamin Diepeveen,2021-04-09,2021-04-09,1,Policy Analyst
Benjamin Doyle,Benjamin Doyle,2024-06-07,2024-06-07,1,Manager
Benjamin Ebadi,Benjamin Ebadi,2022-11-09,2025-03-24,6,Policy Advisor
Benjamin Ebella,Benjamin Ebella,2025-01-30,2025-01-30,1,Trade Commissioner | Business Advisor
Benjamin Eliasoph,Benjamin Eliasoph,2008-09-26,2008-09-26,2,Trade Commissioner
Benjamin Gunn-doerge,Benjamin Gunn-doerge,2022-11-15,2022-11-15,3,Senior Procedural Advisor
Benjamin Hooker,Benjamin Hooker,2017-12-07,2022-11-25,7,Executive Assistant to the Chief of Staff
Benjamin Howe,Benjamin Howe,2019-04-03,2020-02-04,5,Special Assistant
Benjamin Johnson,Benjamin Johnson,2023-05-11,2023-05-11,1,Research and Policy Analyst
Benjamin Lachance,Benjamin Lachance,2020-12-02,2020-12-02,1,Parliamentary Secretary
Benjamin Lukenchuk,Benjamin Lukenchuk,2023-05-01,2023-05-01,1,Economist
Benjamin Magnus,Benjamin Magnus,2025-03-31,2025-03-31,1,Senior Trade Policy Officer
Benjamin Mahon,Benjamin Mahon,2024-11-20,2024-11-20,1,"Senior Director, Health, Housing and Wage"
Benjamin Martin,Benjamin Martin,2012-09-20,2024-11-07,30,Staffer
Benjamin Menka,Benjamin Menka,2015-03-11,2015-03-11,1,Special Assistant
Benjamin O'bright,Benjamin Obright,2019-03-20,2019-03-20,1,Specialist
Benjamin Perrin,Benjamin Perrin,2012-05-03,2013-01-23,7,Special Advisor
Benjamin Prud'homme,Benjamin Prudhomme,2018-10-30,2019-08-27,8,Policy Advisor
Benjamin Roebuck,Benjamin Roebuck,2023-06-22,2023-06-22,2,"Federal Ombudsperson, Victims of Crime"
Benjamin Silverman,Benjamin Silverman,2016-05-09,2016-05-09,1,Policy Assistant
Benjamin Sparkes,Benjamin Sparkes,2019-04-04,2025-02-07,10,Director of Operations
Benjamin Steylen,Benjamin Steylen,2021-06-23,2021-06-23,1,Manager
Benjamin Stickles,Benjamin Stickles,2022-04-29,2022-04-29,1,Policy Advisor
Benjamin Swan,Benjamin Swan,2018-03-19,2025-03-21,9,Research Analyst | Economist
Benjamin Walker,Benjamin Walker,2022-11-22,2022-11-22,1,Manager
Benjamin Whelan,Benjamin Whelan,2021-06-11,2024-03-21,6,Senior Manager
Benjamin Whelen,Benjamin Whelen,2021-10-26,2021-10-26,1,Senior Policy Advisor
Benjamin Wiles,Benjamin Wiles,2023-04-21,2025-04-10,18,Chief of Staff
Benn Carr,Ben Carr,2023-10-04,2023-10-04,1,Member of Parliament
Benn Lobb,Ben Lobb,2011-11-30,2017-06-01,3,Member of Parliament
Bennet Jensen,Bennet Jensen,2021-11-19,2021-11-19,1,Policy Advisor
Bennett Carolyn,Bennett Carolyn,2011-11-22,2018-02-27,2,Minister
Bennett Donahue,Bennett Donahue,2018-04-04,2024-09-19,8,Parliamentary Assistant
Bennett Gallant,Bennett Gallant,2024-09-10,2024-09-10,1,Junior Policy Analyst
Bennett Jensen,Bennett Jensen,2021-03-08,2022-05-06,9,Policy Advisor
Bennett Kirk,Bennett Kirk,2023-08-18,2023-08-18,1,Senior Policy Advisor
Benoir Long,Benoit Long,2013-09-24,2013-09-24,1,Senior Assistant Deputy Minister
Benoir Violette,Benoit Violette,2012-03-27,2012-03-27,1,Senior Policy Advisor
Benoit Anctil,Benoit Anctil,2024-08-28,2024-08-28,1,Senior Crash Avoidance and Research Engineer
Benoit Audet,Benoit Audet,2021-10-15,2021-11-19,3,"Coordinator, Migratory Game Bird Management Table"
Benoit Basillais,Benoit Basillais,2020-11-16,2024-01-24,41,"Director, Policy and Economics"
Benoit Bernier,Benoit Bernier,2011-10-05,2012-11-14,5,Acting Manager
Benoit Bouvier,Benoit Bouvier,2010-10-06,2013-11-04,22,Policy Advisor
Benoit Briere,Benoit Briere,2018-07-16,2024-05-01,6,"Director, Private Pension Plans Division"
Benoit Cadieux,Benoit Cadieux,2018-05-22,2022-11-15,6,Director
Benoit Chiquette,Benoit Chiquette,2013-01-15,2020-09-18,3,Director General
Benoit Cyr,Benoit Cyr,2010-11-25,2010-11-25,1,Exempt Staff
Benoit Daignault,Benoit Daignault,2012-02-29,2018-07-10,13,President and Chief Executive Officer
Benoit Daigneault,Benoit Daigneault,2014-02-14,2016-09-06,9,President and Chief Executive Officer
Benoit Desforges,Benoit Desforges,2018-12-04,2018-12-04,1,Vice President
Benoit Dube,Benoit Dube,2016-06-13,2016-06-13,1,Regulation and Standards Officer
Benoit Dupras,Benoit Dupras,2023-05-02,2023-05-02,1,Intern
Benoit Fortin,Benoit Fortin,2009-07-16,2021-10-21,10,Special Project Officer
Benoit Gendron,Benoit Gendron,2010-05-06,2022-10-13,4,Director
Benoit Girard,Benoit Girard,2021-06-28,2024-05-13,3,Director General
Benoit Giroux,Benoit Giroux,2023-09-26,2023-09-26,1,Manager | Senior Policy Advisor
Benoit Guertin,Benoit Guertin,2023-03-01,2024-01-29,2,"Executive Director, Audit and Evaluation"
Benoit Jean-luc,Benoit Jean-luc,2013-03-28,2013-03-28,1,"Director, Economic Development"
Benoit Julien,Benoit Julien,2017-10-10,2017-10-10,1,"Advisor, Industrial Technology"
Benoit Lacassess,Benoit Lacassess,2013-11-29,2013-11-29,1,Senior Environmental Officer
Benoit Lafond,Benoit Lafond,2023-04-19,2023-04-19,1,Senior Policy Analyst
Benoit Leduc,Benoit Leduc,2017-05-08,2025-03-24,51,Manager
Benoit Lefevre,Benoit Lefevre,2022-09-07,2022-11-28,3,Economic Attaché
Benoit Legault,Benoit Legault,2022-07-19,2022-07-27,2,"Director, Program Integrity"
Benoit Long,Benoit Long,2010-08-18,2023-09-05,66,Senior Assistant Deputy Minister
Benoit Lymburner,Benoit Lymburner,2019-05-01,2019-05-09,3,Director General
Benoit Manseau,Benoit Manseau,2020-02-06,2021-10-15,6,Parliamentary Assistant
Benoit Miousse,Benoit Miousse,2008-12-19,2008-12-19,1,Parliamentary Secretary
Benoit Morin,Benoit Morin,2025-05-15,2025-05-15,1,"Senior Policy Advisor, Defence"
Benoit P. Seguin,Benoit P. Seguin,2017-11-21,2017-11-21,1,"Associate Director, Operations"
Benoit Plamondon,Benoit Plamondon,2019-08-20,2021-02-11,2,Press Attaché
Benoit Prefontaine,Benoit Prefontaine,2009-10-20,2021-04-06,5,Director
Benoit Robidoux,Benoit Robidoux,2012-04-19,2018-11-27,21,Assistant Deputy Minister
Benoit Seguin,Benoit Seguin,2015-08-20,2024-05-22,9,Acting Director
Benoit Tessier,Benoit Tessier,2014-04-02,2025-04-25,141,Director General
Benoit Turcotte,Benoit Turcotte,2016-02-16,2022-07-06,10,"Director General, Transportation of Dangerous Goods"
Benoit Violette,Benoit Violette,2008-08-26,2017-05-10,86,Senior Policy Advisor
Benoit Voilette,Benoit Voilette,2012-06-15,2012-06-15,1,"Special Assistant, Policy"
Benyamin Suzanne,Benyamin Suzanne,2019-05-03,2019-05-03,2,Chief of Staff
Bequie Lake,Bequie Lake,2022-04-21,2022-04-21,1,Parliamentary Assistant
Berard Boutin,Berard Boutin,2019-11-29,2019-11-29,1,Chief of Staff
Berard Gabrielle,Berard Gabrielle,2018-03-20,2018-03-20,1,"Director, Parliamentary Affairs"
Berard Isabelle,Berard Isabelle,2011-05-18,2011-05-18,1,Director General
Berit Beattie,Berit Beattie,2022-02-02,2023-06-22,29,Policy Advisor
Bern Nunan,Bern Nunan,2022-09-06,2022-09-06,1,Parliamentary Assistant
Bernadete Jordan,Bernadete Jordan,2019-06-19,2019-06-19,1,"Minister, Rural Economic Development"
Bernadette Clement,Bernadette Clement,2021-11-15,2024-10-28,53,Senator
Bernadette Jordan,Bernadette Jordan,2016-02-02,2024-02-22,216,Member of Parliament
Bernadette Jordon,Bernadette Jordon,2016-10-04,2019-12-12,5,Member of Parliament
Bernadette Kudzin,Bernadette Kudzin,2022-02-04,2024-10-28,4,Staffer
Bernadette Power,Bernadette Power,2021-08-13,2021-08-13,1,Director
Bernadetter Jordan,Bernadetter Jordan,2019-03-28,2019-03-28,1,Member of Parliament
Bernard Bigras,Bernard Bigras,2008-12-03,2011-03-09,23,Member of Parliament
Bernard Boutin,Bernard Boutin,2016-01-21,2021-06-30,73,Chief of Staff
Bernard Bouvier,Bernard Bouvier,2010-10-19,2010-10-19,1,"Advisor, Leader of the Opposition"
Bernard Butler,Bernard Butler,2015-07-21,2018-07-25,3,Assistant Deputy Minister
Bernard Dupont,Bernard Dupont,2016-04-05,2021-04-14,8,Senior Director
Bernard Fournier,Bernard Fournier,2014-09-25,2014-09-25,1,"Director, Acquisitions"
Bernard Genereaux,Bernard Genereux,2010-11-16,2010-11-16,1,Member of Parliament
Bernard Genereu,Bernard Genereux,2018-05-28,2018-05-28,1,Member of Parliament
Bernard Genereux,Bernard Genereux,2010-10-06,2025-02-06,277,Member of Parliament
Bernard Genereux Genereux,Bernard Genereux Genereux,2023-10-24,2023-10-24,1,Member of Parliament
Bernard Generoux,Bernard Genereux,2017-10-17,2020-02-25,2,Member of Parliament
Bernard Higham,Bernard Higham,2016-10-14,2016-10-14,1,Constituency Assistant
Bernard Joel,Bernard Joel,2015-02-23,2022-10-14,2,Parliamentary Secretary
Bernard Lupien,Bernard Lupien,2023-11-21,2023-11-21,1,Manager
Bernard Made,Bernard Made,2008-07-22,2012-02-24,4,Director
Bernard Massie,Bernard Massie,2016-04-07,2016-04-07,1,General Manager
Bernard Montigny,Bernard Montigny,2017-12-11,2017-12-11,1,"Senior Director, Alternative Dispute Resolution and Processes"
Bernard Nunan,Bernard Nunan,2016-05-16,2022-10-05,9,Staffer
Bernard O'meara,Bernard Omeara,2017-10-25,2017-10-25,1,"Special Assistant, Operations and Stakeholder Relations"
Bernard Patry,Bernard Patry,2010-10-05,2011-03-23,18,Member of Parliament
Bernard Pilon,Bernard Pilon,2009-02-03,2009-02-03,2,"Chief, Issues Management"
Bernard Trotier,Bernard Trottier,2014-02-12,2014-02-12,1,Member of Parliament
Bernard Trottief,Bernard Trottier,2011-09-29,2011-09-29,1,Member of Parliament
Bernard Trottier,Bernard Trottier,2011-06-07,2015-06-04,179,Member of Parliament
Bernard Valcourt,Bernard Valcourt,2011-06-21,2015-06-22,77,Minister
Bernard Vallcourt,Bernard Vallcourt,2013-07-19,2013-07-19,1,"Minister, Aboriginal Affairs and Northern Development"
Bernard Vigneault,Bernard Vigneault,2015-11-10,2025-02-27,13,"Director General, Ecosystems Science Directorate"
Bernardo Rossani,Bernardo Rossani,2014-01-14,2014-01-14,1,Chief of Staff
Bernatte Jordan,Bernatte Jordan,2016-05-10,2016-05-10,1,Member of Parliament
Bernice Ayi,Bernice Ayi,2023-09-07,2023-09-07,1,Supply Specialist
Bernice Draper-hickey,Bernice Draper-hickey,2010-03-25,2010-03-25,1,Senior Program Advisor
Bernie Derible,Bernie Derible,2016-01-18,2017-06-13,36,Director of Issues Management
Bernier Maxence,Bernier Maxence,2020-11-17,2021-06-04,3,Senior Policy Advisor
Berrit Beattie,Berrit Beattie,2021-11-09,2021-11-09,1,Special Assistant
Berry Zinga Nkuni,Berry Zinga Nkuni,2024-05-01,2024-10-24,8,Regional Advisor
Berry Zingha Nkuni,Berry Zingha Nkuni,2024-10-08,2024-10-08,1,"Regional Advisor, Quebec and West"
Bersabel Ephram,Bersabel Ephrem,2021-11-12,2021-11-12,1,Director General
Bersabel Ephrem,Bersabel Ephrem,2015-12-09,2021-12-03,15,Director General
Bert Brown,Bert Brown,2010-09-29,2013-03-05,54,Senator
Bert Pereboom,Bert Pereboom,2021-11-24,2022-05-10,14,Senior Manager
Bert Van Den Berg,Bert Van Den Berg,2014-05-23,2019-03-04,17,Director
Berthold Luc,Berthold Luc,2018-03-16,2018-06-07,2,Member of Parliament
Bertie Beattie,Berit Beattie,2023-05-25,2023-05-25,1,Policy Advisor
Berube Dominique,Berube Dominique,2016-10-19,2016-10-19,1,"Vice President, Research Programs"
Berube Justin,Berube Justin,2020-12-07,2020-12-07,1,Special Assistant to the Minister of National Revenue
Berverly J. Oda,Beverley J. Oda,2010-05-06,2010-05-06,1,"Minister, International Cooperation"
Berzins Christopher A,Berzins Christopher A,2017-02-01,2017-02-01,1,Director of Policy
Beth Graham,Beth Graham,2009-12-15,2010-10-19,2,Special Assistant
Beth Macneil,Beth Macneil,2016-09-13,2022-06-24,178,Assistant Deputy Minister
Beth Macneill,Beth Macneil,2018-04-23,2018-04-23,1,Assistant Deputy Minister
Beth Marshall,Beth Marshall,2016-10-25,2016-10-25,1,Senator
Beth Mcneil,Beth Macneil,2018-11-22,2022-01-12,4,Assistant Deputy Minister
Beth Pieterson,Beth Pieterson,2012-04-24,2016-02-09,2,Acting Director General
Beth Richardson,Beth Richardson,2023-12-15,2024-03-06,2,"Consul General, Minneapolis"
Beth Rohr,Beth Rohr,2018-03-16,2018-03-16,1,Manager
Beth Stanley,Beth Stanley,2023-01-20,2023-01-20,1,Senior Policy Analyst
Bethany Ann Bernier,Bethany Ann Bernier,2024-12-03,2024-12-03,1,"Policy Analyst, Social"
Bethany Livingstone,Bethany Livingstone,2016-09-28,2016-09-28,1,Staffer
Bethany Rooke,Bethany Rooke,2022-11-28,2022-11-29,2,Parliamentary Assistant
Bethany Vogler,Bethany Vogler,2014-03-23,2014-03-25,3,"Special Assistant, Communications"
Bethlehem Duche Telahun Telahun,Bethlehem Duche Telahun Telahun,2014-10-29,2014-10-29,1,Intern
Betsy Mcneil,Betsy Mcneil,2020-06-11,2020-06-11,1,Assistant Deputy Minister
Betti-jo Ruston,Betti-jo Ruston,2018-08-02,2018-08-02,1,Trade Commissioner
Bettina Hamblin,Bettina Hamelin,2016-08-26,2016-08-26,1,Vice President
Bettina Hamelin,Bettina Hamelin,2015-11-12,2017-05-15,18,Vice President
Bettina Roth,Bettina Roth,2015-04-29,2015-04-29,1,Managing Director
Betty E. Unger,Betty Unger,2012-02-06,2015-02-25,3,Senator
Betty So,Betty So,2016-05-12,2016-07-15,2,Constituency Assistant
Betty Tam,Betty Tam,2020-05-06,2020-05-06,1,Consultant
Betty Ungar,Betty Unger,2012-03-14,2012-03-14,1,Senator
Betty Unger,Betty Unger,2012-03-14,2018-05-23,44,Senator
Betty-ann Meyers,Betty-ann Meyers,2013-06-12,2013-06-12,1,"Administrative Assistant, External Relations"
Bev Boyd,Bev Boyd,2013-04-29,2013-04-29,1,"Executive Director, Border Program"
Bev Busson,Bev Busson,2018-11-22,2024-12-03,93,Senator
Bev Carmichael,Bev Carmichael,2015-05-01,2015-06-15,4,"First Secretary, Development and Consul"
Bev J. Oda,Bev J. Oda,2010-11-29,2010-11-29,1,Minister
Bev Oda,Bev Oda,2008-07-06,2012-05-28,45,"Minister, International Cooperation"
Bev Shipley,Bev Shipley,2008-08-01,2019-06-18,506,Member of Parliament
Bev Shipoley,Bev Shipley,2013-02-11,2013-02-11,1,Member of Parliament
Bev Therrien,Bev Therrien,2021-10-15,2022-07-28,2,"Manager, Entrepreneurship Programs and Partners"
Bev Young,Bev Young,2020-02-04,2020-02-04,1,Senior Policy Analyst
Beverlee Oda,Beverlee Oda,2009-02-23,2009-05-13,2,Minister
Beverley Busson,Beverley Busson,2018-11-22,2020-05-29,3,Senator
Beverley J. Oda,Beverley J. Oda,2010-02-04,2011-11-22,3,"Minister, International Cooperation"
Beverley Oda,Beverley Oda,2009-03-20,2012-03-15,25,"Minister, International Cooperation"
Beverley Young,Beverley Young,2019-09-24,2020-02-06,2,Assistant Deputy Director
Beverly Beverly Oda,Beverly Beverly Oda,2009-03-25,2009-03-25,1,"Minister, International Cooperation"
Beverly Boyd,Beverly Boyd,2013-10-17,2015-08-31,4,Executive Director
Beverly Busson,Beverley Busson,2019-02-19,2019-02-19,1,Senator
Beverly J Oda,Beverlee Oda,2011-11-02,2012-03-05,2,Minister
Beverly J. Oda,Beverlee Oda,2012-05-30,2012-05-30,1,Minister
Beverly Jane Macadam,Beverly Jane Macadam,2024-04-17,2024-04-17,1,Senator
Beverly Oda,Beverley Oda,2009-02-24,2011-11-21,8,"Minister, International Cooperation"
Beverly Shipley,Beverly Shipley,2019-06-18,2019-06-18,1,Member of Parliament
Beverly Uibel,Beverly Uibel,2013-10-31,2013-10-31,1,Senior Business Officer
Beverly Young,Beverly Young,2012-11-14,2015-04-09,7,Policy Advisor
Bevington Dennis,Bevington Dennis,2014-06-02,2014-06-02,1,Member of Parliament
Bezan James,Bezan James,2011-11-01,2024-06-18,2,Member of Parliament
Bgen Brendon Cook,Bgen Brendon Cook,2024-09-25,2024-09-25,1,Director General
Bgen Chris Moyle,Bgen Chris Moyle,2025-06-11,2025-06-11,1,Commandant
Bgen Colin Keiver,Bgen Colin Keiver,2019-08-22,2019-08-22,1,Director General
Bgen J.p. Thibert,Bgen J.P. Thibert,2024-08-27,2024-08-27,1,"Director General, Air Strategic Resources and Air Reserve"
Bgen Pitre,Bgen Pitre,2010-04-30,2010-04-30,1,"Commander, Canadian Air Division"
Bgen Scott Kennedy,Bgen Scott Kennedy,2013-08-22,2013-08-22,1,"Director General, Land Equipment Program Management"
Bhagirath Singh,Bhagirath Singh,2009-01-19,2009-01-19,1,"Scientific Director, Infection and Immunity"
Bharat Raj Paudyal,Bharat Raj Paudyal,2024-11-05,2024-11-05,1,"Ambassador, Nepal"
Bhavik Thakkar,Bhavik Thakkar,2022-08-23,2022-11-21,2,"Manager, Stakeholder Engagement"
Bianca Bertrand,Bianca Bertrand,2011-12-01,2011-12-01,1,"Director General, Executive Management Policy"
Bianca Geneblaza,Bianca Geneblaza,2023-12-04,2023-12-04,1,Administrative Officer
Bianca Gonsalves,Bianca Gonsalves,2019-02-22,2019-02-22,1,Assistant Director
Bianca Gucciardi Gonsalves,Bianca Gucciardi Gonsalves,2019-04-29,2019-04-29,1,Assistant Director
Bianca Hossaid,Bianca Hossaid,2020-04-15,2020-04-15,1,"Special Assistant, Policy"
Bianca Hossain,Bianca Hossain,2020-02-11,2025-03-04,492,Senior Special Assistant
Bianca Hossaini,Bianca Hossaid,2021-02-03,2021-02-03,1,"Special Assistant, Policy"
Bianca Hossein,Bianca Hussein,2020-05-04,2023-08-17,4,Policy Advisor
Bianca Hossian,Bianca Hossian,2021-05-14,2022-06-21,2,Senior Policy Advisor
Bianca Houssain,Bianca Houssain,2022-09-07,2024-02-27,2,Policy Coordinator
Bianca Hussaini,Bianca Hossaid,2020-05-29,2020-05-29,1,"Special Assistant, Policy"
Bianca Hussein,Bianca Hussein,2020-04-01,2024-10-23,5,Policy Advisor
Bianca Husseini,Bianca Hussein,2022-10-17,2022-10-17,1,Policy Advisor
Biance Vong,Biance Vong,2024-10-22,2024-10-22,1,Policy Advisor
Bibeau Marie-claude,Bibeau Marie-claude,2015-12-03,2019-03-05,2,"Minister, Agriculture and Agri-Food Canada"
Bibi Hakim,Bibi Hakim,2022-06-23,2025-06-09,13,Parliamentary Affairs Advisor
Bikaram Sandhu,Bikaram Sandhu,2020-09-28,2020-09-28,1,Policy Advisor
Biljana Bozickovic,Biljana Bozickovic,2023-02-27,2023-02-27,1,Assistant to the Ambassador
Bill Anderson,Bill Anderson,2010-05-04,2019-09-04,7,Executive Director
Bill Baker,Bill Baker,2008-09-30,2011-10-19,4,"Commissioner, CRA"
Bill Balan,Bill Balan,2017-07-06,2018-10-12,3,"Director, Regional Affairs"
Bill Bavis,Bill Bavis,2020-04-06,2020-04-06,1,"Vice President, Newfoundland"
Bill Blair,Bill Blair,2015-12-03,2025-03-07,272,Minister
Bill Blaire,Bill Blaire,2018-04-24,2018-04-24,1,Parliamentary Secretary
Bill Brake,Bill Brake,2018-04-17,2021-02-23,4,"Field Unit Superintendent, Eastern Newfoundland"
Bill Breckenridge,Bill Breckenridge,2017-03-15,2017-03-15,1,Assistant Deputy Minister
Bill Casey,Bill Casey,2015-12-09,2019-06-06,219,Member of Parliament
Bill Cassey,Bill Casey,2017-06-08,2017-06-08,1,Member of Parliament
Bill Crosbie,Bill Crosbie,2012-09-25,2012-12-04,2,Assistant Deputy Minister
Bill Dalile,Bill Dalile,2010-04-30,2010-04-30,1,"Division Chief Warrant Officer, 2 Canadian Air Division"
Bill Davern Jones,Bill Davern Jones,2014-12-04,2015-01-22,3,Senior Associate Deputy Minister
Bill E May,Bill E. May,2017-12-12,2017-12-12,1,"Scientist, Crop Management Agronomy"
Bill E. May,Bill E. May,2017-10-26,2017-11-01,2,"Scientist, Crop Management Agronomy"
Bill Edwardson,Bill Edwardson,2014-11-28,2014-11-28,1,"Senior Advisor, Council Operations and Communications"
Bill Elliott,Bill Elliott,2010-03-26,2010-03-26,1,Commissioner
Bill Fisher,Bill Fisher,2009-11-25,2012-11-29,4,"Director General, Western and Northern Canada"
Bill Gannon,Bill Gannon,2017-09-08,2017-09-08,1,Inspection Manager
Bill Goodman,Bill Goodman,2013-09-04,2013-09-30,3,Senior Program Officer
Bill Grandy,Bill Grandy,2016-09-02,2021-07-21,4,Director General
Bill Gunton,Bill Gunton,2016-02-04,2016-02-04,1,"Vice President, Marketing and Commercial Products"
Bill Harron,Bill Harron,2008-09-09,2008-09-09,2,"Director, Regional Services"
Bill Hawkin,Bill Hawkin,2014-01-07,2014-01-07,1,Chief of Staff
Bill Hawkins,Bill Hawkins,2010-09-16,2015-10-03,243,Chief of Staff
Bill Henwood,Bill Henwood,2010-08-04,2010-08-04,1,Senior Planner
Bill James,Bill James,2009-04-28,2016-02-22,19,Superintendent of Bankruptcy
Bill Jones,Bill Jones,2010-05-28,2017-02-27,23,Senior Associate Deputy Minister
Bill Kavanagh,Bill Kavanagh,2021-01-21,2021-01-25,2,Assistant to Member of Parliament
Bill Kawkins,Bill Hawkin,2012-10-24,2012-10-24,1,Chief of Staff
Bill Kelly,Bill Kelly,2010-07-21,2010-07-21,1,"Director General, Aerospace Equipment Program"
Bill King,Bill King,2008-07-15,2022-02-17,73,Chief of Staff
Bill Kroll,Bill Kroll,2023-10-11,2023-10-11,1,Chief Financial Officer
Bill Martin,Bill Martin,2021-09-07,2023-12-01,3,Manager
Bill Mathieson,Bill Mathieson,2024-06-25,2024-06-25,2,Senior Project Engineer
Bill Matthews,Bill Matthews,2011-01-12,2025-02-28,135,Deputy Minister
Bill Mattthews,Bill Mattthews,2025-02-28,2025-02-28,1,Secretary to the Treasury Board
Bill Mcmurray,Bill Mcmurray,2014-12-02,2014-12-02,2,Member
Bill Mornea,Bill Morneau,2018-11-26,2018-11-26,1,"Minister, Finance"
Bill Morneau,Bill Morneau,2015-11-05,2020-08-12,449,"Minister, Finance"
Bill Morneu,Bill Morneau,2020-05-25,2020-05-25,1,"Minister, Finance"
Bill Norton,Bill Norton,2013-03-24,2014-12-04,5,Senior Trade Policy Officer
Bill Pentney,Bill Pentney,2009-04-06,2011-11-30,4,"Deputy Secretary to the Cabinet, Plans and Consultation"
Bill Rodgers,Bill Rodgers,2008-09-05,2010-05-10,3,Director of Communications
Bill Rogers,Bill Rodgers,2008-08-11,2009-01-18,3,Director of Communications
Bill Rompkey,Bill Rompkey,2010-10-19,2011-03-08,9,Senator
Bill Sanderson,Bill Sanderson,2020-12-11,2020-12-11,1,Chair
Bill Santos,Bill Santos,2012-02-07,2012-02-07,1,Program Manager
Bill Siksay,Bill Siksay,2010-09-28,2011-02-15,3,Member of Parliament
Bill Singleton,Bill Singleton,2011-08-03,2011-08-03,1,Senior Policy Advisor
Bill Smirle,Bill Smirle,2008-10-06,2010-02-08,14,Chair
Bill Varvairs,Bill Varvairs,2021-03-26,2021-03-26,1,Director General
Bill Varvaris,Bill Varvairs,2022-09-09,2022-09-09,1,Director General
Bill Walker,Bill Walker,2021-04-29,2021-04-29,1,Manager
Bill Wong,Bill Wong,2019-04-16,2019-04-16,1,Manager
Billy Hewett,Billy Hewett,2010-03-30,2012-01-19,13,"Director General, Tourism"
Billy Hewitt,Billy Hewitt,2015-03-11,2015-03-11,1,Director
Billy Morin,Billy Morin,2025-05-07,2025-06-09,2,Member of Parliament
Billy Morrison,Billy Morrison,2019-03-01,2024-05-27,6,Legislative Assistant
Billy Pattinson,Billy Pattinson,2023-05-02,2023-05-02,1,Parliamentary Secretary
Bilodeau Francis,Bilodeau Francis,2024-09-23,2024-09-23,1,Associate Deputy Minister
Bineta Laly Ngom,Bineta Laly Ngom,2024-10-02,2025-01-31,10,"Advisor, Economic Development"
Bio Aikawa,Bio Aikawa,2021-01-15,2021-01-15,1,Acting Associate Director
Bird Colin,Bird Colin,2021-05-10,2021-05-10,1,"Director, Trade Negotiations"
Bismah Haq,Bismah Haq,2016-07-13,2020-02-05,6,Legislative Assistant
Bita Pejam,Bita Pejam,2023-07-11,2024-11-28,24,"Manager, Operations and Stakeholder Relations"
Bj Jensen,Bj Jensen,2021-03-09,2021-03-09,1,Policy Advisor
Bjorn Ravensbergen,Bjorn Ravensbergen,2023-01-23,2023-10-17,3,Legislative Assistant
Bjorn Ravensburg,Bjorn Ravensburg,2023-02-14,2023-02-14,2,Legislative Assistant
Bjornson Tyler,Bjornson Tyler,2008-11-13,2008-11-13,1,Chief of Staff
Blackwood Rose,Blackwood Rose,2020-01-30,2020-01-30,1,Assistant
Blaikie Daniel,Blaikie Daniel,2018-02-13,2018-02-13,1,Member of Parliament
Blain Calkins,Blaine Calkins,2009-03-04,2019-02-26,3,Member of Parliament
Blain Isabelle,Blain Isabelle,2013-05-23,2013-05-23,1,Vice President
Blaine Calkin,Blaine Calkins,2012-08-16,2012-08-16,1,Member of Parliament
Blaine Calkins,Blaine Calkins,2010-09-21,2025-06-12,425,Member of Parliament
Blaine Caukins,Blaine Calkins,2014-02-13,2014-02-13,1,Member of Parliament
Blaine Caulkins,Blaine Calkins,2016-04-19,2022-10-26,6,Member of Parliament
Blaine Duffley,Blaine Duffley,2024-02-28,2024-02-28,1,Project Manager
Blaine Jean,Blaine Jean,2012-09-26,2012-09-26,1,Member of Parliament
Blaine Langdon,Blaine Langdon,2016-11-29,2024-07-05,20,Director
Blaine Langond,Blaine Langond,2021-12-01,2021-12-01,1,"Director, Charities"
Blair Batchelor,Blair Batchelor,2021-03-26,2025-01-27,15,Deputy Director
Blair Brimmell,Blair Brimmell,2022-05-04,2022-07-12,2,"Head of Section, Climate and Security"
Blair Desjarlais,Blake Desjarlais,2023-04-18,2023-04-18,1,Member of Parliament
Blair Dickerson,Blair Dickerson,2008-08-21,2014-12-08,10,Vice President
Blair Folkes,Blair Folkes,2016-02-24,2016-02-24,2,Parliamentary Assistant
Blair Gowan,Blair Gowan,2020-03-04,2025-05-26,25,"Deputy Director, LNG"
Blair Hammond,Blair Hammond,2020-11-16,2022-10-27,3,"Director, Pacific Region"
Blair Hodgson,Blair Hodgson,2011-07-18,2011-07-18,1,Executive Advisor
Blair Hynes,Blair Hynes,2016-11-04,2024-10-21,27,Deputy Director
Blair K Hynes,Blair Hynes,2019-12-09,2019-12-09,1,Deputy Director
Blair Kesteven,Blair Kesteven,2014-01-08,2021-12-07,22,Policy Advisor
Blair Lekstrom,Blair Lekstrom,2011-07-21,2011-07-21,1,"Minister, Transport and Infrastructure"
Blair Mcmurren,Blair Mcmurren,2016-11-24,2025-05-23,15,Director General
Blair Mcmurrin,Blair Mcmurrin,2025-03-20,2025-03-20,1,Associate Assistant Deputy Minister
Blair Mmurran,Blair Mmurran,2024-02-21,2024-02-21,1,Director General
Blais Jean Pierre,Blais Jean Pierre,2008-12-09,2008-12-09,1,Assistant Deputy Minister
Blais Jean-pierre,Blais Jean-pierre,2012-07-19,2012-07-19,1,Chairperson
Blaise Cathcart,Blaise Cathcart,2014-06-18,2014-06-18,1,Judge Advocate General
Blaise Champagne,Blaise Champagne,2011-01-24,2011-01-24,1,Director General
Blake Armstrong,Blake Armstrong,2015-03-11,2015-05-28,2,Parliamentary Secretary's Assistant
Blake Desjarlais,Blake Desjarlais,2021-11-18,2025-04-08,128,Member of Parliament
Blake Edwards,Blake Edwards,2012-09-25,2016-04-13,2,Member of Parliament
Blake Evans,Blake Evans,2021-07-22,2021-08-05,3,Member of Parliament
Blake Hobson,Blake Hobson,2018-10-23,2018-10-23,1,Parliamentary Assistant
Blake Hodson,Blake Hodson,2018-10-19,2019-05-02,6,Special Assistant
Blake Keidan,Blake Keidan,2018-07-04,2018-07-04,2,Stakeholder and Issues Manager
Blake Libfeld,Blake Libfeld,2023-05-10,2023-05-10,1,Policy Advisor
Blake Mann,Blake Mann,2024-03-04,2024-03-04,1,Senior Strategic Policy Advisor
Blake Mclaughlin,Blake Mclaughlin,2022-11-29,2022-11-29,1,Acting Director General
Blake Oliver,Blake Oliver,2020-03-27,2024-02-23,627,Senior Policy Advisor
Blake Olivier,Blake Olivier,2021-06-08,2021-06-08,1,Policy Advisor
Blake Richads,Blake Richards,2015-04-18,2015-04-18,1,Member of Parliament
Blake Richard,Blake Richards,2012-10-23,2012-10-23,1,Member of Parliament
Blake Richards,Blake Richards,2009-03-31,2025-02-06,373,Member of Parliament
Blake Richardson,Blake Richards,2012-12-13,2012-12-13,1,Member of Parliament
Blanar Patrick,Blanar Patrick,2024-04-30,2024-04-30,1,"Director, Copyright and Trademark Policy"
Blanca Serrano,Blanca Serrano,2024-11-27,2024-11-27,1,Program Consultant
Blanchet Yves-francois,Blanchet Yves-francois,2019-12-12,2020-09-21,2,Member of Parliament
Blanchette-lamothe Lysanne,Blanchette-lamothe Lysanne,2014-04-07,2014-04-07,1,Member of Parliament
Blaney Steven,Blaney Steven,2010-10-06,2016-01-20,3,Member of Parliament
Blewett Catherine,Blewett Catherine,2023-04-17,2023-04-17,1,Deputy Minister
Bllinda White,Bllinda White,2009-09-02,2009-09-02,1,Senior Policy Advisor
Block Kelly,Block Kelly,2024-11-28,2024-11-28,1,Member of Parliament
Bloom Mitch,Bloom Mitch,2012-08-23,2012-08-23,1,Vice President
Blue Knox,Blue Knox,2020-01-16,2022-03-31,11,Director of Communications
Bo-alex Fredvik,Bo-alex Fredvik,2017-07-28,2017-07-28,1,Sustainable Development Strategies
Bob Auchterlonie,Bob Auchterlonie,2024-02-04,2024-02-04,1,Commander
Bob Benezen,Bob Benzen,2017-11-01,2017-11-01,1,Member of Parliament
Bob Benzan,Bob Benzen,2017-10-24,2019-01-25,2,Member of Parliament
Bob Benzen,Bob Benzen,2017-06-08,2022-07-07,54,Member of Parliament
Bob Betts,Bob Betts,2014-10-08,2014-10-08,1,Member of Parliament
Bob Bratina,Bob Bratina,2015-12-08,2021-07-30,244,Member of Parliament
Bob Brattina,Bob Bratina,2016-11-15,2016-11-15,1,Member of Parliament
Bob Carberry,Bob Carberry,2008-11-26,2016-05-30,28,Assistant Secretary
Bob Carbery,Bob Carbery,2012-11-13,2012-11-13,2,Assistant Secretary
Bob Decgert,Bob Dechert,2014-07-16,2014-07-16,1,Member of Parliament
Bob Dechert,Bob Dechert,2009-10-07,2015-02-03,84,Member of Parliament
Bob Deichart,Bob Deichart,2012-01-31,2012-01-31,1,Member of Parliament
Bob Dekert,Bob Dechert,2013-01-19,2013-01-19,1,Member of Parliament
Bob Diechart,Bob Deichart,2012-09-25,2012-09-25,1,Member of Parliament
Bob Fay,Bob Fay,2016-07-18,2016-07-18,1,"Deputy Chief, Canadian Economic Analysis Department"
Bob Gowe,Bob Gowe,2013-11-01,2013-11-01,1,Manager
Bob Hamilton,Bob Hamilton,2008-07-04,2024-03-05,386,Deputy Minister
Bob Hanna,Bob Hanna,2009-04-23,2009-04-23,1,Assistant Superintendent
Bob Ingratta,Bob Ingratta,2021-10-22,2021-10-22,1,Chair of the Board
Bob Jones,Bob Jones,2010-01-06,2016-12-15,13,Director
Bob Khanga,Bob Khanga,2008-12-01,2008-12-01,1,Chief of Staff
Bob Klagen,Bob Klager,2009-08-24,2009-08-24,1,Chief of Staff
Bob Klager,Bob Klager,2008-12-22,2009-12-17,35,Chief of Staff
Bob Klanger,Bob Klager,2008-11-28,2009-03-06,5,Chief of Staff
Bob Lanouette,Bob Lanouette,2016-05-13,2016-05-13,1,Director General
Bob Leore,Bob Leore,2016-02-02,2024-11-06,9,Manager
Bob Mccann,Bob Mccann,2024-02-28,2024-02-28,1,Chief Warrant Officer
Bob Mccubbing,Bob Mccubbing,2024-09-23,2024-09-23,1,Senior Trade Commissioner
Bob Mclean,Bob Mclean,2008-12-16,2017-03-23,3,Director General
Bob Menzen,Bob Benzen,2018-03-19,2018-03-19,1,Member of Parliament
Bob Naufal,Bob Naufal,2018-05-07,2019-02-19,4,Manager
Bob Nault,Bob Nault,2015-11-11,2019-05-07,50,Member of Parliament
Bob Nawolsky,Bob Nawolsky,2012-07-12,2023-02-22,6,Regional Director
Bob Noakes,Bob Noakes,2009-03-02,2009-04-15,4,"Senior Manager, Telemarketing Regulation"
Bob Papanikolaou,Bob Papanikolaou,2014-12-09,2018-12-04,8,Senior Analyst
Bob Paquin,Bob Paquin,2022-06-24,2022-06-24,1,Head of Office
Bob Paulson,Bob Paulson,2012-06-20,2012-06-20,1,"Commissioner, RCMP"
Bob Peterson,Bob Peterson,2011-06-14,2011-10-13,3,Senator
Bob Publicover,Bob Publicover,2008-11-18,2008-11-18,1,Trade Commissioner
Bob Rae,Bob Rae,2008-07-14,2025-05-07,155,Member of Parliament
Bob Runciman,Bob Runciman,2010-10-20,2017-07-06,47,Senator
Bob Runcimen,Bob Runciman,2016-11-28,2016-11-28,1,Senator
Bob Sambasivan,Bob Sambasivan,2019-08-27,2019-08-27,1,Political Advisor
Bob Saroya,Bob Saroya,2016-02-09,2021-06-18,40,Member of Parliament
Bob Snyder,Bob Snyder,2008-11-21,2008-11-21,1,Senior Program Officer
Bob Sopuck,Bob Sopuck,2012-03-12,2019-06-18,17,Member of Parliament
Bob Soraya,Bob Saroya,2016-03-21,2016-03-21,1,Member of Parliament
Bob Zimmer,Bob Zimmer,2011-06-01,2025-03-17,370,Member of Parliament
Bob Zimmerman,Bob Zimmerman,2016-04-18,2016-04-18,1,Member of Parliament
Bob Zimmner,Bob Zimmer,2022-04-21,2022-04-21,1,Member of Parliament
Bobbi Macleod,Bobbi Macleod,2023-12-07,2023-12-07,1,Supply Team Leader
Bobby Chauhan,Bobby Chauhan,2016-11-22,2024-06-06,13,Director
Bobby Kelly,Bobby Kelly,2021-11-18,2025-03-31,9,Chief of Staff
Bobby Kwan,Bobby Kwon,2023-02-09,2023-09-11,2,President and Chief Executive Officer
Bobby Kwon,Bobby Kwon,2021-06-15,2025-01-08,6,President and Chief Executive Officer
Bobby Matheson,Bobby Matheson,2011-06-17,2018-01-18,8,Director General
Bobby Morrisey,Bobby Morrissey,2018-11-28,2018-11-28,1,Member of Parliament
Bobby Morrissey,Bobby Morrissey,2016-10-25,2024-04-10,6,Member of Parliament
Bobby-jo Peebles,Bobby-jo Peebles,2023-06-05,2023-12-05,8,Senior Investment Analyst
Boda Ammar,Boda Ammar,2023-03-17,2023-03-17,1,Communications Assistant
Bogdan Ciobanu,Bogdan Ciobanu,2012-06-27,2016-09-22,10,Vice President
Bogdan Makuc,Bogdan Makuc,2016-10-17,2023-11-15,5,Director
Bogden Jacqueline,Bogden Jacqueline,2022-03-24,2022-03-24,1,Deputy Secretary to the Cabinet
Bohdana Dutka,Bohdana Dutka,2017-07-26,2021-06-24,9,Director General
Boisvert Frederik,Boisvert Frederik,2015-06-10,2015-08-19,2,Assistant
Bojan Pavlovic,Bojan Pavlovic,2024-11-21,2024-11-21,1,"Senior Assistant Deputy Minister, Service Delivery and Management"
Bon Bratina,Bob Bratina,2020-02-25,2020-02-25,1,Member of Parliament
Bon Runciman,Bob Runciman,2011-08-26,2011-08-26,1,Senator
Bon Sopuck,Bob Sopuck,2015-05-05,2015-05-05,1,Member of Parliament
Bonita Gagne,Bonita Gagne,2023-12-01,2023-12-01,1,Policy Analyst
Bonita Wacholtz,Bonita Wacholtz,2024-07-31,2024-07-31,1,Unknown
Bonita Zarillo,Bonita Zarrillo,2022-01-11,2025-02-03,13,Member of Parliament
Bonita Zarrillo,Bonita Zarrillo,2021-11-03,2025-03-13,160,Member of Parliament
Bonita Zarrilo,Bonita Zarrillo,2022-06-06,2022-06-06,1,Member of Parliament
Bonnie Antcliffe,Bonnie Antcliffe,2020-06-12,2021-03-26,2,"Associate Director General, Regional"
Bonnie Berger,Bonnie Berger,2022-06-07,2022-06-07,1,Commercial and Economic Counsellor and Head of Commercial Section
Bonnie Cohen,Bonnie Cohen,2021-03-23,2022-05-04,3,Sector Specialist
Bonnie Crombie,Bonnie Crombie,2010-09-13,2011-04-27,44,Member of Parliament
Bonnie Feigenbaum,Bonnie Feigenbaum,2016-11-09,2016-11-17,3,Constituency Assistant
Bonnie Fung,Bonnie Fung,2024-09-11,2024-09-11,1,Director
Bonnie James,Bonnie James,2009-11-24,2009-11-24,1,"Manager, Policy and Outreach"
Bonnie Leask,Bonnie Leask,2016-04-15,2017-02-08,30,Special Advisor
Bonnie Least,Bonnie Least,2017-02-16,2017-02-16,1,Special Advisor
Bonnie Lesak,Bonnie Leask,2017-02-08,2017-02-08,1,Special Advisor
Bonny Berger,Bonny Berger,2022-05-04,2024-12-03,8,Commercial and Economic Counsellor and Head of Commercial Section
Bonny Wong-fortin,Bonny Wong-fortin,2021-07-06,2021-12-10,4,Director General
Boon Ng,Boon Ng,2020-05-12,2021-04-15,2,Innovation Officer
Boothe Paul,Boothe Paul,2011-09-27,2011-09-27,1,Deputy Minister
Boris Wrzesnewskyj,Borys Wrzesnewskyj,2018-06-12,2018-06-12,1,Member of Parliament
Borys Koba,Borys Koba,2008-12-05,2009-02-13,2,Chief Information Officer
Borys Wryzesnewsky,Borys Wrzesnewskyj,2017-12-05,2017-12-05,1,Member of Parliament
Borys Wrzesnewsky,Borys Wrzesnewskyj,2018-06-12,2018-06-12,1,Member of Parliament
Borys Wrzesnewskyj,Borys Wrzesnewskyj,2016-02-03,2019-07-03,31,Member of Parliament
Bosse Judith,Bosse Judith,2015-12-17,2015-12-17,1,Assistant Deputy Minister
Botham Richard,Botham Richard,2013-05-16,2016-11-23,2,Assistant Deputy Minister
Bouchard Laurie,Bouchard Laurie,2018-08-09,2018-08-09,2,Advance
Boucher Claude,Boucher Claude,2016-06-23,2016-06-23,1,"Advisor, Francophonie"
Boucher Sylvie,Boucher Sylvie,2010-10-06,2010-10-06,1,Member of Parliament
Boughen Ray,Boughen Ray,2011-09-27,2011-09-27,1,Member of Parliament
Boulerice Alexandre,Boulerice Alexandre,2012-02-23,2025-02-11,2,Member of Parliament
Bouroumdou Naloum,Bouroumdou Naloum,2024-05-28,2024-11-05,2,"Ambassador, Republic of Chad"
Bourque Marie-josee,Bourque Marie-josee,2021-11-17,2021-11-17,1,Advisor
Boutin Michele,Boutin Michele,2010-03-24,2010-03-24,1,"Executive Director, Secretariat"
Bowen Jervis,Bronwen Jervis,2024-05-15,2024-05-15,1,Director of Policy
Boyan Gasimov,Boyan Gasimov,2022-05-09,2022-05-09,1,"Director, Policy"
Boyan Geramisov,Boyan Gerasimov,2020-08-06,2022-12-22,8,Director of Policy
Boyan Gerasimov,Boyan Gerasimov,2020-04-06,2024-04-25,274,Director of Policy
Boyan Gerisamov,Boyan Gerasimov,2023-03-09,2023-03-09,1,Director of Policy
Boyan Gersimov,Boyan Gerasimov,2023-11-01,2023-11-01,1,Director of Policy
Brab Butt,Brad Butt,2014-08-07,2014-08-07,1,Member of Parliament
Brad Bass,Brad Bass,2021-06-08,2021-07-06,2,"Coordinator, Environmental Programs"
Brad Boudreau,Brad Boudreau,2022-05-04,2022-08-23,5,Policy Advisor
Brad Butt,Brad Butt,2011-06-14,2015-07-07,278,Member of Parliament
Brad Butts,Brad Butt,2014-02-12,2014-02-12,1,Member of Parliament
Brad Callaghan,Brad Callaghan,2018-07-04,2024-10-31,2,Associate Deputy Commissioner
Brad Callahan,Brad Callaghan,2022-10-24,2022-10-24,1,Associate Deputy Commissioner
Brad Cline,Brad Cline,2014-12-03,2017-03-16,4,Director
Brad Fanos,Brad Fanos,2016-04-11,2021-07-26,6,Regional Manager
Brad Feasey,Brad Feasey,2014-05-20,2015-05-07,2,Senior Analyst and Manager
Brad Frost,Brad Trost,2012-09-25,2012-09-25,1,Member of Parliament
Brad Gover,Brad Gover,2021-06-16,2021-06-16,1,"Director, Research and Development"
Brad Havixbeck,Brad Havixbeck,2023-11-23,2023-11-23,1,Trade Commissioner
Brad Jenkins,Brad Jenkins,2016-04-12,2016-04-12,1,Analyst
Brad Lattanzi,Brad Lattanzi,2012-03-13,2015-06-16,41,Special Assistant
Brad Lattanzi Lattanzi,Brad Lattanzi Lattanzi,2014-11-19,2014-11-19,1,Advisor
Brad Lavigne,Brad Lavigne,2011-06-18,2012-03-15,6,Director
Brad Little,Brad Little,2020-01-29,2021-11-18,8,Policy Advisor
Brad May,Bryan May,2019-05-28,2019-05-28,1,Member of Parliament
Brad Mullen,Brad Mullen,2019-02-07,2023-04-27,5,Staffer
Brad Nazar,Brad Nazar,2012-04-05,2012-08-02,5,Policy Advisor
Brad Nazur,Brad Nazur,2012-04-04,2012-04-04,1,Senior Policy Advisor
Brad Norwood,Brad Norwood,2015-06-10,2023-05-09,4,Senior Economist
Brad Parker,Brad Parker,2017-05-11,2017-05-11,1,Legislative Affairs
Brad Redekopp,Brad Redekopp,2019-12-03,2025-02-25,253,Member of Parliament
Brad Richard,Brad Richard,2016-03-30,2025-04-30,3,Senior Science and Technology Advisor
Brad Sweeney,Brad Sweeney,2012-09-27,2013-09-18,5,"Head, Departmental Initiatives"
Brad Trost,Brad Trost,2009-02-11,2019-05-27,223,Member of Parliament
Brad Vaillancourt,Brad Vaillancourt,2024-09-04,2025-03-05,4,Negotiations Manager
Brad Vis,Brad Vis,2011-12-01,2025-04-11,270,Member of Parliament
Brad Viss,Brad Vis,2023-03-21,2023-03-21,1,Member of Parliament
Brad Wassink,Brad Wassink,2022-08-04,2022-08-24,4,Manager
Brad Weston,Brad Weston,2016-11-29,2018-02-26,5,Parliamentary Assistant
Brad Wood,Brad Wood,2009-02-26,2017-12-06,3,"First Secretary, Commercial"
Bradd Lattanzi,Bradd Lattanzi,2014-10-21,2014-10-21,1,Policy Advisor
Braden Leslie,Braden Leslie,2018-08-03,2018-08-03,1,Legislative Assistant
Braden Mcmillan,Braden Mcmillan,2018-03-06,2018-10-05,8,Constituency Assistant
Bradley Bekkeheim,Bradley Bekkeheim,2023-01-11,2023-01-11,1,Member's Assistant
Bradley Bekkenheim,Bradley Bekkenheim,2024-10-01,2024-10-01,1,Legislative Assistant
Bradley Bennett,Bradley Bennett,2024-11-26,2024-11-26,1,Pharmacist Consultant
Bradley Boudreau,Bradley Boudreau,2022-03-08,2024-10-21,48,Policy Advisor
Bradley Boudreault,Bradley Boudreau,2022-05-02,2022-05-02,1,Policy Advisor
Bradley Callaghan,Bradley Callaghan,2019-07-05,2024-05-27,4,Assistant Deputy Commissioner
Bradley Goodyear,Bradley Goodyear,2017-10-25,2024-11-22,16,Director General
Bradley Henstock,Bradley Henstock,2022-10-25,2025-02-13,11,"Director, Parliamentary Affairs"
Bradley Latanzi,Bradley Latanzi,2014-08-07,2014-08-07,1,Policy Advisor
Bradley Lattanzi,Bradley Lattanzi,2012-12-10,2015-06-26,44,"Policy Advisor, Science and Technology"
Bradley Little,Bradley Little,2020-01-28,2024-06-10,14,Policy Advisor
Bradley Mullen,Bradley Mullen,2018-11-07,2020-10-20,4,Staffer
Bradley Nazar,Bradley Nazar,2012-05-11,2012-09-14,3,Policy Advisor and Parliamentary Affairs Advisor
Bradley Redekopp,Bradley Redekopp,2021-01-26,2021-02-08,2,Member of Parliament
Bradley Trost,Bradley Trost,2010-09-22,2014-02-04,10,Member of Parliament
Bradley Vis,Bradley Vis,2012-01-31,2022-11-01,10,Parliamentary Assistant
Bradley Weston,Bradley Weston,2018-11-20,2018-12-05,2,Staffer
Brady Allin,Brady Allin,2021-06-03,2022-06-02,2,"Manager, Infrastructure and Climate Change"
Brady Matthew,Brady Matthew,2020-09-14,2021-01-28,3,Senior Policy Advisor
Braedan De Bakker,Braedan De Bakker,2022-05-03,2022-09-28,5,Policy Advisor
Braeden Caley,Braeden Caley,2025-04-28,2025-04-28,1,Deputy Chief of Staff
Braeden De Bekker,Braedan De Bakker,2022-06-08,2022-06-08,1,Policy Advisor
Braedon Clark,Braedon Clark,2025-06-03,2025-06-03,1,Member of Parliament
Braid Peter,Braid Peter,2011-11-01,2011-11-01,1,Member of Parliament
Brain Gray,Brian Gray,2013-02-26,2018-09-17,3,Assistant Deputy Minister
Brain Jean,Brain Jean,2010-10-26,2010-10-26,1,Parliamentary Secretary
Brain Mackay,Brain Mackay,2023-09-14,2023-09-14,1,Director of Policy
Bram Abrahamson,Bram Abramson,2023-07-23,2023-07-26,4,"Commissioner, Ontario"
Bram Abramson,Bram Abramson,2023-03-07,2025-01-29,19,"Commissioner, Ontario"
Bram Sepers,Bram Sepers,2011-07-18,2022-06-09,42,Chief of Staff
Bram Spears,Bram Speers,2013-11-19,2013-11-19,1,Chief of Staff
Bram Speers,Bram Speers,2015-03-12,2015-03-12,2,Chief of Staff
Bram Strain,Bram Strain,2014-01-14,2015-02-10,4,Assistant Deputy Minister
Bramwell Strain,Bramwell Strain,2012-03-16,2016-01-15,6,Assistant Deputy Minister
Branavi Raveendran,Branavi Raveendran,2024-10-08,2024-10-08,1,Staffer to Senator
Branda Shanahan,Brenda Shanahan,2016-05-16,2016-05-16,1,Member of Parliament
Branda Shannan,Brenda Shanahan,2017-02-07,2017-02-07,1,Member of Parliament
Brandan Lowe,Brandan Lowe,2019-03-25,2019-03-25,1,Senior Policy Advisor
Brandan Parsley,Brandan Parsley,2020-03-04,2020-03-05,2,Senior Advisor
Brandan Rowe,Brandan Rowe,2016-07-06,2025-06-12,193,Director of Policy
Branden Leslie,Branden Leslie,2019-04-09,2025-05-22,147,Member of Parliament
Branden Lesue,Branden Lesue,2018-02-27,2018-02-27,1,Legislative Assistant
Branden Nguyen,Branden Nguyen,2021-05-06,2021-05-06,1,Director
Branden Rowe,Brandan Rowe,2025-02-10,2025-02-10,1,Director of Policy
Brandon Baker,Brandon Baker,2017-06-19,2017-06-19,1,DNCS 5-6-6
Brandon Carte,Brandon Carte,2020-11-05,2024-06-10,7,Senior Policy Advisor
Brandon Chakar,Brandon Chakar,2023-08-03,2024-01-26,18,Administrative Officer
Brandon Clim,Brandon Clim,2016-11-29,2016-11-29,1,Legislative Assistant
Brandon Geithner,Brandon Geithner,2022-11-02,2022-11-02,1,Deputy Director
Brandon Hawley,Brandon Hawley,2022-03-22,2022-03-22,1,Parliamentary Assistant
Brandon Lee,Brandon Lee,2016-06-06,2024-06-04,9,Director General
Brandon Leslie,Branden Leslie,2013-09-13,2024-05-29,7,Member of Parliament
Brandon Pardy,Brandon Pardy,2016-06-16,2017-06-01,4,Parliamentary Secretary
Brandon Rowe,Brandan Rowe,2017-05-16,2025-05-30,14,Director of Policy
Brandy Oliveira,Brandy Oliveira,2019-07-18,2019-07-18,1,Strategic Initiatives Officer
Brandy Schmidt,Brandy Schmidt,2021-01-20,2021-03-05,3,Parliamentary Assistant
Brandyn Hayes,Brandyn Hayes,2013-05-28,2013-05-28,1,"Special Assistant, Communications"
Branka Pejcic-karapetrovic,Branka Pejcic-karapetrovic,2015-07-29,2015-07-29,1,Pharmaceutical Analyst
Bratina Bob,Bratina Bob,2018-06-13,2018-06-13,1,Member of Parliament
Brayan Gray,Bryan Gray,2014-04-07,2014-04-07,1,Policy Advisor
Braydon Wilson,Braydon Wilson,2014-04-23,2024-09-11,6,Senior Advisor
Breanna Lee,Breanna Lee,2021-06-22,2021-06-22,1,Constituency Assistant
Breanna Walls,Breanna Walls,2024-06-03,2024-06-03,1,Program Officer
Breanna Walsh,Breanna Walsh,2024-01-23,2024-01-23,1,Policy Advisor
Breanne Kemp,Breanne Kemp,2014-11-07,2014-12-09,2,Staffer
Bred Trost,Brad Trost,2013-06-05,2013-06-05,1,Member of Parliament
Breitkreuz Gary,Breitkreuz Gary,2012-04-25,2012-04-25,1,Member of Parliament
Brenard Valcourt,Brenard Valcourt,2012-02-13,2012-02-13,1,Minister
Brenda Baxter,Brenda Baxter,2017-12-20,2024-07-16,25,Assistant Deputy Minister
Brenda Bugge,Brenda Bugge,2023-08-16,2023-08-16,1,"Director, National Economic Accounts Division"
Brenda Dogbey,Brenda Dogbey,2020-09-01,2023-11-13,2,Chief Diversity Officer
Brenda Elliot,Brenda Elliot,2014-10-07,2014-10-07,1,Executive Assistant
Brenda Elliott,Brenda Elliott,2013-01-15,2013-03-07,2,Staffer
Brenda Hensler-hobbs,Brenda Hensler-hobbs,2012-10-03,2017-08-01,31,"Director General, Aviation Security"
Brenda Lepage,Brenda Lepage,2013-12-05,2014-12-12,2,Assistant Deputy Minister
Brenda Lucki,Brenda Lucki,2020-09-29,2022-02-08,8,Commissioner
Brenda Mccorquodale,Brenda Mccorquodale,2022-07-04,2023-09-26,2,Senior Director
Brenda Mcintyre,Brenda Mcintyre,2009-07-09,2009-07-09,1,Senior Policy Advisor
Brenda Page,Brenda Page,2013-12-23,2013-12-23,1,Deputy Minister
Brenda Price,Brenda Price,2017-05-30,2021-05-10,2,Senior Policy Advisor
Brenda Shanahan,Brenda Shanahan,2016-01-15,2024-10-29,102,Member of Parliament
Brenda Tang,Brenda Tang,2012-05-02,2012-05-02,1,Acting Director
Brenda Wagle,Brenda Wagle,2023-10-31,2023-10-31,1,"Senior Analyst, Stakeholder Relations"
Brenda Watkins,Brenda Watkins,2017-07-26,2017-11-30,3,Director
Brendan Carley,Brendan Carley,2014-02-07,2023-07-24,2,Managing Director
Brendan Carmichael,Brendan Carmichael,2024-05-10,2024-06-10,2,Senior Desk Officer
Brendan Cook,Brendan Cook,2024-10-04,2025-05-29,3,Director General
Brendan Dunne,Brendan Dunne,2017-06-15,2023-09-12,10,"Assistant Deputy Minister, Client Service Delivery and Management – National Defence and Policing Branch"
Brendan Edge,Brendan Edge,2020-04-20,2023-10-24,3,Legislative Assistant
Brendan Hanley,Brendan Hanley,2021-11-19,2025-05-28,216,Member of Parliament
Brendan Haveman,Brendan Haveman,2010-03-24,2018-11-05,2,Ministerial Liaison Officer
Brendan Haverman,Brendan Haverman,2017-09-06,2017-09-06,1,Senior Policy Advisor
Brendan Knight,Brendan Knight,2024-02-09,2024-12-04,4,Chief of Staff
Brendan Leslie,Branden Leslie,2024-10-02,2024-10-02,1,Member of Parliament
Brendan Macdonald,Brendan Macdonald,2022-06-29,2022-06-29,1,Junior Policy Analyst
Brendan Marshall,Brendan Marshall,2009-01-10,2010-05-04,8,Executive Assistant
Brendan Mcneill,Brendan Mcneill,2016-01-08,2016-01-08,1,Senior Policy Analyst
Brendan Murphy,Brendan Murphy,2021-03-02,2022-05-17,7,Deputy Director
Brendan Parsely,Brendan Parsely,2020-03-25,2020-03-25,1,Parliamentary Secretary
Brendan Parsley,Brendan Parsley,2020-04-03,2021-06-15,56,Parliamentary Secretary
Brendan Reding,Brendan Reding,2023-12-20,2023-12-20,1,"Regional Director, Prairies"
Brendan Rowe,Brendan Rowe,2019-02-21,2022-05-31,3,Policy Advisor to Minister of Infrastructure
Brendan Thompson,Brendan Thompson,2021-08-12,2021-10-21,2,Economic Development Officer
Brenden Reding,Brenden Reding,2018-06-28,2018-06-28,1,"Regional Director, IRAP"
Brendon Graveline,Brendon Graveline,2024-08-07,2024-08-07,1,Senior Program Analyst
Brendon Legault,Brendon Legault,2018-07-10,2025-02-06,6,"Director, Parliamentary Affairs"
Brenna Belland,Brenna Belland,2022-08-30,2022-08-30,1,Analyst
Brenna Furlong,Brenna Furlong,2022-09-20,2022-09-20,1,Policy Analyst
Brenna Macneil,Brenna Macneil,2022-08-11,2024-02-21,3,"Director General, Strategic Integration"
Brenna Macniel,Brenna Macneil,2024-05-21,2024-05-21,1,"Director General, Strategic Integration"
Brenna Morgan,Brenna Morgan,2024-12-16,2024-12-16,1,Junior Technical Advisor
Brenna Walsh,Brenna Walsh,2024-02-05,2025-03-19,74,"Policy Advisor, Atlantic"
Brennan Graham,Brennan Graham,2022-06-21,2022-06-21,1,Policy Advisor
Brennan Young,Brennan Young,2021-04-30,2021-04-30,1,Senior Director
Brenne Young,Brenne Young,2020-07-14,2020-07-20,2,"Director, Policy and Strategic Planning Division"
Brent Almond,Brent Almond,2022-05-13,2022-05-13,2,"Director, Indigenous Taxation"
Brent Babcock,Brent Babcock,2010-06-08,2012-06-18,85,Senior Policy Advisor
Brent Badcock,Brent Babcock,2012-04-18,2012-04-18,1,Senior Policy Advisor
Brent Bauer,Brent Bauer,2017-05-18,2021-12-13,3,Director
Brent Cotter,Brent Cotter,2020-07-13,2024-11-26,121,Senator
Brent Cotter Cotter,Brent Cotter Cotter,2021-02-22,2021-02-22,1,Senator
Brent Court,Brent Court,2011-03-28,2011-03-28,1,General Manager
Brent Hebert-copley,Brent Herbert-copley,2020-09-01,2020-09-01,1,Executive Vice President
Brent Herbert Copley,Brent Herbert Copley,2014-05-08,2017-03-16,4,Vice President
Brent Herbert-copley,Brent Herbert-copley,2010-05-05,2021-06-11,59,Executive Vice President
Brent Herbert-cupley,Brent Herbert Copley,2014-05-06,2014-05-06,1,Vice President
Brent Hoffman,Brent Hoffman,2022-08-22,2022-08-22,1,"Deputy Commissioner, Compliance"
Brent Homan,Brent Homan,2010-04-20,2023-06-27,32,"Deputy Commissioner, Compliance"
Brent Johnston,Brent Johnston,2021-02-19,2022-11-02,3,"Director General, Digital Product Development, Delivery and Management"
Brent Lawlor,Brent Lawlor,2021-03-10,2022-10-06,11,Director
Brent Mcroberts,Brent Mcroberts,2014-07-23,2014-07-23,1,Director General
Brent Parker,Brent Parker,2016-01-08,2025-04-16,50,Director
Brent Patten,Brent Patten,2009-02-05,2009-04-28,2,Director
Brent Raicevic,Brent Raicevic,2024-12-05,2024-12-05,1,Compliance Officer
Brent Rathberger,Brent Rathberger,2013-01-21,2013-01-21,1,Member of Parliament
Brent Rathburger,Brent Rathberger,2012-01-06,2012-01-06,1,Member of Parliament
Brent Rathgeber,Brent Rathgeber,2010-09-28,2015-06-03,74,Member of Parliament
Brent Rathgerber,Brent Rathgeber,2011-09-28,2013-04-15,2,Member of Parliament
Brent Roe,Brent Roe,2011-08-25,2011-08-25,1,Executive Director
Brent Rubeli,Brent Rubeli,2022-03-08,2022-03-08,1,Project Engineer
Brent Taylor,Brent Taylor,2021-04-01,2021-04-01,1,Manager
Brent Trowsse,Brent Trowsse,2018-10-10,2018-10-10,1,Manager
Brent Watson,Brent Watson,2023-11-17,2023-11-17,1,Project Manager
Brent Wilhelm,Brent Wilhelm,2021-07-07,2022-08-24,3,Policy Analyst
Brent Wilson,Brent Wilson,2021-02-01,2021-02-01,1,Deputy Director
Breton Cousins,Breton Cousins,2016-04-18,2020-02-11,3,Staffer
Breton Niddery,Breton Niddery,2022-08-11,2024-08-15,2,Senior Policy Analyst
Brett Alward,Brett Aylward,2019-05-16,2019-05-16,1,Parliamentary Secretary
Brett Alyward,Brett Alyward,2019-01-29,2019-01-29,1,Parliamentary Secretary
Brett Aylward,Brett Aylward,2018-06-05,2019-05-16,21,Parliamentary Secretary
Brett Capwell,Brett Capwell,2022-05-24,2022-05-24,1,Staffer
Brett Carlson,Brett Carlson,2013-11-13,2015-03-13,15,"Senior Special Assistant, Policy"
Brett Cotter,Brent Cotter,2021-06-03,2021-06-03,1,Senator
Brett Dietrich,Brett Dietrich,2020-02-05,2020-05-08,4,"Vice President, Partnerships and Promotions"
Brett Gilchrist,Brett Gilchrist,2019-11-20,2025-05-01,17,"Director, National Programs"
Brett Gilchristr,Brett Gilchrist,2025-01-30,2025-01-30,1,"Director, National Programs"
Brett Hartley,Brett Hartley,2023-10-24,2023-10-24,2,Parliamentary Assistant
Brett Johnson,Brett Johnson,2022-09-21,2022-09-21,1,Policy Analyst
Brett Levitt,Brett Levitt,2025-02-11,2025-02-11,1,Manager
Brett Martin,Brett Martin,2022-03-22,2024-10-04,32,Constituency Assistant
Brett Maxwell,Brett Maxwell,2018-06-27,2024-10-15,8,Director
Brett Norton,Brett Norton,2022-02-08,2022-02-08,2,Deputy Director
Brett Shearing,Brett Shearing,2016-10-04,2016-10-04,1,Legislative Assistant
Brett Thalman,Brett Thalmann,2017-04-20,2017-04-20,1,"Director, Administration and Special Projects"
Brett Thalmann,Brett Thalmann,2017-02-13,2021-05-14,5,"Director, Administration and Special Projects"
Brewster Michael,Brewster Michael,2023-02-24,2023-02-24,1,Minister's Office Staff
Brian A Farnand,Brian A Farnand,2017-05-01,2017-05-01,1,Director
Brian Ahier,Brian Ahier,2021-05-31,2021-07-27,2,"Acting Director General, ERHSD"
Brian Aiken,Brian Aiken,2010-12-06,2010-12-06,1,"Chief Audit Executive, Assistant Deputy Minister"
Brian Benoit,Brien Benoit,2008-10-21,2008-10-21,1,Chairperson
Brian Bohon,Brian Bohon,2010-11-25,2010-11-25,1,Exempt Staff
Brian Bohonicky,Brian Bohonicky,2010-11-01,2010-11-01,1,Platform Advisor
Brian Bohuncky,Brian Bohuncky,2010-10-06,2010-10-06,2,Director of Policy
Brian Bohunicki,Brian Bohunicki,2018-06-05,2018-06-05,1,"Senior Advisor to the Minister, Public Services and Procurement Canada"
Brian Bohunickly,Brian Bohunickly,2010-05-20,2010-05-20,1,"Director, Research, Office of the Leader of the Opposition"
Brian Bohunicky,Brian Bohunicky,2010-06-03,2019-08-15,80,Senior Advisor
Brian Brennan,Brian Brennan,2021-03-08,2022-11-21,5,Deputy Commissioner
Brian Brian Bohunicky,Brian Brian Bohunicky,2010-11-16,2010-11-16,1,"Director of Policy | Director, Liberal Research Bureau"
Brian Brian Mackay,Brian Brian Mackay,2022-05-16,2022-05-16,1,Senior Policy Advisor
Brian Butt,Brad Butt,2012-10-25,2012-10-25,1,Member of Parliament
Brian Chamberlain,Brian Chamberlain,2023-02-23,2023-05-18,4,Not Specified
Brian Chow,Brian Chow,2015-12-02,2021-05-18,6,Chief of Staff
Brian Clow,Brian Clow,2011-02-16,2025-03-03,600,Deputy Chief of Staff
Brian Clowe,Brian Clowe,2016-07-21,2017-05-11,4,Chief of Staff
Brian Crow,Brian Clow,2015-12-16,2015-12-16,2,Deputy Chief of Staff
Brian Dalphy,Bryan Dalphy,2021-05-03,2021-05-03,1,Deputy Director
Brian De Montmorency,Brian De Montmorency,2015-12-09,2018-05-22,8,DNCS 5-6-2
Brian De Montmournsey,Brian De Montmournsey,2011-04-27,2013-07-16,2,DMSS 8-2-13
Brian Demontmorency,Brian Demontmorency,2014-06-26,2014-11-12,2,LCMM
Brian Demontmourcey,Brian Demontmourcey,2011-02-08,2011-02-08,1,DMSS 8-4-2
Brian Demontmourncey,Brian Demontmourncey,2015-08-03,2015-08-03,1,DNCS 5-6-2
Brian Demontmournesey,Brian Demontmournesey,2012-08-29,2012-08-29,1,DMSS 11-8-2
Brian Derrah,Brian Derrah,2013-03-01,2013-03-21,2,Member's Assistant
Brian Douglas,Brian Douglas,2019-01-25,2024-11-27,67,Chair and Deputy Head
Brian E Thilagarajah,Brian Thilagarajah,2022-02-04,2022-02-04,1,Staffer
Brian Enerwien,Brian Enerwien,2008-12-16,2008-12-16,1,Assistant Deputy Minister
Brian Enewein,Brian Enewein,2014-11-07,2014-11-07,1,Director General
Brian Ermewein,Brian Ermewein,2019-04-02,2019-04-02,1,"Associate Assistant Deputy Minister, Legislation"
Brian Ernerwein,Brian Enewein,2008-12-30,2008-12-30,1,Director General
Brian Ernewein,Brian Ernewein,2008-08-15,2020-11-20,244,Director General
Brian Ernewin,Brian Ernewin,2008-07-16,2008-07-16,1,Policy Advisor
Brian Evans,Brian Evans,2008-07-24,2012-12-12,50,Executive Vice President
Brian Ferguson,Brian Ferguson,2010-09-01,2010-10-05,3,Assistant Deputy Minister
Brian Fields,Brian Fields,2009-03-24,2009-03-24,1,"Senior Policy Analyst, Business Frameworks and Taxation Policy"
Brian Francis,Brian Francis,2019-02-05,2025-06-11,51,Senator
Brian Fuerst,Brian Fuerst,2017-08-30,2018-02-21,3,Policy Analyst
Brian Gear,Brian Gear,2010-09-20,2014-04-09,13,Director General
Brian Gray,Brian Gray,2008-10-29,2021-01-14,91,Assistant Deputy Minister
Brian Grey,Brian Gray,2013-10-24,2019-06-04,4,Assistant Deputy Minister
Brian Hayes,Bryan Hayes,2011-11-01,2014-11-25,5,Member of Parliament
Brian Healy,Brian Healy,2023-10-26,2023-10-26,1,Biologist
Brian Hickey,Brian Hickey,2019-08-21,2024-10-02,31,Director General
Brian Innes,Brian Innes,2016-02-02,2016-02-02,1,"Director, Parliamentary Affairs"
Brian Jean,Brian Jean,2008-11-27,2013-12-04,163,Member of Parliament
Brian Kaufamnn,Brian Kaufamnn,2019-04-08,2019-04-08,1,"Director, Parliamentary Affairs"
Brian Kauffman,Brian Kauffman,2016-02-18,2021-07-08,34,Policy Advisor
Brian Kauffmann,Brian Kauffman,2021-08-09,2021-10-19,3,Policy Advisor
Brian Kaufman,Brian Kauffman,2016-02-22,2021-02-04,24,Policy Advisor
Brian Kaufmann,Brian Kaufmann,2016-01-21,2021-08-13,193,Senior Policy Advisor
Brian Keenan,Brian Keenan,2020-09-22,2020-09-22,1,Innovation Advisor
Brian Kelly,Brian Kelly,2019-03-29,2019-06-06,2,Special Advisor
Brian Koffman,Brian Koffman,2017-02-14,2017-05-03,2,Policy Advisor to the Minister of Health
Brian Koval,Brian Koval,2024-04-03,2024-04-03,1,"Coordinator, Marine National Wildlife Area"
Brian Laghi,Brian Laghi,2022-01-18,2023-02-15,8,"Director, Parliamentary Affairs"
Brian Lester,Brian Lester,2017-05-08,2019-04-03,3,"Assistant Director, Integrated Resource Management"
Brian Loma,Brian Loma,2016-11-17,2016-11-17,1,Member of Parliament
Brian Macdonald,Brian Macdonald,2008-08-05,2010-03-12,67,Senior Policy Advisor
Brian Mackay,Brian Mackay,2019-05-02,2025-06-11,652,Senior Policy Advisor
Brian Macleod,Brian Macleod,2014-11-18,2014-11-18,1,Special Assistant
Brian Major,Brian Major,2024-04-04,2024-11-15,2,Acting Science Authority
Brian Masse,Brian Masse,2009-02-11,2025-03-05,553,Member of Parliament
Brian Masses,Brian Massey,2018-10-03,2018-10-03,1,Member of Parliament
Brian Massey,Brian Massey,2017-09-21,2019-06-10,2,Member of Parliament
Brian May,Brian May,2016-02-16,2024-09-19,42,Member of Parliament
Brian Mcauley,Brian Mccauley,2012-03-05,2012-03-05,1,Assistant Commissioner
Brian Mccaulay,Brian Mccauley,2009-11-17,2009-11-17,1,Assistant Commissioner
Brian Mccauley,Brian Mccauley,2009-04-09,2013-12-02,24,Assistant Commissioner
Brian Mcdonald,Brian Mcdonald,2008-11-20,2009-09-15,2,Policy Advisor
Brian Mcgregor,Brian Mcgregor,2022-08-10,2025-02-27,11,Senior Policy Advisor
Brian Mckay,Brian Mckay,2020-07-14,2025-06-04,21,Policy Advisor
Brian Mckenzie,Brian Mckenzie,2015-03-31,2015-03-31,1,Member of Parliament
Brian Mcleod,Bryan Macleod,2015-03-30,2015-03-30,1,Policy Advisor
Brian Mcshane,Brian Mcshane,2021-04-14,2021-04-14,1,Innovation Officer
Brian Moniz,Brian Moniz,2024-10-04,2024-10-04,1,Constituency Assistant
Brian Murphy,Brian Murphy,2009-11-17,2011-03-09,13,Member of Parliament
Brian Nesbitt,Brian Nesbitt,2012-03-09,2012-03-09,1,"Technical Leader, Engineering"
Brian Oak,Brian Oak,2008-08-18,2008-08-18,1,Consul General
Brian Opitz,Brian Opitz,2009-12-18,2009-12-18,1,"Manager, Outreach and Partnerships"
Brian Orrbine,Brian Orrbine,2015-11-12,2017-08-10,4,Chief
Brian Pagan,Brian Pagan,2011-03-08,2016-08-16,2,"Assistant Secretary, Expenditure Management"
Brian Parker,Brian Parker,2017-11-21,2020-10-01,5,Senior Policy Analyst
Brian Parrott,Brian Parrott,2014-03-25,2014-03-25,1,Minister-Counselor and Senior Trade Commissioner
Brian Pebbles,Brian Pebbles,2023-02-06,2023-02-06,1,Member of Parliament
Brian Peebles,Brian Peebles,2022-02-15,2023-06-15,28,Policy Advisor
Brian Peterson,Brian Peterson,2019-04-09,2019-04-09,2,Director
Brian Post,Brian Post,2016-02-16,2024-03-18,3,Advisor
Brian Rae,Brian Rae,2022-11-17,2022-11-17,1,"Director, Digital Operations and Transformation"
Brian Rattray,Brian Rattray,2018-04-16,2020-11-26,9,Deputy Director
Brian Rourke,Brian Rourke,2019-04-02,2023-10-04,5,"Director of Operations, Office of the Minister of Immigration, Refugees and Citizenship"
Brian Santarpia,Brian Santarpia,2022-06-28,2022-09-15,2,"Commander, Maritime Forces Atlantic"
Brian Saunders,Brian Saunders,2009-04-30,2009-04-30,1,"Acting Director, Public Prosecutions"
Brian Scott Masse,Brian Scott Masse,2009-10-02,2009-10-02,1,Member of Parliament
Brian Shipley,Brian Shipley,2020-12-02,2020-12-02,1,"First Secretary, Trade Policy"
Brian Smith,Brian Smith,2009-04-29,2023-12-20,15,Senior Policy Advisor
Brian Spurling,Brian Spurling,2011-09-30,2011-09-30,1,Director General
Brian St Louis,Brian St Louis,2012-10-04,2013-05-02,3,Parliamentary Assistant
Brian St-louis,Brian St-louis,2012-10-17,2012-10-17,1,Special Assistant
Brian St. Louis,Brian St. Louis,2013-01-29,2013-05-09,2,Executive Assistant
Brian St.louis,Brian St. Louis,2013-05-09,2013-05-09,1,Executive Assistant
Brian Stethem,Brian Stethem,2021-04-14,2021-04-14,1,"Field Operation Supervisor, Vancouver CFO"
Brian Storeseth,Brian Storseth,2013-02-05,2013-02-05,1,Member of Parliament
Brian Storseth,Brian Storseth,2010-04-01,2015-05-27,150,Member of Parliament
Brian Stoseth,Brian Stoseth,2012-12-11,2012-12-11,1,Member
Brian Sundue,Brian Sundue,2008-11-04,2018-10-26,5,Senior Sector Development Officer
Brian T. Gray,Brian T. Gray,2019-09-11,2019-09-11,1,Assistant Deputy Minister
Brian Thilagarajah,Brian Thilagarajah,2019-06-20,2023-02-02,7,Staffer
Brian Thilagatajah,Brian Thilagatajah,2021-03-10,2021-03-10,1,Staffer to Member of Parliament
Brian Torgunrud,Brian Torgunrud,2018-01-18,2018-01-18,1,Senior Chief
Brian Torrie,Brian Torrie,2019-08-23,2021-07-28,3,Director General
Brian Underhill,Brian Underhill,2012-02-13,2015-12-03,16,Staffer
Brian Vockathaler,Brian Vockathaler,2020-04-21,2022-03-04,4,Economic Analyst
Brian Young,Brian Young,2023-12-13,2024-09-23,2,Assistant Director
Briand De Montmorency,Brian De Montmorency,2016-09-15,2016-09-15,1,DNCS 5-6-2
Briane Masse,Brian Massey,2018-11-27,2018-11-27,1,Member of Parliament
Brianna Rector,Brianna Rector,2024-01-19,2024-01-19,1,Science and Technology Analyst
Brianne Lamarche,Brianne Lamarche,2025-03-19,2025-03-19,1,"Director, Data Science and Analytics"
Brianne Pierre,Brianne Pierre,2024-08-27,2024-08-27,1,Constituency Assistant
Briaunna Coburn,Briaunna Coburn,2023-01-27,2023-01-27,1,Policy Analyst
Bridges,Bridges,2011-09-13,2013-05-28,3,Policy Advisor
Bridges John-david,Bridges John-david,2010-06-07,2010-06-07,1,"Special Assistant, Office of the Minister of National Revenue"
Bridget Howe,Bridget Howe,2017-10-11,2017-10-11,1,Parliamentary Assistant to Kirsty Duncan
Bridgette Diogo,Bridgette Diogo,2021-03-19,2021-03-19,1,Vice President
Bridgette Sansoucy,Brigitte Sansoucy,2019-05-07,2019-05-07,1,Member of Parliament
Bridgitte Diogo,Brigitte Diogo,2024-05-22,2024-05-22,1,Associate Deputy Minister
Bridgitte Sanasoucy,Brigitte Sansoucy,2018-02-13,2018-02-13,5,Member of Parliament
Bridgitte Sansoucy,Brigitte Sansoucy,2018-02-13,2018-02-13,1,Member of Parliament
Brien Benoit,Brien Benoit,2008-10-21,2008-10-31,8,Chairperson
Brigadier General Scott Clancy,Brigadier General Scott Clancy,2017-03-31,2017-03-31,1,"Director General, Air Readiness"
Brigadier General Todd N. Balfe,Brigadier General Todd N. Balfe,2024-12-18,2024-12-18,1,"Special Advisor, Fighter Capability"
Brigadier-general Ayotte,Brigadier-general Ayotte,2021-04-21,2021-04-28,2,Chief of Staff
Brigadier-general C.c. Ayotte,Brigadier-general Ayotte,2021-04-07,2021-04-14,2,Chief of Staff
Brigette Belanger,Brigette Belanger,2020-11-18,2020-11-18,1,Manager
Brigette Sancoucy,Brigitte Sansoucy,2018-02-15,2018-02-15,1,Member of Parliament
Brigette Sansoucy,Brigitte Sansoucy,2016-03-08,2018-12-11,4,Member of Parliament
Brigita Gravitas-beck,Brigita Gravitas-beck,2012-04-26,2012-04-26,1,"Director General, Air Policy"
Brigita Gravitis-beck,Brigita Gravitis-beck,2009-03-04,2013-02-05,7,Director General
Brigite Sansoucy,Brigitte Sansoucy,2018-12-11,2018-12-11,1,Member of Parliament
Brigitte Brigitte,Brigitte Brigitte,2016-04-20,2016-04-20,1,Member of Parliament
Brigitte Diogio,Brigitte Diogio,2009-09-17,2009-09-17,1,Director of Operations
Brigitte Diogo,Brigitte Diogo,2015-02-05,2025-03-20,62,Associate Deputy Minister
Brigitte Dumond-filion,Brigitte Dumond-filion,2022-04-20,2022-04-20,1,Policy Advisor
Brigitte Fortin,Brigitte Fortin,2013-05-09,2013-05-09,1,Assistant Deputy Minister
Brigitte Gibson,Brigitte Gibson,2024-05-28,2024-09-25,2,"Regional Director General, Prairies and North"
Brigitte Goulard,Brigitte Goulard,2014-04-22,2018-11-26,105,Deputy Commissioner
Brigitte Joly,Brigitte Joly,2019-02-20,2024-07-22,27,Director General
Brigitte Legault,Brigitte Legault,2010-10-26,2024-10-29,6,Director
Brigitte Leuke,Brigitte Leuke,2014-11-17,2014-11-17,1,Director
Brigitte Levesque,Brigitte Levesque,2015-11-11,2015-11-11,1,NMSO Team
Brigitte Phaneuf,Brigitte Phaneuf,2017-09-28,2019-04-08,2,"Senior Director, Deposit-Taking Supervision Sector"
Brigitte Poullet,Brigitte Poullet,2018-05-11,2018-05-11,1,"Acting Director, Issues Management"
Brigitte Proucelle,Brigitte Proucelle,2019-05-17,2019-05-17,1,Cultural and Scientific Advisor
Brigitte Sancoucy,Brigitte Sansoucy,2017-05-16,2018-11-19,4,Member of Parliament
Brigitte Sanscoucy,Brigitte Sansoucy,2016-10-05,2019-04-09,3,Member of Parliament
Brigitte Sansoucy,Brigitte Sansoucy,2016-02-24,2019-05-07,91,Member of Parliament
Brigitte Sansousy,Brigitte Sansoucy,2016-07-01,2016-07-01,1,Member of Parliament
Brison Scott,Brison Scott,2011-12-08,2018-10-02,3,Member of Parliament
Brisson Scott,Brisson Scott,2015-01-28,2015-01-28,1,Member of Parliament
Brita Pejam,Brita Pejam,2024-02-13,2024-02-13,1,Stakeholder Relations
Britney Reid,Britney Reid,2022-01-14,2023-01-11,4,Staff
Brittany Ann Fish,Brittany Ann Fish,2020-04-15,2020-04-15,1,"Senior Advisor, Director General's Office"
Brittany Barnes,Brittany Barnes,2016-04-29,2016-07-12,5,Constituency Assistant
Brittany Flamank,Brittany Flamank,2016-04-20,2016-04-20,1,Executive Assistant
Brittany Harkness,Brittany Harkness,2024-07-10,2024-10-29,4,Administrative Assistant
Brittany Kelly,Brittany Kelly,2024-03-05,2024-03-05,1,Senior Manager
Brittany Kerr,Brittany Kerr,2016-01-27,2016-06-28,3,"Regional Desk, British Columbia"
Brittany Laing,Brittany Laing,2022-02-02,2022-02-02,1,Staffer
Brittany Lang,Brittany Lang,2022-12-14,2023-06-20,2,Staffer to Member of Parliament
Brittany Lorenz,Brittany Lorenz,2016-09-28,2020-11-25,3,Staffer to Member of Parliament
Brittany Merpaw,Brittany Merpaw,2024-04-12,2024-05-09,2,Acting Director
Brittany Morison,Brittany Morison,2022-05-03,2022-05-03,1,Policy Analyst
Brittany Mosher,Brittany Mosher,2024-06-03,2024-06-04,2,Executive Assistant
Brittany Noakes,Brittany Noakes,2017-02-27,2017-02-27,1,Political Officer
Brittany Reid,Brittany Reid,2023-05-30,2023-05-30,1,Staffer to Senator
Brittany Tardif,Brittany Tardif,2021-07-21,2021-07-21,1,"Manager, Pensions Communications"
Brittany Turcotte,Brittany Turcotte,2020-12-22,2020-12-22,1,Policy Advisor
Brittany Turcotte-hameed,Brittany Turcotte-hameed,2021-02-11,2021-02-11,1,Policy Advisor
Brittney Kerr,Brittney Kerr,2016-01-13,2017-01-31,65,"Regional Desk, British Columbia"
Brittney Reid,Brittney Reid,2023-02-06,2023-02-06,1,Special Assistant
Brittney Uhrich,Brittney Uhrich,2022-11-08,2022-11-08,1,Program Officer
Brittney Whittaker,Brittney Whittaker,2020-03-26,2022-07-05,4,Policy Analyst
Brittni Tee,Brittni Tee,2017-05-16,2017-05-26,2,Policy Advisor
Brittny Anderson,Brittny Anderson,2022-07-13,2022-07-13,1,Member of Parliament
Brock Hamley,Brock Hamley,2014-05-05,2015-07-09,4,Constituency Assistant
Brock Harrison,Brock Harrison,2018-08-21,2018-08-21,1,"Director, Communications"
Brock Holowachuk,Brock Holowachuk,2021-12-03,2023-05-10,5,Manager
Brock Stephenson,Brock Stephenson,2008-08-20,2013-02-28,6,Staffer
Brock Vandrick,Brock Vandrick,2013-06-06,2014-03-04,2,"Special Assistant to the Minister, International Trade"
Brodie Berrigan,Brodie Berrigan,2015-07-02,2017-05-02,4,"Executive Advisor, Deputy Minister's Office"
Brodie Neil,Brodie Neil,2011-01-12,2011-01-12,1,Director of Policy
Brody Mcdonald,Brody Mcdonald,2015-03-24,2015-07-02,11,"Special Assistant, Policy"
Brody Stuart,Brody Stuart,2021-05-04,2021-05-04,1,Assistant
Bronwen Clark-brewin,Bronwen Clark-brewin,2024-10-24,2024-10-24,1,Policy Analyst
Bronwen Jarvis,Bronwen Jervis,2024-08-28,2024-08-28,1,Director of Policy
Bronwen Jervais,Bronwen Jervis,2024-05-03,2024-06-25,2,Director of Policy
Bronwen Jervis,Bronwen Jervis,2018-11-26,2025-05-27,108,Director of Policy
Bronwen Jerwis,Bronwen Jerwis,2024-11-05,2024-11-05,1,Director of Policy
Bronwyn Azar,Bronwyn Azar,2023-07-06,2023-11-10,5,Policy Analyst
Bronwyn Eyre,Bronwyn Eyre,2022-04-14,2022-04-14,1,Minister
Bronwyn Fong,Bronwyn Fong,2021-11-17,2021-11-17,1,Assistant
Bronwyn Graves,Bronwyn Graves,2023-02-01,2023-04-26,2,Director
Bronwyn Jervis,Bronwen Jervis,2024-06-25,2024-06-25,1,Director of Policy
Bronwyn May,Bronwyn May,2021-07-08,2025-05-07,16,Director General
Brook Bertrand,Brook Bertrand,2018-09-14,2019-04-29,2,Senior Policy Analyst
Brook Petersmeyer,Brook Petersmeyer,2012-08-03,2012-08-03,1,Constituency Assistant
Brook Simpson,Brook Simpson,2016-09-13,2021-12-17,108,"Director, Parliamentary Affairs"
Brooke Davis,Brooke Davis,2015-03-02,2015-03-02,1,"Deputy Director, Investment"
Brooke De Waal,Brooke De Waal,2012-10-24,2012-10-24,1,Minister's Office
Brooke Delwisch,Brooke Delwisch,2025-01-17,2025-01-17,1,Parliamentary Assistant
Brooke Malinoski,Brooke Malinoski,2017-06-26,2022-04-28,4,Senior Manager
Brooke Pigot,Brooke Pigot,2013-09-24,2013-09-24,1,Director
Brooke Pigott,Brooke Pigott,2012-04-03,2014-11-26,4,"Director, Market Research"
Brooke Simpson,Brooke Simpson,2018-06-14,2021-12-13,3,Press Secretary
Brookfield Robert,Brookfield Robert,2019-05-07,2019-05-07,1,Director General
Brooklyn Sutton,Brooklyn Sutton,2020-10-29,2020-12-10,2,Economist and Policy Analyst
Brown Jasmine,Brown Jasmine,2013-07-10,2013-07-10,1,Policy Advisor
Brown Lois,Brown Lois,2011-10-04,2011-10-04,1,Member of Parliament
Brown Mary-rose,Brown Mary-rose,2024-04-24,2024-04-24,1,Director of Policy
Browyn Fong,Browyn Fong,2023-05-12,2023-05-12,1,Staffer
Bruce Archibald,Bruce Archibald,2009-09-28,2016-09-27,70,President
Bruce Archibold,Bruce Archibald,2014-03-20,2014-03-20,1,President
Bruce Calvert,Bruce Calvert,2023-02-13,2023-04-19,3,Tax Policy Officer
Bruce Carson,Bruce Carson,2008-07-11,2008-09-04,7,Senior Advisor
Bruce Cheadle,Bruce Cheadle,2017-02-24,2023-03-07,5,Senior Communications Advisor
Bruce Chen,Bruce Chen,2016-06-28,2016-06-28,1,Foreign Reserves Management
Bruce Christie,Bruce Christie,2009-09-30,2025-01-24,111,Assistant Deputy Minister
Bruce Cooper,Bruce Cooper,2013-03-19,2013-03-19,1,"Deputy Minister, Health"
Bruce Couchman,Bruce Couchman,2011-06-02,2011-07-19,3,Senior Legal Analyst
Bruce Donaldson,Bruce Donaldson,2010-06-16,2012-07-31,6,VCDS
Bruce Fanjoy,Bruce Fanjoy,2025-06-03,2025-06-03,1,Member of Parliament
Bruce Fraser,Bruce Fraser,2018-02-23,2020-09-04,8,Section Head
Bruce Hickey,Bruce Hickey,2016-10-19,2017-10-18,2,Executive Assistant
Bruce Hirst,Bruce Hirst,2008-12-05,2009-03-23,2,"Assistant Deputy Minister, Chief Financial Officer"
Bruce Hyer,Bruce Hyer,2009-03-31,2015-06-16,99,Member of Parliament
Bruce Labrador,Bruce Labrador,2022-11-11,2022-11-11,1,Regional Director
Bruce Macdonald,Bruce Macdonald,2023-04-19,2025-02-21,2,Director
Bruce Manion,Bruce Manion,2010-12-17,2012-03-23,2,"Special Advisor to the Assistant Deputy Minister, HRSB"
Bruce Mccuaig,Bruce Mccuaig,2017-05-09,2017-06-23,3,Executive Advisor
Bruce Mcfarlane,Bruce Mcfarlane,2012-11-29,2012-11-29,1,Policy Advisor
Bruce Mcquaig,Bruce Mcquaig,2017-05-29,2017-05-29,2,Executive Advisor
Bruce Minchester,Bruce Winchester,2012-05-28,2012-05-28,1,Senior Policy Advisor
Bruce Murdock,Bruce Murdock,2018-05-28,2022-09-29,2,"Director, Corporate Security"
Bruce Ralston,Bruce Ralston,2022-07-13,2022-07-13,1,Member of Parliament
Bruce Randall,Bruce Randall,2023-09-14,2025-05-05,4,Director General
Bruce Scoffield,Bruce Scoffield,2018-04-26,2019-04-09,4,Director General
Bruce Stanton,Bruce Stanton,2010-09-28,2021-07-21,142,Member of Parliament
Bruce Staunton,Bruce Stanton,2010-10-26,2010-10-26,1,Member of Parliament
Bruce Stephen,Bruce Stephen,2017-12-15,2017-12-15,1,Director
Bruce Stirrett-wood,Bruce Stirrett-wood,2022-06-16,2025-05-23,7,Senior Policy Advisor
Bruce Vo,Bruce Vo,2022-02-08,2022-02-08,1,Manager | Senior Advisor
Bruce Wallace,Bruce Wallace,2011-03-22,2021-03-22,15,Director
Bruce Wang,Bruce Wang,2016-02-16,2022-03-09,4,Director
Bruce Wincester,Bruce Wincester,2009-06-11,2009-12-14,2,Senior Policy Advisor
Bruce Winchester,Bruce Winchester,2008-07-16,2012-07-03,328,Senior Policy Advisor
Bruce Winchestor,Bruce Wincester,2009-09-15,2009-09-15,1,Senior Policy Advisor
Bruce Wincheter,Bruce Wincester,2010-09-22,2010-09-22,1,Senior Policy Advisor
Bruce Winchster,Bruce Winchester,2012-04-03,2012-04-03,1,Senior Policy Advisor
Bruce Wunchester,Bruce Wunchester,2009-05-29,2009-05-29,1,Policy Advisor
Bruinooge Rod,Bruinooge Rod,2012-10-23,2014-11-26,2,Member of Parliament
Bruna Rados,Bruna Rados,2012-01-27,2012-11-30,4,Director General
Bruno Bond,Bruno Bond,2008-07-29,2008-07-29,1,Assistant Director
Bruno Drolet,Bruno Drolet,2010-02-16,2010-02-16,1,Biologist
Bruno Gagnon,Bruno Gagnon,2018-07-13,2022-11-09,5,Policy Analyst
Bruno Guilmette,Bruno Guilmette,2018-03-26,2018-03-26,1,Chief Investment Officer
Bruno Hardy-chartrant,Bruno Hardy-chartrant,2017-03-08,2017-03-08,1,Industry Relations
Bruno Lamy,Bruno Lamy,2014-07-16,2014-07-16,1,Analyst
Bruno Nordeste,Bruno Nordeste,2009-12-18,2009-12-18,1,"Program Coordinator, Americas"
Bruno Paris,Bruno Paris,2024-03-14,2024-03-14,1,Policy and Program Advisor
Bruno Rodrigue,Bruno Rodrigue,2023-03-28,2023-03-28,1,"Executive Director, Office of Legislative and Regulatory Modernization"
Bruno Rodrique,Bruno Rodrique,2015-12-03,2015-12-03,1,Director
Bruno Roy,Bruno Roy,2016-09-22,2016-09-22,1,"Senior Analyst, Resources, Energy and Environment Section, EDCF Branch"
Bruno Saccomani,Bruno Saccomani,2014-06-16,2015-01-14,2,"Ambassador, Canada to Jordan and Iraq"
Bruno Steinke,Bruno Steinke,2011-10-27,2022-09-27,8,Senior Director
Bruse Winchester,Bruce Wincester,2010-06-03,2010-06-03,1,Senior Policy Advisor
Bryan Clow,Bryan Clow,2018-11-08,2018-11-08,1,"Director, Canada-U.S. Relations"
Bryan Dalphy,Bryan Dalphy,2019-06-19,2024-11-05,7,Deputy Director
Bryan Gray,Bryan Gray,2009-06-03,2014-06-26,3,Policy Advisor
Bryan Hayes,Bryan Hayes,2011-06-22,2015-07-14,47,Member of Parliament
Bryan Hays,Bryan Hayes,2013-11-26,2013-11-26,1,Member of Parliament
Bryan Kaufmann,Brian Kaufmann,2017-02-22,2017-02-22,1,Senior Policy Advisor
Bryan Larkin,Bryan Larkin,2023-04-11,2025-02-06,6,Deputy Commissioner
Bryan Luck,Bryan Luck,2022-06-29,2022-06-29,1,Deputy Director
Bryan Mackay,Bryan Mackay,2021-03-25,2024-09-18,2,Director of Policy
Bryan Macled,Bryan Macleod,2014-05-28,2014-05-28,1,Policy Advisor
Bryan Macleod,Bryan Macleod,2014-03-27,2015-05-27,10,Policy Advisor
Bryan May,Bryan May,2015-12-01,2025-02-28,453,Member of Parliament
Bryan Mcleod,Bryan Mcleod,2014-02-05,2014-02-05,1,"Special Advisor, Policy"
Bryan P. Dalphy,Bryan P. Dalphy,2010-10-25,2010-10-25,1,Senior Industrial and Regional Benefits Manager
Bryan Rogers,Bryan Rogers,2018-05-29,2018-05-29,1,"Director, QP"
Bryan Rourke,Bryan Rourke,2016-09-13,2024-12-14,93,Director of Operations
Bryan Rourque,Bryan Rourque,2021-06-17,2023-05-02,3,Director of Operations
Bryan Smith,Bryan Smith,2011-08-17,2014-06-09,50,Policy Advisor
Bryan Stephens,Bryan Stephens,2017-03-29,2022-01-24,9,Senior Policy Advisor
Bryan Storseth,Brian Storseth,2015-05-26,2015-05-26,1,Member of Parliament
Bryan Tenasco-teixeira,Bryan Tenasco-teixeira,2024-09-11,2024-09-11,1,Administrative Assistant
Bryan Tisch,Bryan Tisch,2022-06-08,2023-06-14,3,Senior Environmental Scientist
Bryan Wilfert,Bryan Wilfert,2010-10-18,2010-10-18,2,Member of Parliament
Bryana Rousselle,Bryana Rousselle,2021-03-09,2021-03-09,1,Indigenous Engagement Coordinator
Bryce Anderson,Bryce Anderson,2019-04-24,2019-04-24,1,Senior Supervisor
Bryce Conrad,Bryce Conrad,2009-12-09,2011-06-08,10,Assistant Deputy Minister
Bryce Mccrae,Bryce Mcrae,2024-05-16,2024-05-16,1,"Manager, Stakeholder Relations"
Bryce Mckay,Bryce Mckay,2023-06-30,2023-07-06,2,Policy Advisor
Bryce Mcrae,Bryce Mcrae,2020-02-19,2025-03-05,208,"Manager, Stakeholder Relations"
Bryce Mcrea,Bryce Mcrea,2024-02-21,2024-08-13,2,Stakeholder Relations
Bryce Murray,Bryce Murray,2024-03-01,2024-03-01,1,"Manager, Stakeholder Relations"
Bryce Van Sluys,Bryce Van Sluys,2023-03-14,2023-03-14,1,Acting Assignment
Bryce Vansluys,Bryce Vansluys,2023-03-14,2023-03-14,1,"Technical Leader, Energy Outlooks"
Bryn De Chastelain,Bryn De Chastelain,2025-01-31,2025-05-21,4,"Director, Operation and Planning"
Bryn Dechastelain,Bryn Dechastelain,2025-02-24,2025-02-24,1,"Director, Operating and Planning"
Bryn Gray,Bryn Gray,2013-09-20,2015-06-22,20,Policy and Legal Advisor
Bryn Grey,Bryn Grey,2014-08-14,2014-08-14,1,Policy and Legal Advisor
Bryn Tenasco-teixeira,Bryan Tenasco-teixeira,2024-04-17,2024-04-17,1,Administrative Assistant
Bryna Young,Bryna Young,2018-12-19,2018-12-19,1,Policy Analyst
Bryon Wilfert,Bryon Wilfert,2010-10-05,2011-03-23,22,Member of Parliament
Bryon Wilfret,Bryon Wilfret,2010-11-12,2010-11-12,1,Member of Parliament
Brys Stafford,Brys Stafford,2024-09-04,2025-03-05,4,Senior Implementation Officer
Bryson Perrin,Bryson Perrin,2020-08-06,2021-07-20,2,Policy Analyst
Buckley Belanger,Buckley Belanger,2025-05-26,2025-05-30,3,"Secretary of State, Rural Development"
Bud Sambasiivam,Bud Sambasiivam,2019-09-04,2019-09-04,1,Policy Advisor
Bud Sambasivam,Bud Sambasivam,2018-10-12,2025-04-08,1033,Policy Advisor
Bud Sambasivan,Bud Sambasivan,2018-12-04,2024-10-11,10,Senior Policy Advisor
Bud Sambassivam,Bud Sambassivam,2020-01-29,2020-01-29,1,"Policy Advisor, Transportation"
Bud Sambavisam,Bud Sambavisam,2019-03-13,2023-11-21,6,"Deputy Director, Deputy Prime Minister and Finance Minister"
Bud Sambisavam,Bud Sambasivam,2019-11-27,2023-06-21,5,Policy Advisor
Bud Sambisavan,Bud Sambasivam,2020-10-13,2020-10-13,1,Policy Advisor
Bud Sambisivam,Bud Sambisivam,2020-04-12,2020-06-15,2,Senior Advisor
Bud Sambisivan,Bud Sambisivan,2019-05-16,2019-05-16,1,Policy Advisor
Bud Samvasian,Bud Samvasian,2022-01-21,2022-01-21,1,Director of Policy
Bud Simbasivam,Bud Sambasiivam,2019-11-01,2019-11-01,1,Policy Advisor
Bud Sumbasivam,Bud Sambasivam,2020-03-11,2020-03-11,1,Policy Advisor
Bugailiskis Alex,Bugailiskis Alex,2016-03-10,2016-03-10,1,"Assistant Deputy Minister, Europe, Middle East and Maghreb"
Burce Stantion,Burce Stantion,2015-03-12,2015-03-12,1,Member of Parliament
Burnadette Kudzin,Burnadette Kudzin,2022-02-04,2022-02-04,1,Staffer
Burnett John,Burnett John,2017-03-23,2017-03-23,1,Director of Policy
Burr Kristine,Burr Kristine,2010-10-27,2010-10-27,1,Assistant Deputy Minister
Burt Brown,Bert Brown,2010-10-20,2010-10-20,1,Senator
Burt Brwon,Burt Brwon,2010-11-03,2010-11-03,1,Senator
Burton Bailey,Burton Bailey,2025-05-29,2025-05-29,1,Member of Parliament
Burton Gustajtis,Burton Gustajtis,2024-05-13,2024-05-13,1,Statistician
Burton Mike,Burton Mike,2019-11-26,2019-11-26,1,"Director, Operations"
Bushra Mir,Bushra Mir,2024-01-25,2024-01-25,1,Constituency and Planning Advisor
Butera Eloge,Butera Eloge,2019-08-28,2019-08-28,1,Principal Policy Advisor
Button Hanna,Button Hanna,2023-01-25,2023-01-25,1,Director of Policy
Buyi Zhu,Buyi Zhu,2017-03-20,2017-05-18,2,Portfolio Manager
Byrne Furlong,Byrne Furlong,2016-08-24,2018-07-18,4,Press Secretary
Byron Allin,Byron Allin,2015-03-26,2015-03-26,1,Policy Advisor
Byron Chassin De Kergommeaux,Byron Chassin De Kergommeaux,2020-03-15,2020-03-15,1,Director
Byron Nutton,Byron Nutton,2023-09-27,2023-09-27,1,Section Head
Byron Wilfert,Byron Wilfert,2011-02-15,2011-02-15,1,Member of Parliament
