raw name,cleaned name,first_appearance,last_appearance,count,title
T J Harvey,Tj Harvey,2016-02-18,2019-05-30,18,Member of Parliament
T Ramasamy,T Ramasamy,2024-08-09,2024-08-09,1,"Executive Director, Gastroenterology Infection and Viral Diseases"
T Swerdfager,T Swerdfager,2012-08-07,2012-08-07,1,Assistant Deputy Minister
T-j Harvey,Tj Harvey,2017-06-08,2017-06-08,1,Member of Parliament
T. J. Harvey,Tj Harvey,2017-04-11,2018-04-26,4,Member of Parliament
T. Kendal Hembroff,T. Kendal Hembroff,2018-02-07,2018-02-07,1,Director of Policy
T. Mckay,T. Mckay,2008-07-21,2008-07-21,1,Minister's Staff
T. Peatt,T. Peatt,2008-07-21,2008-07-21,1,Minister's Staff
T.j Harvey,Tj Harvey,2017-06-07,2018-11-06,3,Member of Parliament
T.j. Harvey,Tj Harvey,2015-12-10,2019-05-06,68,Member of Parliament
Taako Von Popta,Tako Van Popta,2023-02-14,2023-02-14,1,Member of Parliament
Taayo Simmonds,Taayo Simmonds,2013-09-19,2015-03-05,12,Policy Advisor
Tab Borden,Tab Borden,2014-07-10,2014-07-10,1,Deputy Director
Tabitha Bernard,Tabitha Bernard,2011-11-15,2015-02-26,7,Parliamentary Assistant
Tabitha Takeda,Tabitha Takeda,2021-05-18,2021-08-06,4,"Chief, Policy and Program Development"
Tabitha Takedo,Tabitha Takeda,2021-05-11,2021-05-11,1,"Chief, Policy and Program Development"
Tafu Seguchi,Tafu Seguchi,2024-01-26,2024-01-26,1,Program Technical Support Officer
Taguchi Joel,Taguchi Joel,2013-03-02,2013-03-02,1,"Director, Communications"
Tahara Ochora Briggs,Tahara Ochora Briggs,2022-11-21,2022-11-21,1,Constituency Assistant
Taheer Mohamed,Taheer Mohamed,2022-09-09,2022-09-09,1,Manager
Taher Assem,Taher Assem,2024-08-13,2024-08-13,1,Policy Analyst
Tahiha Bakht,Tahiha Bakht,2018-12-12,2018-12-12,1,"Senior Manager, Operations"
Tahiya Bahkt,Tahiya Bahkt,2020-03-17,2021-03-17,9,"Senior Advisor, Minister of Health"
Tahiya Bakht,Tahiya Bakht,2016-09-20,2022-04-11,167,Senior Advisor
Tahiya Bakta,Tahiya Bahkt,2021-03-01,2021-03-01,1,"Senior Advisor, Minister of Health"
Tahiya Bhakt,Tahiya Bhakt,2020-07-27,2020-07-31,2,Senior Policy Advisor
Tahyia Bakht,Tahyia Bakht,2017-02-23,2017-02-23,1,Regional Advisor
Tak Van Popta,Tako Van Popta,2020-03-04,2020-03-04,1,Member of Parliament
Taki Sara Ntakis,Taki Sara Ntakis,2009-02-12,2009-02-12,1,"Directorate of Policy and Priorities, Infrastructure Canada"
Taki Sarakis,Taki Sarakis,2012-09-07,2012-09-07,1,"Assistant Deputy Minister, Policy and Communications"
Taki Sarantakis,Taki Sarantakis,2009-01-16,2025-03-05,80,President
Taki Saratakis,Taki Sarakis,2012-09-07,2012-09-07,1,"Assistant Deputy Minister, Policy and Communications"
Tako Van Popta,Tako Van Popta,2020-01-30,2025-03-05,217,Member of Parliament
Tako Van Pota,Tako Van Pota,2021-01-27,2021-01-27,1,Member of Parliament
Tal Elharrar,Tal Elharrar,2023-05-17,2023-05-17,1,Senior Director
Tala Barmada,Tala Barmada,2024-06-03,2024-06-03,1,Community Engagement Officer
Talal Dakalbab,Talal Dakalbab,2021-03-22,2025-05-05,50,Assistant Deputy Minister
Talal Dekalbab,Talal Dekalbab,2022-11-24,2023-10-31,2,Assistant Deputy Minister
Talal Dkalbab,Talal Dakalbab,2024-11-04,2024-11-04,1,Assistant Deputy Minister
Talal Kairouz,Talal Kairouz,2020-04-06,2020-04-07,2,Project Finance Manager
Talal Lairouz,Talal Kairouz,2021-11-05,2021-11-05,1,Project Finance Manager
Taleeb Noormohamed,Taleeb Noormohamed,2021-11-05,2025-02-26,240,Member of Parliament
Taleesha Thorogood,Taleesha Thorogood,2016-08-15,2017-07-18,13,Stakeholder Relations Assistant
Tamaini Snaith,Tamaini Snaith,2012-10-03,2023-10-23,3,Executive Director
Tamar Abdallah,Tamer Abdallah,2017-09-15,2017-09-15,1,Policy Advisor
Tamara Allard,Tamara Allard,2020-08-11,2021-02-19,2,District Director
Tamara Brown,Tamara Brown,2023-10-03,2023-10-03,1,"Manager, Strategic Planning and Engagement"
Tamara Demos,Tamara Demos,2018-03-19,2022-06-08,6,"Managing Director, Private Pension Plans Division"
Tamara Fast,Tamara Fast,2020-02-12,2023-12-11,13,Senior Implementation Officer
Tamara Figol,Tamara Figol,2017-03-14,2017-03-14,1,"Senior International Development Officer, Inter-American Program"
Tamara Gomes,Tamara Gomes,2022-08-22,2022-08-22,1,Assistant Chief of Staff
Tamara Hudge,Tamara Rudge,2023-05-02,2023-05-02,1,Director General
Tamara Jansen,Tamara Jansen,2019-11-20,2021-07-21,46,Member of Parliament
Tamara Janssen,Tamara Jansen,2020-02-24,2020-12-16,2,Member of Parliament
Tamara Jensen,Tamara Jansen,2020-12-16,2021-05-27,3,Member of Parliament
Tamara Kane,Tamara Kane,2021-09-27,2021-09-27,1,"Manager, Prairie Federal Council"
Tamara Kronis,Tamara Kronis,2025-05-22,2025-05-30,3,Member of Parliament
Tamara Krygier-baum,Tamara Krygier-baum,2023-06-29,2024-12-11,4,Senior Investment Analyst
Tamara Mawhinney,Tamara Mawhinney,2018-07-30,2024-12-10,4,Ambassador
Tamara Mckee,Tamara Mckee,2025-05-06,2025-05-06,1,Executive Assistant
Tamara Ramsey,Tamara Ramsey,2024-09-25,2024-09-25,1,"Executive Director, PDD"
Tamara Rudge,Tamara Rudge,2009-09-30,2025-05-14,94,Director General
Tamara Rugde,Tamara Rugde,2023-11-14,2023-11-14,1,"Director General, Surface Transportation Policy"
Tamara Serjak,Tamara Serjak,2018-06-25,2018-06-25,1,Lead Project Manager
Tamara Shaikho,Tamara Shaikho,2022-11-25,2025-01-23,2,Analyst
Tamara Sone,Tamara Sone,2025-04-04,2025-04-04,1,Senior Policy Analyst
Tamara Sorger,Tamara Sorger,2024-09-25,2024-09-25,1,Deputy Director
Tamara Young,Tamara Young,2016-09-27,2022-11-24,6,Policy Analyst
Tamer Abdalla,Tamer Abdalla,2016-02-23,2017-12-19,25,Policy Advisor
Tamer Abdallah,Tamer Abdallah,2017-08-28,2017-10-16,2,Policy Advisor
Tamer Mansy,Tamer Mansy,2018-02-15,2018-02-15,1,"First Secretary, Development"
Tamera Rudge,Tamera Rudge,2018-04-13,2018-04-13,1,"Director General, Ontario"
Tammy Belanger,Tammy Belanger,2020-11-03,2023-11-02,8,Senior Assistant Deputy Minister
Tammy Bell,Tammy Bell,2020-01-28,2020-07-07,2,Executive Director
Tammy Branch,Tammy Branch,2023-06-07,2025-02-03,4,Assistant Commissioner
Tammy Clifford,Tammy Clifford,2019-06-05,2025-05-30,41,Acting President
Tammy Huston,Tammy Huston,2020-08-12,2020-08-12,1,Senior Account Manager
Tammy Labelle,Tammy Labelle,2016-09-28,2019-07-30,7,Assistant Deputy Minister
Tammy O'grady,Tammy Ogrady,2023-11-27,2023-11-27,1,Senior Personal Advisor to the CIO of Canada
Tammy Paul,Tammy Paul,2021-02-26,2022-06-13,3,Chief of Staff
Tammy Sale,Tammy Sale,2014-10-08,2014-11-19,2,Legislative Assistant
Tammy Schulz,Tammy Schulz,2011-05-18,2025-03-05,23,Director General
Tammy Simpson,Tammy Simpson,2018-07-26,2018-07-26,1,Director
Tammy Switucha,Tammy Switucha,2018-06-29,2022-06-09,14,Executive Director
Tamra Kronis,Tamara Kronis,2025-05-22,2025-05-22,1,Member of Parliament
Tamsyn Farr,Tamsyn Farr,2020-08-04,2020-08-04,1,Senior Policy and Research Analyst
Tania Amghar,Tania Amghar,2018-01-09,2025-02-12,34,Regional Advisor | Policy Advisor
Tania Amghard,Tania Amghard,2022-12-05,2022-12-05,1,Policy Advisor and Regional Advisor for Quebec
Tania Belisle - Leclerc,Tania Belisle-leclerc,2023-08-23,2023-08-23,1,Director of Policy
Tania Belisle Leclerc,Tania Belisle-leclerc,2024-01-10,2024-01-10,1,Director of Policy
Tania Belisle-leclerc,Tania Belisle-leclerc,2018-08-15,2025-03-24,54,Director of Policy
Tania Bennett,Tania Bennett,2020-11-04,2020-11-04,1,"Senior Advisor to the Vice President, Innovation"
Tania Bourassa-ochoa,Tania Bourassa-ochoa,2024-07-11,2024-07-11,1,Deputy Chief Economist
Tania Frank,Tania Frank,2016-03-23,2016-03-23,1,"Manager, PIPEDA Investigations"
Tania Gordanier,Tania Gordanier,2019-02-01,2025-02-20,3,"Manager, Contaminated Sites and Major Project Coordination"
Tania Mackinnon,Tania Mackinnon,2022-07-13,2022-07-13,1,Senior Development Officer
Tania Mcclements,Tania Mcclements,2008-10-10,2008-10-10,1,Senior Program Officer
Tania Monaghan,Tania Monaghan,2022-02-11,2024-04-12,12,Director of Rights Implementation
Tania Monoghan,Tania Monoghan,2021-12-02,2021-12-02,1,Director of Rights Implementation
Tania Vogel,Tania Vogel,2021-06-25,2021-07-27,2,Senior Energy Policy Analyst
Tanis Stefanis,Tanis Stefanis,2022-05-17,2022-05-17,1,Associate Vice President
Tanjan Islam,Tanjan Islam,2023-06-29,2023-06-29,1,Economist
Tanjana Islam,Tanjana Islam,2022-09-21,2024-09-06,3,Analyst
Tanmay Praharaj,Tanmay Praharaj,2018-02-23,2024-06-11,3,Head
Tannis Bujaczek,Tannis Bujaczek,2023-07-05,2023-07-05,1,Director
Tanuga Kulkarni,Tanuga Kulkarni,2018-03-16,2018-03-16,1,Manager
Tanuja Mukhedkar,Tanuja Mukhedkar,2024-08-28,2024-08-28,1,Senior Program Engineer
Tanveer Kaur,Tanveer Kaur,2023-10-04,2023-10-04,1,Regional Advisor
Tanveer Kaur Tur,Tanveer Kaur Tur,2023-04-26,2024-09-26,4,"Regional Advisor, Ontario"
Tanveer Sandhu,Tanveer Sandhu,2022-04-06,2023-09-01,10,Stakeholder Relations and Outreach Advisor
Tanveer Tur,Tanveer Tur,2024-11-07,2024-11-07,1,"Regional Advisor, Ontario"
Tanveerkaur Tur,Tanveerkaur Tur,2023-10-05,2025-02-01,3,Regional Advisor
Tany Peatt,Tanya Peatt,2012-10-24,2012-10-24,1,Director of Policy
Tanya Dare,Tanya Dare,2015-03-02,2021-05-12,2,Manager | Senior Policy Advisor
Tanya Day,Tanya Day,2023-08-23,2024-05-28,7,Executive Director
Tanya Dupis,Tanya Dupis,2018-11-27,2018-11-27,1,Advisor
Tanya Dupuis,Tanya Dupis,2018-11-27,2018-11-27,1,Advisor
Tanya Gadzos,Tanya Gadzos,2024-11-08,2024-11-25,3,Senior Program Officer
Tanya Hinton,Tanya Hinton,2021-07-09,2025-02-06,3,Senior Advisor and Specialist
Tanya Lalonde,Tanya Lalonde,2016-05-18,2017-06-14,45,Policy Advisor
Tanya Nayler,Tanya Nayler,2022-09-20,2022-11-01,2,Legislative Assistant
Tanya Naylor,Tanya Nayler,2024-11-19,2024-11-19,1,Legislative Assistant
Tanya Osiowy,Tanya Osiowy,2020-07-16,2020-07-16,1,Director
Tanya Peat,Tanya Peatt,2008-12-16,2011-02-08,13,Director of Policy
Tanya Peatt,Tanya Peatt,2008-07-21,2025-03-06,205,Director of Policy
Tanya Potashnick,Tanya Potashnick,2018-12-11,2018-12-11,1,Director
Tanya Potashnik,Tanya Potashnik,2020-12-09,2022-07-07,3,Director of Policy and Economic Analysis
Tanya Preatt,Tanya Preatt,2017-02-23,2017-02-23,1,Senior Policy Advisor
Tanya Ramsamy,Tanya Ramsamy,2016-12-19,2024-12-18,4,"Director, PDD"
Tanya Trevors,Tanya Trevors,2022-10-17,2023-09-06,2,"Director, Women’s and Children’s Health and Rights"
Tanya-michelle Contente,Tanya-michelle Contente,2022-10-06,2022-10-06,2,Parliamentary Assistant
Tanzeel Merchant,Tanzeel Merchant,2022-06-10,2024-01-08,8,Regional Director General
Tao Pham,Tao Pham,2020-03-11,2020-03-11,1,Associate Deputy Minister
Taous Ait,Taous Ait,2023-12-15,2024-09-10,19,Policy Advisor
Tapely Catrina,Tapely Catrina,2011-06-06,2011-06-06,1,"Associate Assistant Deputy Minister, Citizenship"
Tapley Catrina,Tapley Catrina,2016-12-12,2016-12-12,1,Assistant Secretary
Tara Beauport,Tara Beauport,2022-10-06,2022-10-06,1,Press Attaché
Tara Beitel,Tara Beitel,2020-08-25,2020-08-25,2,Senior Policy Advisor
Tara Bower,Tara Bower,2012-04-24,2012-04-24,1,Director
Tara Carney,Tara Carney,2017-06-22,2022-08-22,5,"Director, International Humanitarian Assistance"
Tara Cosgrove,Tara Cosgrove,2017-05-11,2019-02-05,4,Executive Director
Tara Denham,Tara Denham,2019-03-25,2024-01-09,4,Director General
Tara Dobson,Tara Dobson,2018-03-13,2018-03-13,1,Senior Policy Advisor
Tara Frezza,Tara Frezza,2017-05-11,2018-07-27,3,"Manager, Legislation"
Tara Fulton,Tara Fulton,2023-08-30,2023-08-30,1,Associate Director
Tara Gray,Tara Gray,2014-12-12,2019-09-27,2,Director
Tara Hartley,Tara Hartley,2023-08-15,2024-07-09,4,Regional Director
Tara Hogeterp,Tara Hogeterp,2016-04-11,2016-04-11,1,Legislative and Communications Assistant
Tara Lapointe,Tara Lapointe,2024-04-30,2025-05-28,15,"Vice President, Stakeholder Engagement and Advancement of Society"
Tara Martin,Tara Martin,2021-11-22,2021-11-22,1,Policy Research Analyst
Tara O'byrne,Tara Obyrne,2024-03-19,2024-03-19,1,"Senior Policy Advisor, Aviation Security"
Tara Preston,Tara Preston,2021-06-23,2021-06-23,2,Deputy Minister
Tara Scheurwater,Tara Scheurwater,2022-04-13,2024-06-21,3,Consul General
Tara Schuerwater,Tara Schuerwater,2018-11-30,2018-11-30,1,Senior Trade Commissioner
Tara Shannon,Tara Shannon,2013-10-11,2025-03-11,161,Assistant Deputy Minister
Tara Sheppard,Tara Sheppard,2020-10-09,2021-05-17,2,Constituency Assistant
Tara Story,Tara Story,2021-12-02,2023-08-15,4,Senior Policy Analyst
Tara Zalusky,Tara Zalusky,2019-10-10,2020-09-13,3,Chief of Staff
Tara-lea Herkert,Tara-lea Herkert,2018-06-11,2019-10-24,3,Manager
Tara-lee Kerket,Tara-lee Kerket,2009-08-19,2009-08-19,1,"Economist, Financial Sector Division"
Taras Hollyer,Taras Hollyer,2010-10-08,2014-05-26,4,"Director, Program Policy and Innovation"
Taras Shannon,Taras Shannon,2022-04-29,2022-04-29,1,"Assistant Deputy Minister, Canadian Wildlife Service"
Taras Zaluksy,Taras Zaluksy,2016-11-23,2017-09-26,2,"Director, Policy, Procurement and Parliamentary Affairs"
Taras Zalusk,Taras Zalusk,2018-04-11,2018-04-11,1,Director of Policy
Taras Zaluski,Taras Zaluski,2018-06-08,2018-06-08,1,"Director, Policy, Procurement and Parliamentary Affairs"
Taras Zaluskky,Taras Zaluskky,2016-04-21,2016-04-21,1,Policy Advisor
Taras Zalusky,Taras Zalusky,2016-02-11,2025-05-27,474,Chief of Staff
Taras Zulosky,Taras Zulosky,2019-11-28,2019-11-28,2,Chief of Staff
Taras Zulusky,Taras Zulusky,2016-08-24,2019-04-04,3,Director of Policy
Tardif Denis,Tardif Denis,2012-11-13,2012-11-13,1,"Director, Regional Affairs"
Tarik Brahmi,Tarik Brahmi,2011-09-14,2015-03-12,21,Member of Parliament
Tarik Faruk,Tarik Faruk,2016-08-31,2016-08-31,1,Chief of Staff
Tarik Khan,Tarik Khan,2018-03-19,2023-05-29,5,"Ambassador, Canada to Jordan"
Tariq Brahmi,Tarik Brahmi,2014-05-26,2014-05-26,1,Member of Parliament
Tarjei Nodtvedt Malme,Tarjei Nodtvedt Malme,2019-06-19,2019-06-19,1,Research Council
Tarras Zalusky,Taras Zaluski,2016-11-29,2016-11-29,1,"Director, Policy, Procurement and Parliamentary Affairs"
Tasha Hanes,Tasha Hanes,2018-02-26,2025-05-22,56,Director General
Tasha Isail,Tasha Ismail,2020-06-19,2020-06-19,1,Director of Operations
Tasha Isamail,Tasha Ismail,2020-10-30,2020-10-30,1,Director of Operations
Tasha Ismail,Tasha Ismail,2017-01-18,2020-11-18,79,Director of Operations
Tasha Ridell,Tasha Ridell,2017-10-13,2017-10-13,1,Stakeholder Relations
Tasha Stefanis,Tasha Stefanis,2019-07-11,2023-04-26,6,Director General
Tasharash Williams,Tasharash Williams,2020-10-07,2020-10-07,1,"Director General, Social Policy - Immigration"
Tashma Ismail,Tasha Ismail,2020-04-13,2020-04-13,1,Director of Operations
Tasnia Khan,Tsania Khan,2020-05-26,2020-11-17,3,Junior Policy Analyst
Taso Georgiou,Taso Georgiou,2017-10-06,2018-04-16,2,Vice President
Tate Chong,Tate Chong,2017-02-07,2017-02-07,4,Staff
Tatiana Popesco,Tatiana Popesco,2012-01-17,2012-01-17,5,Senior Departmental Advisor
Tatyana Karaulshchykova,Tatyana Karaulshchykova,2024-01-31,2024-10-25,10,Legislative Assistant
Tausha Michaud,Tausha Michaud,2013-10-22,2021-03-02,12,Chief of Staff
Tavner Kaur Tur,Tavner Kaur Tur,2023-03-28,2023-03-28,1,Executive Assistant to the Minister
Tawnya Hewitt,Tawnya Hewitt,2024-11-06,2025-03-05,2,Negotiator
Tay Rubman,Tay Rubman,2022-02-15,2022-02-15,1,Legislative Assistant
Taylor Ambler,Taylor Ambler,2024-01-23,2024-02-13,2,Manager
Taylor Bachrach,Taylor Bachrach,2019-11-01,2025-02-07,270,Member of Parliament
Taylor Gordon,Taylor Gordon,2018-11-20,2018-11-20,1,Policy Advisor
Taylor Gregory,Taylor Gregory,2014-08-18,2014-08-18,7,Deputy Chief Public Health Officer
Taylor Groenewoud,Taylor Groenewoud,2022-04-22,2022-04-29,2,Senior Program Scientist
Taylor Hartrick,Taylor Hartrick,2020-11-17,2023-10-31,7,Policy Analyst
Taylor Hladik,Taylor Hladik,2015-07-07,2015-07-07,1,"Counsellor, Commercial"
Taylor Hodgins,Taylor Hodgins,2018-03-20,2018-05-29,2,Staffer
Taylor Johnson,Taylor Johnson,2015-02-19,2015-02-19,1,Economist | Analyst
Taylor Komery,Taylor Komery,2023-04-06,2023-04-06,1,Procurement Officer
Taylor Pettit,Taylor Pettit,2014-08-18,2014-08-18,1,Issues Manager
Taylor Roy,Taylor Roy,2023-02-02,2023-02-02,1,Member of Parliament
Taylor Suzanne,Taylor Suzanne,2019-06-24,2019-06-24,1,Policy Advisor
Tchilabalo Abaki,Tchilabalo Abaki,2024-11-05,2024-11-05,1,Acting High Commissioner for Togo | First Counsellor
Tea Lalatovic,Tea Lalatovic,2023-11-17,2023-11-17,1,Analyst
Teall Hall,Teall Hall,2022-06-15,2024-03-27,5,Policy Analyst
Teanna Lackner,Teanna Lackner,2024-07-15,2024-07-15,1,Program Coordinator
Ted Cook,Ted Cook,2010-03-11,2020-11-18,79,Director
Ted E Menzies,Ted E Menzies,2012-01-18,2012-01-18,1,"Minister of State, Finance"
Ted E. Menzies,Ted E Menzies,2012-05-22,2012-05-22,1,"Minister of State, Finance"
Ted Falk,Ted Falk,2014-02-04,2025-06-11,540,Member of Parliament
Ted Francis,Ted Francis,2016-09-08,2017-04-10,3,Chief of Staff
Ted Gallivan,Ted Gallivan,2013-08-08,2025-02-12,203,Assistant Commissioner
Ted Hewit,Ted Hewitt,2017-10-19,2017-10-19,1,President
Ted Hewitt,Ted Hewitt,2012-09-21,2025-05-28,305,President
Ted Hewlitt,Ted Hewitt,2023-02-01,2023-02-01,1,President
Ted Hsu,Ted Hsu,2011-06-14,2015-06-09,112,Member of Parliament
Ted Lakin,Ted Lakin,2013-03-04,2013-03-04,1,Policy Advisor
Ted Laking,Ted Laking,2010-05-06,2015-07-24,42,Policy Advisor
Ted Menzie,Ted Menzies,2012-03-14,2012-03-14,1,"Minister of State, Finance"
Ted Menzies,Ted Menzies,2008-11-25,2013-11-05,194,"Minister of State, Finance"
Ted Menzues,Ted E Menzies,2011-09-20,2011-09-20,1,"Minister of State, Finance"
Ted Opitz,Ted Opitz,2009-06-03,2015-02-24,66,Member of Parliament
Ted Optiz,Ted Opitz,2011-10-20,2013-11-07,6,Member of Parliament
Ted Pidgeon,Ted Pidgeon,2009-07-06,2009-07-17,4,Deputy Director
Ted Price,Ted Price,2008-09-08,2013-04-29,25,Assistant Superintendent
Ted Reinhardt,Ted Reinhardt,2015-06-03,2015-06-03,1,Deputy Chief Information Officer
Ted Staffen,Ted Staffen,2012-12-04,2012-12-12,2,"Director of Regional Affairs, Yukon"
Ted Summers,Ted Summers,2012-06-11,2012-06-11,1,Evaluation Manager
Ted Tsu,Ted Hsu,2011-12-08,2012-08-30,2,Member of Parliament
Teddy Markey,Teddy Markey,2017-05-18,2021-03-23,9,Chief of Staff
Teeple Kate,Teeple Kate,2017-02-08,2017-02-08,1,"Manager, Strategic Priorities"
Tenzin Chogkyi,Tenzin Chogkyi,2021-03-05,2022-05-11,3,"Regional Desk, West and North"
Tenzin Kangzar,Tenzin Kangzar,2013-09-13,2013-09-13,1,Assistant
Tenzin Khangar,Tenzin Khangsar,2012-06-08,2012-06-08,1,Chief of Staff
Tenzin Khangasar,Tenzin Khangasar,2009-07-14,2009-07-14,1,"Director, Multiculturalism"
Tenzin Khangsar,Tenzin Khangsar,2009-01-29,2012-09-20,26,Chief of Staff
Tenzin Wangmo,Tenzin Wangmo,2017-05-29,2017-05-29,1,Constituency Assistant
Teo Owen,Teo Owen,2020-09-14,2020-09-14,1,"Director, Strategic Integration"
Teodora Cosac,Teodora Cosac,2016-04-12,2016-04-12,1,"Senior Advisor, Patent Policy Directorate"
Tep Opitz,Ted Opitz,2015-04-29,2015-04-29,1,Member of Parliament
Tera Winter,Tera Winter,2021-11-15,2022-03-10,3,"Senior Policy Advisor, Innovation"
Terance Young,Terence Young,2012-05-29,2012-11-22,2,Member of Parliament
Terasa Parsons,Teresa Parsons,2022-06-15,2022-06-15,1,Director
Tereasa Chudy,Tereasa Chudy,2019-01-09,2019-01-09,1,Economist
Terence H. Young,Terence Young,2014-10-07,2014-10-07,1,Member of Parliament
Terence Hubbard,Terence Hubbard,2013-11-01,2025-04-16,276,Director General
Terence Nelligan,Terence Nelligan,2010-08-19,2010-08-19,1,Research Officer
Terence Scheltema,Terence Scheltema,2008-07-10,2023-08-17,25,Senior Policy Advisor
Terence Stechysin,Terence Stechysin,2022-04-04,2025-02-19,19,Director
Terence Young,Terence Young,2010-09-28,2015-06-25,131,Member of Parliament
Tererence Hubbard,Tererence Hubbard,2017-04-26,2017-04-26,1,Assistant Deputy Minister
Teresa Bach,Teresa Bach,2017-01-30,2017-01-30,1,Director
Teresa Crockett,Teresa Crockett,2021-11-30,2021-11-30,1,Deputy Director
Teresa D' Andrea,Teresa D Andrea,2024-12-17,2024-12-17,1,Assistant Deputy Minister
Teresa D'andrea,Teresa Dandrea,2019-06-25,2025-02-26,17,Assistant Deputy Minister
Teresa De Marco,Teresa De Marco,2017-03-20,2023-03-23,5,Economist
Teresa Durning,Teresa Durning,2020-11-25,2021-02-12,4,Constituency Assistant
Teresa Figueiredo,Teresa Figueiredo,2022-05-19,2022-05-19,1,Policy Intern
Teresa Frick,Teresa Frick,2011-11-02,2019-12-05,2,Director
Teresa Joudrie,Teresa Joudrie,2017-11-02,2017-11-02,1,"Director General, NPMO"
Teresa Leung,Teresa Leung,2022-12-09,2022-12-09,1,Public Health Advisor
Teresa Parsons,Teresa Parsons,2010-11-04,2022-06-15,2,Director
Teresa Stephens,Teresa Stephens,2024-02-13,2024-02-13,1,"Director, Transportation Programs"
Teresa Tam,Theresa Tam,2014-11-18,2018-09-19,6,Chief Public Health Officer
Teresa Trider,Teresa Trider,2016-07-27,2018-04-03,3,Constituency Assistant
Teresa Wu,Teresa Wu,2021-04-09,2021-04-09,1,Outreach Officer
Teressa Laforest,Teressa Laforest,2022-11-25,2022-11-25,1,"Director General, Inspections"
Teri Mcgarry,Teri Mcgarry,2021-05-21,2021-05-21,1,Policy Advisor
Terr Hubbard,Terry Hubbard,2023-11-09,2023-11-09,1,President
Terra Weatherbie,Terra Weatherbie,2020-07-09,2020-07-21,2,Chief of Staff
Terrance Hubbard,Terrance Hubbard,2014-01-29,2023-07-28,12,Director General
Terrance Mcauley,Terrance Mcauley,2010-05-26,2013-06-07,10,Assistant Commissioner
Terrance Oakey,Terrance Oakey,2009-03-11,2009-05-27,4,"Vice President, Federal Government Relations"
Terrance Stratton,Terrance Stratton,2009-03-26,2009-03-26,1,Government Whip in Senate
Terrance Young,Terence Young,2010-10-05,2015-03-26,11,Member of Parliament
Terrence Cowl,Terrence Cowl,2017-02-14,2025-04-03,5,Executive Director
Terrence Hubbard,Terence Hubbard,2015-04-13,2025-04-09,58,Director General
Terrence Wood,Terrence Wood,2018-05-10,2018-05-10,1,"Director General, Major Project Delivery"
Terrence Young,Terence Young,2010-10-05,2015-01-26,26,Member of Parliament
Terri Mcgarry,Terri Mcgarry,2018-10-15,2024-09-18,13,Parliamentary Affairs Advisor
Terri O'neill,Terri Oneill,2019-07-02,2019-07-02,1,Executive Assistant to the Minister
Terrie Romano,Terrie Romano,2015-05-21,2015-05-21,1,"Consul, Economic Affairs Ontario"
Terry Andow,Terry Andow,2010-03-23,2013-02-07,19,Policy Advisor
Terry Audla,Terry Audla,2022-11-16,2022-11-16,1,Regional Director General
Terry Bailey,Terry Bailey,2016-08-22,2016-08-22,1,Policy Advisor
Terry Beach,Terry Beach,2016-11-23,2020-09-03,5,Member of Parliament
Terry Beech,Terry Beech,2015-11-27,2025-02-25,413,Member of Parliament
Terry Campbell,Terry Campbell,2009-04-28,2009-04-28,1,Executive Director
Terry Cowl,Terry Cowl,2022-03-31,2022-03-31,1,"Director, Responsible Business Practices Division"
Terry Dowall,Terry Dowdall,2020-02-04,2020-02-04,1,Member of Parliament
Terry Dowdall,Terry Dowdall,2020-01-28,2025-03-07,168,Member of Parliament
Terry Dowdell,Terry Dowdall,2022-06-02,2022-06-02,1,Member of Parliament
Terry Duguid,Terry Duguid,2015-11-24,2025-06-03,636,Member of Parliament
Terry Falk,Terry Falk,2019-05-16,2019-05-16,1,Member of Parliament
Terry Faubert,Terry Faubert,2024-10-28,2025-01-28,3,Executive Director
Terry Guillon,Terry Guillon,2018-08-09,2024-09-11,7,"Lead, Media Advance"
Terry Harder,Terry Harder,2011-09-08,2011-09-08,1,Assistant Director
Terry Hatton,Terry Hatton,2021-11-22,2024-05-14,10,Director General
Terry Homma,Terry Homma,2013-03-11,2018-12-05,11,Director General
Terry Hubbard,Terry Hubbard,2012-10-18,2025-02-12,59,President
Terry Jamieson,Terry Jamieson,2008-11-27,2016-10-19,6,Vice President
Terry Jeans,Terry Jeans,2024-07-04,2024-08-13,3,Director of Operations
Terry Long,Terry Long,2015-05-15,2015-05-15,1,Parliamentary Assistant
Terry M. Mercer,Terry Mercer,2011-03-03,2022-02-01,29,Senator
Terry Mcauley,Terry Mcauley,2010-05-26,2012-03-05,6,Assistant Commissioner
Terry Mercer,Terry Mercer,2010-09-27,2021-06-02,291,Senator
Terry Miszaniec,Terry Miszaniec,2009-02-05,2009-02-05,1,"Manager, Income Tax Legislative Amendments"
Terry Rudeen,Terry Rudeen,2010-11-02,2010-11-02,1,Special Advisor
Terry Sheehan,Terry Sheehan,2015-12-09,2025-06-05,184,Member of Parliament
Terry Shehan,Terry Sheehan,2018-05-23,2018-05-23,1,Member of Parliament
Terry Speed,Terry Speed,2024-08-14,2024-08-14,1,Canadian Coast Guard
Terry Stechysin,Terry Stechysin,2024-06-25,2024-06-25,1,"Director, Trade Negotiations and Investments"
Terry Stratton,Terry Stratton,2011-10-25,2011-10-25,1,Senator
Terry Williston,Terry Williston,2008-12-18,2012-06-11,3,Director General
Terry Wood,Terry Wood,2018-07-16,2018-07-18,3,"Director General, Major Project Delivery"
Terry-lynn Mcdonald,Terry-lynn Mcdonald,2014-12-10,2014-12-10,1,Special Advisor
Tes Hsu,Ted Hsu,2015-01-28,2015-01-28,1,Member of Parliament
Teshome Nkrumah,Teshome Nkrumah,2017-10-19,2024-09-23,2,Deputy Director
Tess Fremont-cote,Tess Fremont-cote,2021-05-14,2021-05-14,1,Senior Advisor
Tess Mc Manus,Tess Mc Manus,2021-03-16,2021-03-16,1,"Director, Strategic Planning and Appointments"
Tess Menges,Tess Menges,2024-04-09,2024-04-09,1,Manager
Tess Sliwinski,Tess Sliwinski,2018-09-18,2021-12-17,3,Manager | Senior Policy Advisor
Tess Williams,Tess Williams,2020-12-18,2020-12-18,1,Policy Advisor
Tess Wittman,Tess Wittman,2024-03-26,2024-03-26,1,Policy Analyst
Tessa Ritter,Tessa Ritter,2019-05-22,2019-05-22,1,Chief of Staff
Tessica Truong,Tessica Truong,2020-08-04,2020-08-04,1,Intern
Tessier Benoit,Tessier Benoit,2013-01-24,2013-01-24,1,Director
Testing Testing,Testing Testing,2008-11-12,2008-11-12,1,Testing
Tetyana Belitska,Tetyana Belitska,2023-07-05,2023-07-05,1,Senior Policy Analyst
Thad Newman,Thad Newman,2016-07-21,2016-07-21,1,"Specialist Supervisor, Credit Risk"
Than Hai Ngo,Thanh Hai Ngo,2014-09-17,2014-09-17,1,Senator
Thanh Hai Ngo,Thanh Hai Ngo,2013-03-05,2019-12-09,12,Senator
Thanh Ngo,Thanh Hai Ngo,2016-06-16,2016-06-16,1,Senator
Thao Pham,Thao Pham,2008-12-09,2023-04-17,83,Associate Deputy Minister
Tharani Rameswaran,Tharani Rameswaran,2021-05-20,2023-02-17,4,Constituency Assistant
Theberge Marie-chantal,Theberge Marie-chantal,2010-03-31,2010-03-31,1,Learning Advisor
Theirry Spiess,Theirry Spiess,2018-04-04,2018-04-26,2,Policy Advisor
Theis Rick,Theis Rick,2019-04-05,2019-04-05,1,Policy Advisor
Theo Barrere,Theo Barrere,2019-05-17,2019-05-17,1,Cultural Attaché
Theo Noel De Tilly,Theo Noel De Tilly,2016-01-21,2016-01-21,1,"Manager, Program Delivery"
Theodore Falk,Theodore Falk,2020-06-11,2020-06-11,1,Member of Parliament
Theodore Hsu,Theodore Hsu,2013-10-28,2013-10-28,1,Member of Parliament
Theosophia Savides-dupras,Theosophia Savides-dupras,2023-11-17,2023-11-17,1,Deputy Chief Information Officer
Theresa Bell,Theresa Bell,2013-10-15,2013-10-15,1,Legislative Assistant
Theresa Bratt,Theresa Bratt,2023-12-05,2023-12-05,1,"Senior Advisor, Canada Water Agency"
Theresa D'andrea,Teresa Dandrea,2025-02-13,2025-02-13,1,Assistant Deputy Minister
Theresa Hinz,Theresa Hinz,2023-07-24,2023-07-24,1,Executive Director
Theresa Iulian,Theresa Iuliano,2020-11-26,2020-11-26,1,Vice President
Theresa Iuliano,Theresa Iuliano,2013-05-31,2020-12-17,5,Vice President
Theresa Luliano,Theresa Luliano,2020-01-21,2020-01-21,1,"Vice President, Operations"
Theresa Mc Manus,Theresa Mc Manus,2020-08-06,2020-11-13,2,Advisor to the Minister
Theresa Mcmanus,Theresa Mcmanus,2018-02-08,2024-11-13,9,Director of Appointments
Theresa Rowlie,Theresa Rowlie,2018-07-04,2018-07-04,9,"Manager, Development"
Theresa Simpson,Theresa Simpson,2012-05-31,2013-04-16,7,Director of Policy
Theresa Tam,Theresa Tam,2012-07-26,2024-11-19,64,Chief Public Health Officer
Therese Couture,Therese Couture,2015-09-22,2016-05-25,2,Funds Management and Banking Department
Therese Roy,Therese Roy,2015-12-03,2015-12-03,1,"Vice President, Resource Planning and Management"
Theressa Bagnall,Theressa Bagnall,2017-12-12,2017-12-12,1,"Senior Manager, Program Development"
Thi Tran,Thi Tran,2019-08-01,2024-04-25,20,"Director, Issues Management and Parliamentary Affairs"
Thiago Fernandes De Lima,Thiago Fernandes De Lima,2016-06-27,2016-07-08,2,Analyst
Thiara Folkes,Thiara Folkes,2017-04-05,2017-04-05,1,Special Advisor
Thibault Claude,Thibault Claude,2017-03-13,2017-03-13,1,Senior Special Assistant
Thibault Verre,Thibault Verre,2023-09-22,2023-11-23,2,Parliamentary Affairs
Thibaut Verre,Thibaut Verre,2023-11-24,2024-10-25,4,Parliamentary Affairs Advisor
Thierry Belair,Thierry Belair,2018-08-20,2020-12-18,8,Press Secretary
Thierry Belaire,Thierry Belaire,2018-12-03,2018-12-03,1,Press Attaché
Thierry Haroun,Thierry Haroun,2020-10-27,2022-03-22,3,Constituency Assistant
Thierry Slama,Thierry Slama,2019-08-26,2019-08-26,1,"Advisor, International Affairs"
Thierry Spiess,Thierry Spiess,2018-10-03,2023-03-01,11,Policy Advisor
Thierry St-cyr,Thierry St-cyr,2010-10-26,2011-03-02,5,Member of Parliament
Thierry St. Cyr,Thierry St-cyr,2011-02-01,2011-02-01,1,Member of Parliament
Thierry Vadnais-lapierre,Thierry Vadnais-lapierre,2023-11-29,2025-02-05,5,Parliamentary Assistant
Thierry Weisseburger,Thierry Weisseburger,2023-09-11,2023-09-11,1,Senior Trade Commissioner
Thimothy Sargent,Timothy Sargent,2014-09-29,2014-09-29,1,Deputy Minister
Thivierge Marie-josee,Thivierge Marie-josee,2013-04-23,2013-04-23,1,Assistant Deputy Minister
Thoby Cameron,Thoby Cameron,2022-10-05,2024-02-21,2,Policy Analyst
"Thomas ""owen"" Ripley","Thomas ""owen Ripley",2017-03-02,2017-03-02,1,Chief of Staff
Thomas Babcock,Thomas Babcock,2014-11-13,2021-06-04,4,Senior Investment Specialist
Thomas Cameron,Thomas Cameron,2022-04-26,2022-04-26,1,"Policy Manager, COP27 Pavilion"
Thomas Carnegie,Thomas Carnegie,2021-06-15,2021-06-15,1,Policy Analyst
Thomas Clarke,Thomas Clarke,2022-10-18,2022-10-18,2,Junior Policy Analyst
Thomas Coughlan,Thomas Coughlan,2013-01-22,2013-10-22,5,Policy Advisor
Thomas Coughlin,Thomas Coughlin,2013-04-23,2013-04-23,1,Policy Advisor
Thomas Crist,Thomas Crist,2017-05-30,2017-05-30,1,Senior Policy Analyst
Thomas Davis,Thomas Davis,2011-10-27,2020-09-03,3,Manager
Thomas Dawson,Thomas Dawson,2024-06-20,2024-10-09,3,Deputy Director
Thomas Degroot,Thomas Degroot,2018-06-01,2019-05-27,2,Staffer
Thomas Digby,Thomas Digby,2023-05-17,2023-12-06,3,President
Thomas Donial-valcrize,Thomas Donial-valcrize,2025-02-13,2025-02-13,1,Aquatic Science Biologist
Thomas Ducellier,Thomas Ducellier,2013-09-04,2013-12-12,2,Acting Executive Director
Thomas Ferguson,Thomas Ferguson,2012-09-27,2025-02-14,8,Director General
Thomas Friesen,Thomas Friesen,2017-02-13,2017-02-13,2,Chief of Staff
Thomas Gagne,Thomas Gagne,2018-03-19,2023-10-05,261,"Director, Defence Procurement and Industry Relations"
Thomas Gillmore,Thomas Gillmore,2017-10-19,2017-10-19,1,Senior Advisor
Thomas Golem,Thomas Golem,2020-08-17,2024-08-01,6,"Senior Manager, Housing Policy"
Thomas Guthrie,Thomas Guthrie,2019-05-06,2019-05-06,1,Parliamentary Assistant
Thomas Harvey,Thomas Harvey,2016-04-19,2017-11-07,8,Member of Parliament
Thomas Hazle,Thomas Hazle,2019-07-07,2021-01-14,2,Supervisor
Thomas Hoggarth,Thomas Hoggarth,2021-06-29,2022-12-14,4,Regional Director
Thomas Houngtry,Thomas Houngtry,2024-08-29,2024-10-22,4,Parliamentary Secretary
Thomas J. Digby,Thomas J. Digby,2024-09-06,2024-09-06,1,Chairperson
Thomas J. Harvey,Thomas Harvey,2016-02-02,2016-09-22,7,Member of Parliament
Thomas J. Mcinnis,Thomas Mcinnis,2019-01-25,2019-01-25,1,Senator
Thomas J. Mulcair,Thomas Mulcair,2014-10-07,2015-01-28,2,Member of Parliament
Thomas Jarmyn,Thomas Jarmyn,2010-02-23,2010-09-28,3,Advisor to the Minister of Public Safety
Thomas Jennifer,Thomas Jennifer,2021-05-27,2021-05-27,1,Habitat Monitoring Coordinator
Thomas Jody,Thomas Jody,2016-02-02,2016-02-02,1,Commissioner
Thomas Johnson Mcinnis,Thomas Johnson Mcinnis,2013-03-21,2019-02-26,5,Senator
Thomas Knoph,Thomas Knoph,2022-10-05,2022-10-05,1,Assistant
Thomas Kruidenier,Thomas Kruidenier,2016-12-14,2024-07-31,7,Executive Director
Thomas Kwan,Thomas Kwan,2024-01-16,2024-01-16,1,Regional Director
Thomas Lawson,Thomas Lawson,2010-02-02,2011-05-26,2,"Assistant Chief of Staff, Air"
Thomas Leclerc,Thomas Leclerc,2023-08-15,2023-08-15,1,Manager
Thomas Levy,Thomas Levy,2016-07-07,2023-05-15,6,Senior Wind Energy Engineer
Thomas Macinnis,Thomas Mcinnis,2012-11-21,2018-10-17,3,Senator
Thomas Marr,Thomas Marr,2009-10-27,2009-10-27,1,"Director, Middle East and North Africa Commercial Relations"
Thomas Mcclung,Thomas Mcclung,2021-08-12,2023-06-07,3,Tax Policy Officer
Thomas Mcinnis,Thomas Mcinnis,2016-06-16,2020-02-04,11,Senator
Thomas Monclair,Thomas Monclair,2012-11-07,2012-11-07,1,Leader of the Opposition
Thomas Muclair,Thomas Muclair,2012-12-12,2015-03-31,2,Member of Parliament
Thomas Mulcair,Thomas Mulcair,2008-12-02,2018-05-14,279,Member of Parliament
Thomas Mulclair,Thomas Mulclair,2011-10-18,2018-03-21,5,Member of Parliament
Thomas Mulker,Thomas Mulker,2011-09-09,2011-09-09,1,Member of Parliament
Thomas Owen,Thomas Owen,2022-05-18,2022-05-18,1,"Associate Assistant Deputy Minister, Cultural Affairs"
Thomas Owen Riipley,Thomas Owen Riipley,2023-11-17,2023-11-17,1,Assistant Deputy Minister
Thomas Owen Ripley,Thomas Owen Ripley,2016-08-18,2024-10-24,192,Associate Assistant Deputy Minister
Thomas Owens,Thomas Owens,2021-11-10,2021-11-10,1,Associate Assistant Deputy Minister
Thomas Park,Thomas Park,2021-07-07,2021-07-07,1,"Partner, Lead"
Thomas Potter,Thomas Potter,2020-07-14,2022-02-01,8,Parliamentary Assistant
Thomas Regier,Thomas Regier,2017-08-09,2022-10-20,5,"Regional Manager, Policy"
Thomas Regrier,Thomas Regrier,2018-07-05,2018-07-05,1,"Regional Manager, Policy"
Thomas Ripley,Thomas Ripley,2020-11-24,2024-10-08,2,Associate Assistant Deputy Minister
Thomas Ryan,Thomas Ryan,2022-10-18,2022-10-18,1,Senior Policy Analyst
Thomas Sarazin,Thomas Sarazin,2016-11-09,2019-05-06,2,Senior Analyst
Thomas Shenstone,Thomas Shenstone,2011-11-24,2011-11-24,1,Director General
Thomas Szalay,Thomas Szalay,2010-08-16,2011-01-10,8,"Director, Sept-Îles Office"
Thomas Ward,Thomas Ward,2013-07-30,2024-02-26,2,Senior Economist
Thomas White,Thomas White,2023-04-19,2023-05-03,2,"Director, Entomology and Phytosanitary Research"
Thomas-owen Ripley,Thomas-owen Ripley,2019-05-13,2019-05-13,2,Director General
Thomasz Trembowski,Thomasz Trembowski,2017-09-25,2017-09-25,1,Parliamentary Secretary
Thompson Joanne,Thompson Joanne,2022-05-17,2022-05-17,1,Member of Parliament
Thompson Paul,Thompson Paul,2015-03-09,2019-10-23,3,Senior Assistant Deputy Minister
Thronell Martin,Thronell Martin,2017-08-24,2017-08-24,1,Senior Trade Policy Officer
Tia Campbell,Tia Campbell,2020-09-18,2021-01-28,2,Administrative Assistant
Tia Taraq,Tia Tariq,2021-11-02,2021-11-02,1,Director of Policy
Tia Tariq,Tia Tariq,2017-03-03,2023-06-14,76,Director of Policy
Tia Tiraq,Tia Tiraq,2020-10-07,2020-10-07,1,"Director, Stakeholder Relations and Strategic Planning"
Tiana Branch,Tiana Branch,2015-06-24,2020-01-21,5,National Director
Tiana Folkes,Tiana Folkes,2019-01-30,2019-01-30,1,"Policy Advisor, Regional"
Tiana Thomas,Tiana Thomas,2023-12-04,2025-02-07,2,Special Assistant to the Chief of Staff
Tiara Folkes,Tiara Folkes,2016-09-20,2019-07-13,53,"Special Advisor, Policy and Regional Affairs"
Tiara Folks,Tiara Folks,2017-05-10,2017-10-03,2,"Special Advisor, Policy and Regional Affairs"
Tiff Macklem,Tiff Macklem,2008-08-11,2025-03-31,85,Governor
Tiff Macklim,Tiff Macklin,2011-10-26,2011-10-26,1,Deputy Governor
Tiff Macklin,Tiff Macklin,2009-11-16,2012-04-23,2,Deputy Governor
Tiffani Anne Ouimet,Tiffani Anne Ouimet,2018-02-07,2018-02-07,1,Issues Manager
Tiffany Anne Ouimet,Tiffany Anne Ouimet,2016-05-04,2017-11-08,7,"Senior Advisor, Issues Management and Parliamentary Affairs"
Tiffany Campagnolo,Tiffany Campagnolo,2024-06-11,2024-06-11,1,Manager
Tiffany Lloyd,Tiffany Lloyd,2020-07-09,2020-07-09,1,Constituency Assistant
Tiffany Locke,Tiffany Locke,2022-12-09,2022-12-09,1,Medical Advisor
Tiffany Maclellan,Tiffany Maclellan,2023-05-30,2023-05-30,1,Senior Policy Officer
Tiim Logan,Tiim Logan,2020-11-26,2020-11-26,1,"Special Assistant, BC Desk"
Tiina Searle,Tiina Searle,2015-01-13,2023-02-23,2,Senior Project Leader
Tilak Dias,Tilak Dias,2019-03-25,2019-06-27,2,"Analyst, Markets and Securities Policy"
Tilley O Neil,Tilley O Neil,2013-02-05,2013-02-05,1,Member of Parliament
Tilley O'neill Gordon,Tilly Oneill-gordon,2014-04-10,2014-04-10,1,Member of Parliament
Tilley O'neill-gordon,Tilly Oneill-gordon,2011-02-14,2011-02-14,1,Member of Parliament
Tilley Oneill,Tilley O Neil,2014-11-20,2014-11-20,1,Member of Parliament
Tilly Gordon,Tilly Gordon,2013-11-06,2013-11-06,1,Member of Parliament
"Tilly O""neil Gordon",Tilly Oneill-gordon,2012-04-26,2012-04-26,1,Member of Parliament
Tilly O'neil Gordon,Tilly Oneill-gordon,2011-11-22,2013-01-10,3,Member of Parliament
Tilly O'neil-gordon,Tilly Oneill-gordon,2011-03-09,2013-12-16,3,Member of Parliament
Tilly O'neill Gordon,Tilly Oneill-gordon,2011-12-13,2014-11-20,10,Member of Parliament
Tilly O'neill-gordon,Tilly Oneill-gordon,2010-10-07,2015-06-11,14,Member of Parliament
Tilly Oneill Gordon,Tilly Oneill-gordon,2013-07-10,2013-07-10,1,Member of Parliament
Tim Allen,Tim Allen,2020-04-17,2020-04-17,1,Senior Director
Tim Angus,Tim Angus,2009-09-30,2024-10-11,22,Director General
Tim Appleby,Tim Appleby,2024-09-23,2024-09-23,1,"Director, Policy and Strategic Planning"
Tim Archer,Tim Archer,2012-05-10,2014-04-09,2,Senior Operational Officer
Tim Brownlow,Tim Brownlow,2014-09-30,2014-09-30,1,Acting Board Chair
Tim Cleland,Tim Cleland,2009-10-30,2023-09-22,3,Senior Project Leader
Tim Denton,Tim Denton,2009-04-14,2012-10-29,3,Commissioner
Tim Dincanson,Tim Dincanson,2018-12-10,2018-12-10,1,Senior Advisor to the Deputy Minister
Tim Duncan,Tim Duncan,2016-09-08,2016-09-08,1,Assistant Deputy Minister
Tim Duncanson,Tim Duncanson,2015-10-16,2021-03-25,129,Senior Advisor to the Deputy Minister
Tim Duncason,Tim Dincanson,2020-04-08,2020-04-08,1,Senior Advisor to the Deputy Minister
Tim Edwards,Tim Edwards,2022-12-08,2022-12-08,1,Director
Tim Ehlich,Tim Ehlich,2012-03-15,2013-02-13,8,Legislative Assistant
Tim Elliot,Tim Elliott,2010-10-07,2010-10-07,1,Director General
Tim Elliott,Tim Elliott,2009-09-14,2011-01-27,2,Director General
Tim Eryou,Tim Eryou,2018-04-17,2023-10-11,2,Chief Information Officer
Tim Fish,Tim Fish,2012-10-04,2012-10-04,1,Tax Policy Officer
Tim Flood,Tim Flood,2019-02-12,2019-05-29,15,Charities Analyst
Tim Foran,Tim Foran,2013-08-01,2015-06-09,3,Director
Tim Gardiner,Tim Gardiner,2011-12-12,2023-04-20,28,Director General
Tim Gardner,Tim Gardiner,2019-05-28,2019-05-28,1,Director General
Tim Gauthier,Tim Gauthier,2022-04-01,2025-02-24,15,Senior Advisor
Tim Hewlett,Tim Hewlett,2013-07-24,2013-07-24,1,Issues Advisor
Tim Hibbard,Tim Hibbard,2009-02-12,2009-02-12,1,"Director of Policy, Planning and External Relations"
Tim Hillier,Tim Hillier,2011-10-03,2016-09-27,3,"Director, Communication"
Tim Hines,Tim Hines,2016-05-17,2016-05-17,1,Senior Policy Advisor
Tim Hodgson,Tim Hodgson,2011-10-31,2025-05-31,21,Minister
Tim Hopkins,Tim Hopkins,2019-01-28,2019-01-28,1,Trade Commissioner
Tim Hord,Tim Hord,2024-05-21,2024-05-21,1,Acting Manager
Tim Howlet,Tim Howlet,2016-11-22,2016-11-22,1,Director of Research
Tim Howlett,Tim Howlett,2011-11-14,2017-06-06,53,Policy Advisor
Tim Hunsley,Tim Hunsley,2011-10-26,2018-05-28,13,Assistant Director
Tim Karlsson,Tim Karlsson,2009-11-05,2015-03-09,9,Director
Tim Kilam,Tim Kilam,2009-06-15,2009-06-15,1,Deputy Commissioner
Tim Kmiec,Tom Kmiec,2021-02-18,2021-02-18,1,Member of Parliament
Tim Krachuk,Tim Krachuk,2017-03-23,2017-03-23,1,Manager
Tim Krupa,Tim Krupa,2016-02-23,2025-05-27,18,Special Assistant
Tim Kruppa,Tim Kruppa,2016-02-23,2016-12-01,2,Special Assistant
Tim Lane,Tim Lane,2022-06-16,2022-06-16,2,Deputy Governor
Tim Lewis,Tim Louis,2020-02-04,2020-10-15,2,Member of Parliament
Tim Logan,Tim Logan,2020-02-11,2025-06-13,192,Policy Advisor
Tim Loius,Tim Loius,2021-05-25,2021-05-25,1,Member of Parliament
Tim Louis,Tim Louis,2019-12-19,2025-06-04,252,Member of Parliament
Tim Louise,Tim Louis,2024-02-09,2024-05-03,2,Member of Parliament
Tim Lukiwski,Tom Lukiwski,2010-03-11,2010-03-11,1,Member of Parliament
Tim Mackay,Tim Mackay,2016-09-19,2016-09-19,1,Analyst
Tim Martin,Tim Martin,2011-10-12,2011-12-07,2,Ambassador to Colombia
Tim Mcgrath,Tim Mcgrath,2008-07-17,2009-05-26,10,Assistant Deputy Minister
Tim Mclarty,Tim Mclarty,2020-06-04,2020-06-04,1,Senior Policy Analyst
Tim Measner,Tim Measner,2008-07-08,2008-07-08,1,Acting Director General
Tim Meisner,Tim Meisner,2008-08-21,2016-04-20,28,Director General
Tim Norris,Tim Norris,2011-09-06,2013-06-28,148,Director of Policy
Tim Olaveson,Tim Olaveson,2023-01-16,2025-02-06,3,Senior Director
Tim Oracheski,Tim Oracheski,2009-09-17,2015-09-24,48,Director of Policy
Tim Orachesky,Tim Orachesky,2009-09-22,2009-09-22,1,Parliamentary Secretary
Tim Orachevski,Tim Orachevski,2014-11-24,2014-11-24,1,Director of Policy
Tim Pettipas,Tim Pettipas,2009-12-01,2023-05-24,5,Assistant Secretary to the Cabinet
Tim Routledge,Tim Routledge,2018-07-27,2018-07-27,1,Senior Advisor
Tim Sargeant,Tim Sargent,2011-08-22,2011-08-22,1,Deputy Minister
Tim Sargent,Tim Sargent,2009-12-09,2020-12-04,95,Deputy Minister
Tim Singer,Tim Singer,2020-07-31,2023-03-09,22,Acting Assistant Deputy Minister
Tim Stupich,Tim Stupich,2010-10-26,2018-04-09,17,Director
Tim Stupitch,Tim Stupitch,2016-10-18,2016-10-18,1,Director
Tim Uppal,Tim Uppal,2009-04-22,2025-03-06,167,Member of Parliament
Tim Uppall,Tim Uppal,2010-10-05,2010-10-26,2,Member of Parliament
Tim Vail,Tim Vail,2009-02-04,2011-02-17,19,Director of Communications
Tim Walker,Tim Walker,2021-02-05,2022-03-17,3,Associate Executive Director
Tim Werschler,Tim Werschler,2019-01-28,2019-01-28,1,Assistant Director
Tim Wilson,Tim Wilson,2014-12-09,2023-05-02,9,Associate Vice President
Timonthy Sargent,Timonthy Sargent,2017-05-31,2017-05-31,1,"Deputy Minister, International Trade"
Timothee Labelle,Timothee Labelle,2022-02-15,2022-02-15,1,Policy Advisor
Timothy A.r. Duncanson,Timothy A.R. Duncanson,2017-06-29,2017-06-29,1,Senior Advisor
Timothy Archer,Timothy Archer,2013-10-08,2013-10-08,1,"Senior Operational Officer, Western Operations"
Timothy Berube,Timothy Berube,2019-06-18,2023-09-21,2,Commission Member
Timothy Chase Oracheski,Timothy Chase Oracheski,2009-06-15,2009-06-15,1,Parliamentary Secretary's Assistant
Timothy Cleland,Timothy Cleland,2010-05-06,2010-05-06,1,"Senior Economist, Payments"
Timothy Cormier,Timothy Cormier,2022-05-17,2023-02-08,6,Communications Assistant
Timothy Denton,Timothy Denton,2008-12-01,2011-09-09,2,Commissioner
Timothy Desson,Timothy Desson,2018-05-01,2018-05-01,2,Analyst
Timothy Dixon,Timothy Dixon,2023-04-21,2023-04-21,1,"Chief, Aviation Security Policy"
Timothy Duncanson,Timothy Duncanson,2016-02-04,2018-06-26,4,Senior Advisor to the Deputy Minister
Timothy Dymond,Timothy Dymond,2023-05-15,2023-05-15,1,Procurement Officer
Timothy Gardiner,Timothy Gardiner,2014-10-16,2025-02-12,114,Director General
Timothy Gardner,Timothy Gardner,2021-02-02,2021-02-02,1,"Senior Director, Offshore Petroleum Directorate"
Timothy Gulliver,Timothy Gulliver,2022-11-29,2022-11-29,1,Parliamentary Assistant
Timothy Hodgson,Timothy Hodgson,2025-05-17,2025-05-31,3,"Minister, Energy and Natural Resources"
Timothy Howlett,Timothy Howlett,2014-02-04,2014-02-04,1,Policy Advisor
Timothy Lane,Timothy Lane,2009-12-14,2019-08-27,21,Deputy Governor
Timothy Logan,Timothy Logan,2024-07-18,2025-05-26,6,Policy Advisor
Timothy Mccann,Timothy Mccann,2022-08-23,2022-08-23,1,Regional Emergency Management Manager
Timothy Rennie,Timothy Rennie,2023-03-31,2023-05-31,2,Senior Policy Analyst
Timothy Rosenburg,Timothy Rosenburg,2012-03-07,2012-03-07,1,Policy Advisor to Senator
Timothy Rosenburgh,Timothy Rosenburgh,2015-03-25,2022-10-05,2,Staffer to Senator
Timothy Sargeant,Timothy Sargeant,2012-01-26,2019-12-12,2,Deputy Minister
Timothy Sargent,Timothy Sargent,2009-11-24,2022-06-10,223,Deputy Minister
Timothy Srgent,Timothy Sargeant,2021-12-13,2021-12-13,1,Deputy Minister
Timothy Uppal,Timothy Uppal,2024-04-29,2024-04-29,1,Member of Parliament
Timothy Weil,Timothy Weil,2014-03-10,2014-03-10,1,Director
Tina Cobb,Tina Cobb,2015-05-01,2025-04-07,6,Manager
Tina Derak,Tina Derak,2021-07-29,2023-02-02,7,Researcher
Tina Gallinger,Tina Gallinger,2020-09-01,2020-09-01,1,Chief of Staff
Tina Garstad,Tina Garstad,2022-11-07,2022-11-08,2,Communications Advisor
Tina Green,Tina Green,2012-07-03,2024-06-11,129,"Assistant Secretary, Regulatory Affairs"
Tina Guthrie,Tina Guthrie,2018-09-17,2025-03-20,4,Ambassador
Tina Liu,Tina Liu,2019-01-03,2019-01-03,1,Landscape Architect
Tina Matos,Tina Matos,2016-09-13,2025-03-19,11,Deputy Director
Tina Namieniowski,Tina Namieniowski,2013-08-22,2013-08-22,1,Assistant Deputy Minister
Tina Namiesnioski,Tina Namieniowski,2013-01-18,2013-01-18,1,Assistant Deputy Minister
Tina Namiesniowki,Tina Namiesnowski,2020-09-01,2020-09-01,1,President
Tina Namiesniowski,Tina Namiesniowski,2012-11-20,2025-04-14,92,Assistant Deputy Minister
Tina Namiesnowski,Tina Namiesnowski,2013-03-12,2019-12-20,5,President
Tina Searle,Tina Searle,2021-06-15,2021-06-15,1,Manager
Tina Shih,Tina Shih,2022-01-26,2022-01-26,1,Senior Investment Officer
Tina Warawa,Tina Warawa,2022-05-24,2024-07-23,7,Chief of Staff
Tina Warwara,Tina Warwara,2023-03-16,2023-03-16,1,Staffer to Member of Parliament
Ting Liu,Ting Liu,2024-05-23,2024-05-23,1,"Trade Commissioner Assistant, Arts and Cultural Industries"
Tinsae Bogale,Tinsae Bogale,2023-03-22,2023-03-22,1,Intern
Tiran Bajgiran,Tiran Bajgiran,2023-12-19,2024-05-28,2,Senior Policy and Legal Advisor
Tiran Rahimian Bajgiran,Tiran Rahimian Bajgiran,2024-03-13,2024-08-26,2,Policy Advisor
Tiror Turi,Tiror Turi,2011-01-05,2011-01-05,1,Manager
Tisha Ahston,Tisha Ahston,2021-01-20,2021-01-20,1,"Senior Advisor, Legislative Affairs, Digital and Telecommunications"
Tisha Ashton,Tisha Ashton,2008-12-18,2021-02-05,57,Director of Policy
Titilope Dada,Titilope Dada,2023-09-19,2023-10-25,2,Policy Analyst
Tj Clark,Tj Clark,2022-11-18,2023-03-29,3,Senior Policy Analyst
Tj Harve,Tj Harvey,2015-12-08,2015-12-08,1,Member of Parliament
Tj Harvey,Tj Harvey,2015-12-04,2019-02-06,158,Member of Parliament
Tj Havey,Tj Harvey,2016-05-12,2016-05-12,1,Member of Parliament
Tobi Nussbaum,Tobi Nussbaum,2019-03-11,2024-11-27,5,Chief Executive Officer
Tobias C. Enverga,Tobias Enverga,2015-02-05,2017-02-08,3,Senator
Tobias Ehlich,Tobias Ehlich,2012-11-27,2012-11-27,1,Staffer
Tobias Enverga,Tobias Enverga,2012-10-30,2017-06-07,32,Senator
Tobias Nussbaum,Tobias Nussbaum,2013-02-21,2013-11-18,2,Director General
Tobias Oliver Ehlich,Tobias Oliver Ehlich,2013-02-26,2013-02-26,1,Staffer
Toby Balch,Toby Balch,2021-12-17,2021-12-17,1,Science Partnership Coordinator
Tod Ramsfield,Tod Ramsfield,2020-12-09,2020-12-09,1,Research Scientist
Todd Balfe,Todd Balfe,2019-12-13,2021-11-30,3,Brigadier General
Todd Boucher,Todd Boucher,2021-03-31,2022-10-14,7,Director
Todd Burke,Todd Burke,2021-02-12,2021-02-12,1,Director
Todd Cain,Todd Cain,2013-07-09,2023-03-23,21,Acting Assistant Deputy Minister
Todd Daugherty,Todd Daugherty,2017-10-23,2017-10-23,1,Member of Parliament
Todd Doherty,Todd Doherty,2016-01-27,2024-12-05,252,Member of Parliament
Todd Evans,Todd Evans,2022-09-07,2023-08-24,4,"National Lead, Indigenous Exports"
Todd Fitzpatrick,Todd Fitzpatrick,2017-01-16,2017-01-31,6,Constituency Assistant
Todd Frederickson,Todd Frederickson,2025-02-25,2025-02-25,1,"Regional Director, Surface"
Todd Gerry,Todd Gerry,2014-06-25,2014-06-25,1,Policy Advisor
Todd Hunter,Todd Hunter,2010-01-25,2025-03-24,34,Executive Director
Todd Jerry,Todd Jerry,2012-05-16,2015-03-17,22,Policy Advisor
Todd Keesey,Todd Keesey,2013-10-11,2019-05-30,2,"Manager, Innovation and Infrastructure"
Todd Kuiack,Todd Kuiack,2018-12-17,2021-02-19,3,"Director, Metis Crown Policy and Partnerships"
Todd Kuiak,Todd Kuiak,2022-05-06,2022-05-06,1,Executive Director
Todd Lane,Todd Lane,2021-11-29,2022-09-30,26,Director of Communications
Todd Lane Lane,Todd Lane Lane,2022-05-12,2022-05-12,1,Director of Communications
Todd Lewis,Todd Lewis,2025-03-11,2025-06-03,5,Senator
Todd Mackay,Todd Mackay,2008-07-17,2010-05-06,49,Director of Communications
Todd Mackey,Todd Mackey,2008-11-06,2008-11-06,1,Director of Communication
Todd Mckay,Todd Mackay,2008-09-02,2009-11-29,8,Director of Communications
Todd N. Balfe,Todd N. Balfe,2023-09-28,2024-05-29,2,Fighter Capability Office
Todd Nicholson,Todd Nicholson,2014-04-10,2014-04-10,1,Junior Program Officer
Todd Russell,Todd Russell,2010-09-28,2011-03-10,16,Member of Parliament
Todd Smith,Todd Smith,2022-04-14,2022-04-14,1,"Minister, Ontario"
Todd Stewart,Todd Stewart,2022-07-18,2025-03-11,6,Director General
Todd Stiles,Todd Stiles,2016-05-18,2024-08-19,3,Senior Program Officer
Todd Stride,Todd Stride,2016-08-26,2016-08-26,1,"Senior Manager, Community Development, Military Family Services"
Todd Williams,Todd Williams,2016-01-06,2024-05-01,6,"Senior Director, Resource Management - Operations"
Todd Winterhalt,Todd Winterhalt,2021-05-04,2025-02-27,5,"Senior Vice President, Communications and Corporate Strategy"
Toke Adams,Toke Adams,2024-03-20,2024-08-12,2,"Regional Director, Programs, Pacific Region"
Tolga Yalkin,Tolga Yalkin,2018-07-04,2024-12-19,53,Assistant Superintendent
Tolmie Fraser,Tolmie Fraser,2024-11-19,2024-11-19,1,Member of Parliament
Tom Allan,Tom Allan,2014-10-27,2014-10-27,1,Legislative Assistant
Tom Allen,Tom Allen,2011-10-03,2019-05-30,15,Legislative Assistant
Tom Allison,Tom Allison,2021-01-29,2021-01-29,1,Member's Assistant
Tom Askin,Tom Askin,2010-07-21,2010-07-21,1,Director
Tom Beaver,Tom Beaver,2009-05-27,2009-05-27,1,Senior Policy Advisor
Tom Bedford,Tom Bedford,2022-06-07,2022-12-15,4,Executive Director
Tom Bui,Tom Bui,2015-03-25,2023-06-21,7,Director
Tom Burt,Tom Burt,2021-05-12,2021-05-12,1,Directorate of Land Requirements 2-3
Tom Clark,Tom Clark,2022-09-13,2025-05-09,8,"Consul General, Canada in New York"
Tom Corsie,Tom Corsie,2018-06-28,2018-07-17,27,"Vice President, Real Estate"
Tom Creary,Tom Creary,2010-02-18,2010-08-04,3,Chief of Staff
Tom Cumming,Tom Cumming,2023-12-12,2024-05-22,3,Deputy Director
Tom De Wolfe,Tom De Wolfe,2009-11-10,2009-11-10,1,Acting Vice President
Tom Graham,Tom Graham,2017-03-21,2017-03-21,1,"Acting Chief Inspector, Area"
Tom Hoggarth,Tom Hoggarth,2021-05-07,2023-05-11,12,"Regional Director, Ecosystems Management"
Tom Howlett,Tom Howlett,2011-12-07,2011-12-07,3,Staffer
Tom Isaac,Tom Isaac,2016-01-13,2016-01-13,1,Senior Counsel
Tom Jarmyn,Tom Jarmyn,2010-03-02,2013-04-08,19,Advisor to the Minister
Tom Jenkins,Tom Jenkins,2011-10-05,2011-10-05,1,"Chair, Expert Panel on Research and Development"
Tom Kmeic,Tom Kmeic,2016-11-15,2021-11-29,3,Member of Parliament
Tom Kmic,Tom Kmiec,2019-04-10,2019-04-10,2,Member of Parliament
Tom Kmiec,Tom Kmiec,2016-02-02,2025-06-02,342,Member of Parliament
Tom Kmlec,Tom Kmiec,2018-03-19,2018-03-19,1,Member of Parliament
Tom Knight,Tom Knight,2021-02-23,2021-02-23,1,Western Newfoundland and Labrador Field Unit
Tom Lewiwski,Tom Lewiwski,2011-02-01,2011-02-01,1,Member of Parliament
Tom Lewkiski,Tom Lewiwski,2011-02-01,2011-02-01,1,Member of Parliament
Tom Likiwski,Tom Lukiwski,2014-11-18,2014-11-18,1,Member of Parliament
Tom Lukinski,Tom Lukiwski,2015-04-29,2015-04-29,1,Member of Parliament
Tom Lukiwski,Tom Lukiwski,2009-03-04,2021-07-26,190,Member of Parliament
Tom Lukwiski,Tom Lukiwski,2013-11-13,2013-11-13,1,Member of Parliament
Tom Macdonald,Tom Macdonald,2012-06-04,2015-04-16,2,"Ambassador to Saudi Arabia, Yemen, Bahrain and Oman"
Tom Matulis,Tom Matulis,2009-03-06,2009-03-06,1,"Director, Ontario"
Tom Maville,Tom Maville,2015-03-17,2015-03-25,2,Member
Tom Mccaffery,Tom Mccaffery,2021-08-11,2022-02-07,4,Senior Advisor
Tom Mccaffrey,Tom Mccaffrey,2021-12-20,2021-12-20,1,"Senior Advisor, Western Canada Growth Strategy"
Tom Mcinnis,Tom Mcinnis,2018-06-12,2018-06-12,1,Senator
Tom Mcmullen,Tom Mcmullen,2021-03-25,2021-03-25,1,"Director, Land Requirements"
Tom Mulcair,Tom Mulcair,2010-11-23,2017-11-22,35,Member of Parliament
Tom Nevin,Tom Nevin,2020-08-25,2020-08-25,1,Fisheries Technician
Tom Norris,Tim Norris,2011-10-12,2011-10-12,1,Director of Policy
Tom O'hearn,Tom Ohearn,2019-04-04,2024-04-12,3,Senior Economist
Tom Ohearn,Tom Ohearn,2018-05-29,2019-09-23,2,Senior Economist
Tom Oommen,Tom Oommen,2013-08-13,2025-01-15,37,Director General
Tom Ormiston,Tom Ormiston,2011-03-17,2011-03-17,1,Senior Policy Analyst
Tom Osborne,Tom Osborne,2025-05-22,2025-05-22,2,Member of Parliament
Tom Pentafountas,Tom Pentafountas,2011-12-19,2011-12-19,2,Vice Chair
Tom Pentefountas,Tom Pentefountas,2011-04-27,2015-09-14,62,"Vice Chair, Broadcasting"
Tom Pentefountas Pentefountas,Tom Pentefountas Pentefountas,2011-05-10,2011-05-10,1,Vice Chair
Tom Pentenfountas,Tom Pentafountas,2012-03-29,2012-03-29,1,Vice Chair
Tom Perlmutter,Tom Perlmutter,2009-05-08,2009-05-08,1,Board Member
Tom Potter,Tom Potter,2021-05-12,2022-02-08,2,Staffer
Tom Ring,Tom Ring,2010-02-24,2015-01-07,138,Assistant Deputy Minister
Tom Roberts,Tom Roberts,2011-10-28,2024-01-31,5,"Executive Director, Resource Division"
Tom Ross,Tom Rosser,2017-03-13,2017-03-13,1,Assistant Deputy Minister
Tom Rosser,Tom Rosser,2009-06-16,2025-06-04,849,Assistant Deputy Minister
Tom Rossner,Tom Rossner,2024-10-29,2024-10-29,1,Assistant Deputy Minister
Tom Scrimger,Tom Scrimger,2008-10-31,2011-09-28,10,Assistant Deputy Minister
Tom Shypitka,Tom Shypitka,2022-07-13,2022-10-04,2,Member of Parliament
Tom Siems,Tom Siems,2016-09-20,2016-09-20,1,"Director, Affordable Housing"
Tom Smylie,Tom Smylie,2021-04-26,2021-04-26,1,Senior Staff Veterinarian
Tom Tefountas,Tom Tefountas,2011-11-22,2011-11-22,1,"Vice Chair, Broadcasting"
Tom Thipcharoen,Tom Thipcharoen,2009-11-12,2020-10-21,11,Business Development Officer
Tom Vice,Tom Vice,2014-03-20,2014-03-20,1,"Senior Vice President, Complex Resolution"
Tom Vilmansen,Tom Vilmansen,2018-02-01,2018-02-01,1,Manager
Tom Wallace,Tom Wallace,2009-09-25,2009-09-25,1,Director General
Tom Wilson,Tom Wilson,2012-03-27,2025-03-03,12,"Manager, Strategic Policy"
Tom Wong,Tom Wong,2015-07-13,2025-02-14,27,"Chief Medical Officer, Public Health"
Tomas Gagne,Tomas Gagne,2022-04-12,2022-04-12,1,"Senior Advisor, Office of the Minister"
Tomasz Kmiec,Tomasz Kmiec,2018-10-23,2018-10-23,1,Member of Parliament
Tomi Obembe,Tomi Obembe,2023-05-04,2023-05-04,1,Policy Analyst
Tommasina Montemurro,Tommasina Montemurro,2016-10-31,2016-10-31,1,"Program Officer, Service Canada"
Tommie Eugene Roberts,Tommie Eugene Roberts,2014-10-22,2014-10-22,1,Senior Development Officer
Tommy Banks,Tommy Banks,2009-03-27,2011-10-20,22,Senator
Tommy Desfosses,Tommy Desfosses,2015-04-13,2024-01-26,4,Chief of Staff
Tone Nymoen,Tone Nymoen,2024-06-27,2025-04-25,3,Trade Commissioner
Toni Gravelle,Toni Gravelle,2014-02-13,2024-04-16,14,Deputy Governor
Toni Moffa,Toni Moffa,2009-06-25,2014-06-17,3,Deputy Chief
Toni Varone,Toni Varone,2024-04-17,2025-02-20,10,Senator
Tonina Simeone,Tonina Simeone,2020-08-14,2022-10-04,3,"Director General, External Relations"
Tony Anderson,Tony Anderson,2017-04-20,2017-04-20,1,Senior Policy Advisor
Tony Baldinelli,Tony Baldinelli,2020-01-26,2025-06-11,396,Member of Parliament
Tony Baldinello,Tony Baldinelli,2020-09-24,2020-09-24,1,Member of Parliament
Tony Bynen,Tony Bynen,2022-12-06,2022-12-06,1,Member of Parliament
Tony Clement,Tony Clement,2008-07-23,2020-04-03,468,"Minister, Industry"
Tony Clements,Tony Clements,2010-07-21,2010-07-21,1,"Minister, Industry"
Tony Dean,Tony Dean,2016-12-14,2024-10-29,57,Senator
Tony Gnanasihamany,Tony Gnanasihamany,2023-03-31,2023-03-31,1,Constituency Assistant
Tony Lempriere,Tony Lempriere,2020-03-19,2020-07-31,4,"Senior Manager, Climate Change Policy"
Tony Loffreda,Tony Loffreda,2019-09-23,2025-02-06,113,Senator
Tony Maas,Tony Maas,2022-01-11,2025-03-07,490,Senior Policy Advisor
Tony Manconi,Tony Manconi,2016-09-12,2021-07-12,5,Director General
Tony Martin,Tony Martin,2009-03-03,2011-05-04,13,Member of Parliament
Tony Mass,Tony Mass,2022-01-25,2024-11-19,7,Senior Policy Advisor
Tony Mcdougal,Tony Mcdougal,2017-04-04,2017-04-04,1,Deputy General
Tony Mcdougall,Tony Mcdougall,2008-10-21,2019-04-10,14,"Deputy Director, Cereals Grains and Pulses"
Tony Olsen,Tony Olsen,2022-06-22,2022-06-22,1,"Manager, Technology Transfer and Innovation"
Tony Ranieri,Tony Ranieri,2023-08-11,2023-09-12,2,Senior Research and Evaluation Analyst
Tony Reznowski,Tony Reznowski,2009-06-30,2012-07-17,2,"Parliamentary Secretary Assistant, Official Languages"
Tony Ritchie,Tony Ritchie,2011-05-11,2012-09-20,2,Executive Director
Tony Van Byden,Tony Van Bynen,2022-10-18,2022-10-18,1,Member of Parliament
Tony Van Bynen,Tony Van Bynen,2020-02-20,2024-11-26,174,Member of Parliament
Tony Van Byner,Tony Van Bynen,2021-12-17,2021-12-17,1,Member of Parliament
Tony Van Byren,Tony Van Bynen,2023-11-23,2023-11-23,1,Member of Parliament
Tony Vanbynen,Tony Van Bynen,2020-11-05,2020-11-05,1,Member of Parliament
Tony Yaacoub,Tony Yaacoub,2022-02-04,2022-02-04,1,Chief Technology Officer
Tony Young,Tony Young,2009-02-24,2014-05-15,6,Director General
Tonya Bender,Tonya Bender,2020-06-05,2022-10-14,3,Manager
Tooneejoulee Kootoo-chiarello,Tooneejoulee Kootoo-chiarello,2021-02-12,2021-02-12,1,Senior Program Advisor
Tori Hudson,Tori Hudson,2024-08-19,2024-10-10,7,Constituency Assistant
Torrine Johnson,Torrine Johnson,2023-08-31,2024-09-09,2,Regional Director
Tracey Cutcliffee,Tracey Cutcliffee,2010-07-06,2010-07-06,1,Deputy Minister
Tracey Doyle,Tracey Doyle,2024-12-19,2024-12-19,1,"Manager, Policy"
Tracey Fyfe,Tracey Fyfe,2009-11-30,2009-11-30,1,"Senior Policy Advisor, G8"
Tracey Gray,Tracy Gray,2019-12-09,2021-01-12,6,Member of Parliament
Tracey Headley,Tracey Headley,2021-11-08,2021-11-08,1,Director
Tracey Inkpen,Tracey Inkpen,2016-06-15,2016-06-15,1,Senior Sector Analyst
Tracey Innes,Tracey Innes,2024-02-14,2024-05-27,2,Senior Program Officer
Tracey Kerluke,Tracy Kerluke,2018-03-29,2018-10-18,2,Director General
Tracey Kutney,Tracey Kutney,2020-02-26,2024-02-27,5,Senior Technical Advisor
Tracey Love,Tracey Love,2023-06-26,2023-06-26,1,Chief of Staff
Tracey Ramsay,Tracey Ramsey,2016-02-02,2018-02-06,6,Member of Parliament
Tracey Ramsery,Tracey Ramsey,2016-02-01,2016-10-05,2,Member of Parliament
Tracey Ramsey,Tracey Ramsey,2016-01-28,2020-05-21,167,Member of Parliament
Tracey Rasmey,Tracey Rasmey,2017-11-23,2017-11-23,1,Member of Parliament
Tracey Reynolds,Tracey Reynolds,2017-10-17,2017-10-17,1,Executive Director
Tracey Sandgathe,Tracey Sandgathe,2024-08-07,2025-05-01,8,"Regional Director, Ecosystem Management Branch"
Tracey Sangathe,Tracey Sangathe,2025-01-06,2025-01-06,1,Regional Director
Tracey Sletto,Tracy Sletto,2024-04-30,2024-04-30,1,Chief Executive Officer
Tracey Spack,Tracey Spack,2019-09-04,2025-03-20,54,Director
Tracie Henriksen,Tracie Henriksen,2023-07-12,2023-07-12,1,"Deputy Director, Pakistan Development"
Tracy Andreis,Tracy Andreis,2022-11-01,2022-11-01,1,Executive Assistant
Tracy Burtt,Tracy Burtt,2018-03-22,2018-03-22,1,Assistant Director
Tracy Chatman,Tracy Chatman,2024-08-21,2024-08-21,1,Policy Advisor
Tracy Diehl,Tracy Diehl,2023-01-13,2024-02-07,8,Regional Director and Senior Trade Commissioner
Tracy Fleck,Tracy Fleck,2024-12-03,2025-04-01,2,"Director General, Indigenous Affairs"
Tracy Goodfellow,Tracy Goodfellow,2024-10-07,2024-10-07,1,Senior Advisor to Director General
Tracy Gould,Tracy Gould,2018-09-18,2019-03-08,2,Policy Analyst
Tracy Gray,Tracy Gray,2020-01-21,2025-03-10,380,Member of Parliament
Tracy Grey,Tracy Gray,2020-02-18,2022-06-28,7,Member of Parliament
Tracy Kerluke,Tracy Kerluke,2017-08-17,2023-09-27,10,Director General
Tracy Kutney,Tracey Kutney,2020-08-13,2020-08-13,1,Senior Technical Advisor
Tracy Maccharles,Tracy Maccharles,2016-08-23,2016-08-23,1,"Minister, Ontario"
Tracy Macintyre,Tracy Macintyre,2015-05-08,2015-08-18,2,Portfolio Manager
Tracy Muggli,Tracy Muggli,2024-10-10,2025-06-11,16,Senator
Tracy Power,Tracy Power,2019-02-28,2019-02-28,1,"Director, Procurement"
Tracy Ramsey,Tracey Ramsey,2018-05-03,2018-11-07,3,Member of Parliament
Tracy Raynolds,Tracy Raynolds,2023-02-09,2023-02-09,1,"Minister, Commercial"
Tracy Reynolds,Tracy Reynolds,2011-02-14,2024-11-20,12,"Executive Director, Multi-Industry Sectors"
Tracy Sletto,Tracy Sletto,2018-08-27,2025-05-08,13,Chief Executive Officer
Tracy Spack,Tracey Spack,2022-07-04,2024-12-18,5,Director
Tracy Thiessen,Tracy Thiessen,2015-10-26,2015-10-26,1,Special Advisor to the Chief Executive Officer
Tracy Utting,Tracy Utting,2023-05-30,2023-05-30,1,"Associate Director, Review Panels Division"
Tracy Wilcox,Tracy Wilcox,2017-01-24,2017-07-21,4,Manager | Senior Policy Advisor
Tracy-lee Grant,Tracy-lee Grant,2021-11-12,2021-11-17,2,Advisor
Tran Cynthia,Tran Cynthia,2013-12-12,2013-12-12,1,"Advisor, Stakeholder Relations and Outreach"
Travers Patrick,Travers Patrick,2016-04-07,2016-04-07,1,Policy Advisor
Travis Deagle,Travis Deagle,2020-06-08,2020-06-08,1,Senior Policy Advisor
Travis Gordon,Travis Gordon,2016-04-25,2020-07-31,420,Policy Advisor
Travis Halliday,Travis Halliday,2021-02-23,2021-02-23,1,Parks Canada
Travis Hilary,Travis Hilary,2017-11-14,2017-11-14,1,"Special Assistant, Policy"
Travis Warren,Travis Warren,2019-05-16,2019-05-16,1,Policy Advisor
Tremblay Jean-francois,Tremblay Jean-francois,2010-10-26,2013-08-21,2,Deputy Secretary to the Cabinet
Tremblay Jean-louis,Tremblay Jean-louis,2016-10-19,2016-10-19,1,Deputy Minister
Tremblay Marie,Tremblay Marie,2017-12-06,2017-12-06,1,"Manager, Regional Affairs, Quebec Region"
Trever Serdfager,Trever Serdfager,2015-01-20,2015-01-20,1,Assistant Deputy Minister
Trevor Anderson,Trevor Anderson,2021-05-07,2021-05-07,1,Senior Analyst
Trevor Bhupsingh,Trevor Bhupsingh,2011-11-09,2025-04-29,64,Assistant Deputy Minister
Trevor Bjornson,Trevor Bjornson,2008-11-11,2008-11-11,1,Chief of Staff
Trevor Brookes,Trevor Brookes,2022-08-31,2024-07-04,8,Senior Investment Analyst
Trevor Daroux,Trevor Daroux,2017-08-23,2017-08-23,1,"Director General, National Aboriginal Policing"
Trevor Hallam,Trevor Hallam,2011-11-01,2011-11-01,1,Assistant
Trevor Harrison,Trevor Harrison,2017-05-24,2019-07-24,21,Policy Advisor
Trevor Harrsion,Trevor Harrsion,2017-11-29,2017-11-29,1,Policy Advisor
Trevor Heryet,Trevor Heryet,2019-04-17,2022-09-27,9,Acting Executive Director
Trevor Holder,Trevor Holder,2011-06-09,2019-01-17,2,Minister
Trevor Knechtel,Trevor Knechtel,2023-11-27,2023-11-27,1,Competition Law Officer
Trevor Lehouillier,Trevor Lehouillier,2015-07-30,2023-03-22,8,"Head, Defect Investigations"
Trevor Longpre,Trevor Longpre,2021-03-09,2023-05-10,3,National Coordinator
Trevor Mackay,Trevor Mackay,2018-02-27,2018-02-27,1,"Associate Deputy Commissioner, Competition"
Trevor Mcgovern,Trevor Mcgovern,2020-05-29,2020-05-29,1,"Director General, Tax Legislation"
Trevor Mcgowan,Trevor Mcgowan,2012-07-19,2025-01-31,91,Associate Assistant Deputy Minister
Trevor Mcostrich,Trevor Mcostrich,2022-08-08,2022-08-08,1,Stakeholder Relations
Trevor Milne,Trevor Milne,2020-01-16,2020-01-16,1,"Director General, Call Centres"
Trevor Mischki,Trevor Mischki,2018-12-20,2018-12-20,1,"Manager, Science Division"
Trevor Nightingale,Trevor Nightingale,2016-09-08,2025-02-03,15,Associate Vice President
Trevor Rendell,Trevor Rendell,2021-02-23,2021-02-23,1,Western Newfoundland and Labrador Field Unit
Trevor Sabean,Trevor Sabean,2021-06-17,2021-06-17,1,Senior Director
Trevor Smith,Trevor Smith,2012-02-27,2017-06-06,2,Deputy Executive Director and General Counsel
Trevor Stewart,Trevor Stewart,2022-03-23,2023-12-07,4,Executive Assistant
Trevor Swardfager,Trevor Swerdfarger,2015-02-02,2015-02-02,1,Assistant Deputy Minister
Trevor Swerdfaeger,Trevor Swerdfaeger,2012-11-14,2012-11-14,1,"Assistant Deputy Minister, Program Policy"
Trevor Swerdfagar,Trevor Swerdfarger,2013-05-29,2013-05-29,1,Assistant Deputy Minister
Trevor Swerdfager,Trevor Swerdfager,2012-10-12,2019-09-03,147,Assistant Deputy Minister
Trevor Swerdfarger,Trevor Swerdfarger,2016-04-01,2017-01-25,5,Assistant Deputy Minister
Trevor Swerdfeger,Trevor Swerdfarger,2013-12-05,2016-04-29,2,Assistant Deputy Minister
Trevor Swerfager,Trevor Swerdfarger,2013-02-12,2013-06-11,2,Assistant Deputy Minister
Trevor Todd,Trevor Todd,2022-03-09,2025-01-21,11,"Director, Ecosystems and Entrepreneurship"
Trevor Young,Trevor Young,2022-06-23,2024-07-09,5,Investment Analyst
Tricia Geddes,Tricia Geddes,2018-10-03,2025-03-25,68,Associate Deputy Minister
Tricia Mitchell,Tricia Mitchell,2019-02-08,2024-12-11,10,Regional Director General
Trina Bender,Trina Bender,2016-01-08,2024-11-06,8,Director of Operations
Trina Brender,Trina Bender,2024-02-01,2024-02-01,1,Director of Operations
Trina Cooper-bolam,Trina Cooper-bolam,2022-02-25,2022-06-06,6,Senior Program Analyst
Trina Cooper-bolama,Trina Cooper-bolam,2022-07-22,2022-07-22,1,Senior Program Analyst
Trina Lasch,Trina Lasch,2015-02-18,2015-02-18,1,Manager
Trina Mcqueen,Trina Mcqueen,2009-05-08,2009-05-08,1,Board Member
Trina Morisette,Trina Morisette,2009-02-12,2015-04-23,18,Director of Policy
Trina Morissett,Trina Morisette,2010-09-24,2010-09-24,1,Director of Policy
Trina Morissette,Trina Morissette,2009-01-14,2015-08-07,70,Director of Policy
Trina Morrisette,Trina Morisette,2009-04-15,2012-11-08,4,Director of Policy
Trina Morrissette,Trina Morisette,2009-10-15,2015-01-07,5,Director of Policy
Trinity Noble,Trinity Noble,2023-03-21,2023-03-21,2,Parliamentary Assistant
Trish Beh,Trish Beh,2019-05-22,2019-05-22,1,Director of Policy
Trish Larwill,Trish Larwill,2017-06-09,2017-06-09,1,Senior Policy Advisor
Trish Macquarrie,Trish Macquarrie,2012-02-09,2014-10-14,4,Director General
Trish Macqurrie,Trish Macquarrie,2013-03-19,2013-03-19,1,Director General
Trish Mcquarrie,Trish Macquarrie,2010-11-09,2014-05-05,2,Director General
Trish Mercredi,Trish Mercredi,2008-09-05,2008-09-05,1,Regional Director General
Trish Merrithew-mercredi,Trish Merrithew-mercredi,2009-05-25,2009-06-18,2,Regional Director General
Trish Sibal,Trish Sibal,2022-06-08,2024-11-26,12,Senior Policy Advisor
Trish Sibbal,Trish Sibal,2024-08-05,2024-08-05,1,Senior Policy Advisor
Tristan Landry,Tristan Landry,2023-08-16,2025-04-14,9,Deputy Director
Tristan Laycock,Tristan Laycock,2016-09-16,2023-08-15,60,Legislative Assistant
Tristan Matthews,Tristan Matthews,2022-10-25,2022-10-25,1,Auditor
Tristan Mclaughlin,Tristan Mclaughlin,2013-09-13,2025-03-03,7,Special Assistant
Tristian Laycock,Tristan Laycock,2020-10-30,2020-10-30,1,Legislative Assistant
Tristram Barnes,Tristram Barnes,2024-02-29,2024-06-26,4,Parliamentary Affairs Advisor
Tristram Harrison,Tristram Harrison,2023-03-03,2025-04-16,3,Senior Manager
Trone Benskin,Tyrone Benskin,2015-03-26,2015-03-26,1,Member of Parliament
Troy Charles Dixon,Troy Charles Dixon,2016-03-08,2016-03-08,1,Assistant to Member of Parliament
Troy Cosby,Troy Cosby,2017-05-31,2017-05-31,1,Director General
Troy Crosbie,Troy Crosby,2022-05-09,2022-12-13,2,"Assistant Deputy Minister, Materiel"
Troy Crosby,Troy Crosby,2017-05-31,2024-06-03,147,"Assistant Deputy Minister, Materiel"
Troy Deware,Troy Deware,2024-03-11,2024-03-11,1,International Business Development Officer
Troy Dixon,Troy Dixon,2016-02-25,2016-02-25,1,Legislative Assistant
Troy Hennigar,Troy Hennigar,2020-12-10,2020-12-10,1,Deputy Director
Troy Kelly,Troy Kelly,2021-06-04,2021-06-04,1,Joint Capabilities Development Team | Airborne JISR Effects Horizon 1
Troy Lau,Troy Lau,2023-12-13,2024-04-19,3,Deputy Director
Troy Lulashnyk,Troy Lulashnyk,2010-10-29,2023-11-03,11,Director General
Troy Wellicome,Troy Wellicome,2024-06-13,2024-06-13,1,Species at Risk Biologist
Trudeau Justin,Trudeau Justin,2014-11-18,2019-11-25,3,Prime Minister
Trudy Taylor-walsh,Trudy Taylor-walsh,2021-02-23,2021-02-23,1,Western Newfoundland and Labrador Field Unit
Trudy Waldinger,Trudy Waldinger,2009-04-02,2009-04-02,1,Executive Assistant
Trueman Geoff,Trueman Geoff,2017-08-30,2017-08-30,1,Assistant Commissioner
Truppe Susan,Truppe Susan,2015-06-12,2015-06-12,1,Member of Parliament
Trushara Williams,Trushara Williams,2024-10-08,2024-10-08,1,"Deputy Secretary to the Cabinet, Operations"
Trystan Glynn-morris,Trystan Glynn-morris,2019-06-19,2019-06-19,1,Director
Trystan Underhill,Trystan Underhill,2020-07-22,2020-07-22,1,Policy Analyst
Tsania Khan,Tsania Khan,2021-01-05,2021-01-22,4,Junior Policy Analyst
Tsolmon Gantuya,Tsolmon Gantuya,2025-01-10,2025-01-10,1,Trade Commissioner
Tu Nguyen,Tu Nguyen,2020-11-19,2022-10-19,2,Trade Commissioner
Tuan Dang,Tuan Dang,2025-04-09,2025-05-06,3,Pharmacist Consultant
Tuchar Handiekar,Tuchar Handiekar,2024-09-05,2024-09-05,1,"Global Head, Infrastructure Project Finance"
Tudor Hera,Tudor Hera,2022-04-07,2023-03-24,2,"Minister-Counsellor, Trade and Investment"
Tupper Shawn,Tupper Shawn,2016-02-02,2017-04-04,2,Assistant Deputy Minister
Tushar Handiekar,Tushar Handiekar,2019-02-20,2024-09-05,9,"Global Head, Infrastructure Project Finance"
Tushar Shakya,Tushar Shakya,2015-06-05,2015-06-05,1,Senior Advisor
Tushar Shankar,Tushar Shankar,2018-06-13,2018-06-29,2,Program Lead
Tushara Williams,Tushara Williams,2017-10-02,2025-06-04,65,"Deputy Minister, Intergovernmental Affairs"
Tweed Merv,Tweed Merv,2010-11-18,2010-11-18,1,Member of Parliament
Ty Bradley,Ty Bradley,2023-09-22,2024-06-10,16,Atlantic Regional Advisor
Ty Curran,Ty Curran,2022-06-08,2022-09-21,5,Director
Ty Symenuk,Ty Symenuk,2022-02-17,2022-03-01,2,Legislative Assistant
Tylar French,Tylar French,2023-10-23,2023-11-02,3,Technical Officer
Tyler Baker,Tyler Baker,2019-10-10,2019-10-10,1,Senior Advisor to the Deputy Minister
Tyler Barker,Tyler Barker,2018-02-14,2019-05-09,3,Parliamentary Affairs Advisor
Tyler Bjornsen,Tyler Bjornson,2009-03-17,2009-03-18,2,Chief of Staff
Tyler Bjornson,Tyler Bjornson,2008-11-03,2009-03-25,59,Chief of Staff
Tyler Bjornson Tyler,Tyler Bjornson Tyler,2009-02-12,2009-02-12,1,Chief of Staff
Tyler Bjorson,Tyler Bjornson,2008-11-12,2008-11-12,1,Chief of Staff
Tyler Boswell,Tyler Boswell,2019-03-11,2019-03-11,1,Member of Parliament
Tyler Brooks,Tyler Brooks,2020-11-20,2022-02-15,19,"Director, Medicine"
Tyler Chapman,Tyler Chapman,2020-06-10,2025-02-27,8,"Manager, Stakeholder Engagement and CCUS Policy"
Tyler Crosby,Tyler Crosby,2013-10-24,2024-11-01,7,Staffer
Tyler Dumouchel,Tyler Dumouchel,2021-01-07,2021-01-14,2,Scientific Evaluator
Tyler Foley,Tyler Foley,2022-11-15,2023-10-05,2,"Special Assistant, Atlantic Desk"
Tyler Freeman,Tyler Freeman,2021-07-20,2024-09-05,29,Regional Advisor
Tyler Hague,Tyler Hague,2025-01-09,2025-01-09,1,Senior Program Officer
Tyler Harbidge,Tyler Harbidge,2024-09-04,2024-10-02,2,"Site Manager, Parks"
Tyler Harbridge,Tyler Harbridge,2025-03-05,2025-03-05,1,"Site Manager, Parks Canada"
Tyler Hartrick,Taylor Hartrick,2023-11-08,2023-11-08,2,Policy Analyst
Tyler Mcann,Tyler Mccann,2011-09-22,2014-06-05,4,Policy Advisor
Tyler Mccaan,Tyler Mccann,2012-01-13,2012-01-13,1,Policy Advisor
Tyler Mccan,Tyler Mccan,2008-07-09,2008-12-14,2,Policy Advisor to the Minister
Tyler Mccann,Tyler Mccann,2008-07-15,2015-10-06,454,Policy Advisor
Tyler Mccarnn,Tyler Mccann,2015-07-09,2015-07-09,1,Policy Advisor
Tyler Merdith,Tyler Meredith,2016-02-24,2016-02-24,1,Policy Advisor
Tyler Meredith,Tyler Meredith,2016-01-14,2022-09-29,692,Policy Advisor
Tyler Merideth,Tyler Meredith,2017-10-02,2017-11-14,4,Policy Advisor
Tyler Meridith,Tyler Meridith,2017-09-25,2020-04-17,7,"Policy Advisor, Prime Minister's Office"
Tyler Merredith,Tyler Meredith,2016-03-07,2016-03-07,1,Policy Advisor
Tyler Minty,Tyler Minty,2021-05-12,2024-09-03,26,Senior Economist
Tyler Moule,Tyler Moule,2023-11-17,2023-11-17,1,Senior Advisor
Tyler Nash,Tyler Nash,2022-08-17,2023-09-19,10,Acting Director
Tyler Norman,Tyler Norman,2021-05-21,2024-11-28,266,"Regional Advisor, British Columbia"
Tyler Norsten,Tyler Norsten,2024-05-09,2024-11-13,2,"Director, Operations"
Tyler Peet,Tyler Peet,2023-05-16,2023-05-16,1,"Director, Highway Operations Unit"
Tyler Schaffrick,Tyler Schaffrick,2023-09-05,2025-05-14,2,Policy Analyst
Tyler Sommers,Tyler Sommers,2022-08-12,2022-08-12,1,Deputy Director
Tyler Wordsworth,Tyler Wordsworth,2022-02-02,2022-10-12,3,Trade Commissioner
Tyler Wordworth,Tyler Wordworth,2022-01-06,2022-01-06,1,"Trade Commissioner, Estonia"
Tylor Mccann,Tyler Mccann,2010-03-24,2010-03-24,1,Policy Advisor
Tylor Meredith,Tylor Meredith,2020-06-08,2020-06-08,1,Director of Finance
Typer Meredith,Tyler Meredith,2017-03-01,2017-03-01,1,Policy Advisor
Tyrone Benskin,Tyrone Benskin,2011-06-17,2015-05-14,88,Member of Parliament
Tyronne Benskin,Tyrone Benskin,2011-10-26,2011-10-26,1,Member of Parliament
Tyrrell Iain,Tyrrell Iain,2016-06-01,2016-06-01,1,Manager | Senior Policy Advisor
Tyson Phillips,Tyson Phillips,2015-05-12,2015-05-12,1,"Manager, Stakeholders and Outreach"
Tywana W,Tywana W,2020-05-07,2020-05-07,1,Associate Director
