raw name,cleaned name,first_appearance,last_appearance,count,title
Y. Baltacioglu,Y. Baltacioglu,2008-07-08,2008-07-08,1,Deputy Minister
Ya 'ara Saks,Ya'ara Saks,2021-06-15,2021-06-15,1,Member of Parliament
Ya'ara Saks,Ya'ara Saks,2020-11-25,2025-03-07,286,Member of Parliament
Ya'ra Saks,Ya'ara Saks,2021-02-09,2021-04-16,3,Member of Parliament
Ya'raa Saks,Ya'ara Saks,2021-05-21,2021-05-21,1,Member of Parliament
Yaa Cole,Yaa Cole,2020-07-10,2023-10-24,5,Policy Analyst
Yaara Sakas,Ya'ara Saks,2021-12-02,2021-12-02,1,Member of Parliament
Yaara Saks,Ya'ara Saks,2021-03-16,2023-02-13,4,Member of Parliament
Yad Bhuller,Yad Bhuller,2020-08-20,2020-08-20,1,"Acting Director General, Health Evaluation Directorate"
Yaelle Gang,Yaelle Gang,2013-04-26,2015-04-30,82,"Special Assistant, Policy and Communications"
Yaelle Gange,Yaelle Gange,2013-06-06,2013-09-20,2,Executive Assistant
Yaelle Sang,Yaelle Sang,2013-12-02,2013-12-02,1,Policy Advisor
Yahya Alikhan,Yahya Alikhan,2023-08-21,2024-02-09,3,Legislative Assistant
Yakabuski John,Yakabuski John,2011-03-08,2011-03-08,1,Member of Parliament
Yamirka Gomez,Yamirka Gomez,2019-04-23,2019-04-23,1,Assistant to the Director General
Yan Foucher,Yan Foucher,2018-06-19,2024-02-16,3,Policy Advisor
Yan Plante,Yan Plante,2010-02-25,2018-11-22,25,Chief of Staff
Yan Poirier,Yan Poirier,2016-02-23,2016-02-23,1,Director
Yan William,Yan William,2010-06-10,2010-06-10,1,Acting Director
Yana Almer,Yana Almer,2020-11-17,2025-02-25,10,Executive Assistant
Yana Lukasheh,Yana Lukasheh,2016-04-12,2017-05-18,5,Parliamentary Affairs Advisor
Yana Titarenko,Yana Titarenko,2024-10-29,2024-10-29,1,Director of Communications
Yanelle Gang,Yaelle Sang,2013-11-29,2013-11-29,1,Policy Advisor
Yaneth Mahecha Bolanos,Yaneth Mahecha Bolanos,2025-02-24,2025-02-24,1,Policy Analyst
Yanick Clement-godbout,Yanick Clement-godbout,2009-07-09,2018-10-03,4,"Senior Program Manager, Retrofit Assessments"
Yanick Gauthier,Yanick Gauthier,2008-08-20,2008-08-27,2,Advisor
Yanick Williams,Yanick Williams,2016-12-08,2016-12-08,1,Policy Advisor
Yanique Williams,Yanique Williams,2016-04-12,2020-10-09,157,Policy Advisor
Yanique Willliams,Yanique Willliams,2016-07-06,2016-07-06,1,Policy Advisor and Ontario Regional Advisor
Yann Borgne,Yann Borgne,2018-09-26,2018-12-14,8,Special Assistant to the Parliamentary Secretary
Yann Bourne,Yann Bourne,2019-01-30,2019-01-30,1,Assistant to the Parliamentary Secretary
Yann Denis,Yann Denis,2023-05-08,2024-10-30,6,"Manager, Industry and Academic Relations"
Yann Malara,Yann Malara,2009-08-19,2009-08-19,1,"Manager, Project Management Office"
Yanne Messi Ngabelinga,Yanne Messi Ngabelinga,2021-04-27,2021-04-27,1,Acting Director General
Yanni Papadatos,Yianni Papadatos,2023-12-04,2023-12-07,2,Policy Advisor
Yannic Lamonde,Yannic Lamonde,2021-06-18,2021-06-18,1,Director
Yannick Beaudoin,Yannick Beaudoin,2017-05-30,2017-05-30,1,Policy Analyst
Yannick Beland,Yannick Beland,2024-02-27,2024-02-27,1,"Superintendent, Trois-Rivières Office"
Yannick Cote-steben,Yannick Cote-steben,2024-11-12,2024-11-12,1,Analyst-Economist
Yannick Hebert,Yannick Hebert,2017-10-10,2017-10-10,1,Acting Director General
Yannick Lacharite,Yannick Lacharite,2020-10-01,2023-03-30,2,"Director, Broadband Engineering, Mapping and Data Coordination"
Yannick Leclair,Yannick Leclair,2011-11-01,2011-11-01,1,Senior Policy Analyst
Yannick Monaghan,Yannick Monaghan,2024-12-17,2024-12-17,1,Director
Yannick Mondy,Yannick Mondy,2015-11-18,2024-01-11,21,"Director, Trade and Tariff Policy"
Yannick Money,Yannick Mondy,2023-05-15,2023-05-15,1,"Director, Trade and Tariff Policy"
Yannick Simard,Yannick Simard,2021-07-10,2021-07-10,1,Executive Assistant
Yannick Steben,Yannick Steben,2024-12-11,2024-12-11,1,Senior Economist
Yannick Williams,Yannick Williams,2020-04-29,2020-04-29,1,Director of Policy
Yannik Mondy,Yannik Mondy,2017-08-30,2017-08-30,1,"Director, International Affairs Branch"
Yannique Williams,Yannique Williams,2016-05-17,2018-10-22,4,Policy Advisor
Yaprack Baltacioglu,Yaprak Baltacioglu,2008-12-09,2009-04-14,2,Deputy Minister
Yaprah Baltacioglu,Yaprak Baltacioglu,2010-02-10,2010-02-10,1,Deputy Minister
Yaprak Baltac&#305;o&#287;lu,Yaprak Baltac&#305;o&#287;lu,2010-08-26,2010-08-26,1,Deputy Minister
Yaprak Baltachioglu,Yaprak Baltacioglu,2009-08-27,2009-08-27,1,Deputy Minister
Yaprak Baltaciaglu,Yaprak Baltacioglu,2009-07-22,2009-07-22,1,Deputy Minister
Yaprak Baltacio&#287;lu,Yaprak Baltacio&#287;lu,2009-10-28,2011-07-20,3,Deputy Minister
Yaprak Baltacioglu,Yaprak Baltacioglu,2008-07-08,2017-12-11,171,Deputy Minister
Yaprak Baltaciogly,Yaprak Baltacioglu,2008-10-01,2008-10-01,1,Deputy Minister
Yaprak Baltaciolglu,Yaprak Baltacioglu,2010-11-23,2010-11-23,1,Deputy Minister
Yaprak Baltaciouglu,Yaprak Baltacioglu,2008-12-02,2017-10-20,4,Deputy Minister
Yaprak Balticioglu,Yaprak Baltacioglu,2009-11-04,2012-06-21,2,Deputy Minister
Yaprak Baltigioulu,Yaprak Baltigioulu,2008-07-09,2008-07-09,9,Deputy Minister
Yaprak Baltocioglu,Yaprak Baltacioglu,2010-09-02,2010-09-02,1,Deputy Minister
Yarko Petryshyn,Yarko Petryshyn,2018-10-29,2019-05-29,29,Senior Policy Advisor
Yarko Petryshyn Petryshyn,Yarko Petryshyn Petryshyn,2019-06-19,2019-06-19,1,Senior Policy Advisor
Yaroslav Baran,Yaroslav Baran,2008-07-10,2009-08-28,3,Chief of Staff
Yaseen Abdulhai,Yaseen Abdulhai,2021-06-28,2021-06-28,1,Parliamentary Intern
Yash Dogra,Yash Dogra,2021-12-07,2021-12-07,2,Policy Advisor
Yash Nanda,Yash Nanda,2019-07-05,2025-06-12,503,Policy Advisor
Yasha Dogra,Yash Dogra,2021-12-07,2021-12-07,1,Policy Advisor
Yasir Naqv,Yasir Naqv,2024-10-22,2024-10-22,1,Parliamentary Secretary
Yasir Naqvi,Yasir Naqvi,2016-08-08,2025-06-03,236,Member of Parliament
Yasir Sultan,Yasir Sultan,2023-09-08,2025-02-14,6,Executive Director
Yasir Syed,Yasir Syed,2012-12-17,2012-12-17,1,Senior Project Leader
Yasman Ratansi,Yasmin Ratanski,2018-08-02,2018-08-02,1,Member of Parliament
Yasmeen Gagnon,Yasmeen Gagnon,2016-07-27,2017-09-22,2,Senior Program Officer
Yasmin Atassi,Yasmin Atassi,2023-08-31,2023-08-31,1,Policy Advisor
Yasmin Bubteina,Yasmine Bubteina,2023-06-13,2023-06-13,1,Legislative Assistant
Yasmin Gardaa,Yasmin Gardaa,2011-07-07,2011-07-07,1,Research and Policy Officer
Yasmin Gardaad,Yasmin Gardaa,2011-07-07,2011-07-07,1,Research and Policy Officer
Yasmin Ratansi,Yasmin Ratansi,2010-09-28,2021-12-02,133,Member of Parliament
Yasmin Ratanski,Yasmin Ratanski,2016-02-03,2016-02-03,2,Member of Parliament
Yasmin Ratsani,Yasmin Ratsani,2019-02-28,2019-02-28,1,Member of Parliament
Yasmin Rtansi,Yasmin Ratanski,2016-05-26,2016-05-26,1,Member of Parliament
Yasmin Shaker,Yasmin Shaker,2018-03-26,2018-06-26,8,Special Advisor
Yasmin Yasmin Ratansi,Yasmin Yasmin Ratansi,2020-08-25,2020-08-25,1,Member of Parliament
Yasmina Ghibely,Yasmina Ghibely,2014-02-04,2014-02-04,1,Senior Advisor
Yasmine Atassi,Yasmine Atassi,2021-08-05,2025-06-06,237,Policy Advisor
Yasmine Attasi,Yasmine Attasi,2021-06-23,2024-10-30,10,Senior Policy Advisor
Yasmine Attassi,Yasmine Attassi,2022-01-21,2022-01-21,2,"Executive Assistant to the Chief of Staff and Special Assistant, Policy"
Yasmine Bubteina,Yasmine Bubteina,2023-01-16,2023-06-13,8,Legislative Assistant
Yasmine Laroche,Yasmine Laroche,2009-01-06,2009-01-06,1,Assistant Deputy Minister
Yaw Asiedu,Yaw Asiedu,2024-06-04,2024-06-04,1,"Program Manager, System Integration Analysis"
Yazen Abed,Yazen Abed,2024-10-07,2025-02-14,3,Policy Analyst
Yazmine Laroche,Yazmine Laroche,2011-12-01,2020-08-19,68,Associate Deputy Minister
Yazmine Larouche,Yazmine Larouche,2014-06-05,2014-06-05,1,Associate Deputy Minister
Yeba Sandega,Yeba Sandega,2022-01-28,2022-01-28,1,Senior Policy Advisor
Yeba Sendanga,Yeba Sendanga,2021-04-12,2021-04-12,1,Senior Policy Advisor
Yeba Sendenga,Yeba Sendenga,2021-02-17,2021-02-17,1,Policy Advisor
Yeen Ten Hwang,Yeen Ten Hwang,2023-10-05,2024-01-17,2,"Manager, Recovery Planning and Regulatory Affairs Section"
Yelich Lynne,Yelich Lynne,2014-06-02,2014-06-02,1,Member of Parliament
Yen Pau Woo,Yuen Pau Woo,2017-03-20,2019-06-14,3,Senator
Yentl Beliard-joseph,Yentl Beliard-joseph,2021-05-28,2021-05-28,1,Communications Advisor
Yentl Joseph,Yentl Joseph,2022-01-17,2022-01-17,1,Press Secretary
Yeong Yoo,Yeong Yoo,2022-05-20,2022-05-20,1,Research Officer
Yianni Papadatos,Yianni Papadatos,2023-12-06,2025-06-05,15,Policy Advisor
Yianni Papapdatos,Yianni Papapdatos,2025-06-03,2025-06-03,1,Senior Policy Advisor
Yiota Kokkinos,Yiota Kokkinos,2016-04-04,2020-05-20,20,Director General
Yiota Kokkinos Kokkinos,Yiota Kokkinos Kokkinos,2017-09-21,2017-09-21,1,"Director General, International Energy Division"
Yiotta Kokkinos,Yiotta Kokkinos,2015-06-19,2015-06-19,1,Director General
Yo Ishikawa,Yo Ishikawa,2024-11-14,2024-11-14,1,"Vice Consul, Japan to Canada"
Yoan Marier,Yoan Marier,2021-11-16,2024-11-06,4,Board Member
Yohann Vaudrin,Yohann Vaudrin,2024-07-03,2024-07-22,2,"Vice President, Corporate Finance"
Yohanna Loucheur,Yohanna Loucheur,2013-07-10,2016-05-19,2,Senior Policy Analyst
Yoland Charette,Yoland Charette,2019-01-03,2019-01-03,1,Chief
Yolanda Collins,Yolanda Collins,2021-02-23,2021-02-23,1,Newfoundland East Field Unit
Yonaah Martin,Yonah Martin,2012-02-16,2012-02-16,2,Senator
Yonah Martim,Yonah Martin,2013-10-07,2013-10-07,1,Senator
Yonah Martin,Yonah Martin,2010-10-05,2024-11-27,107,Senator
Yorke Emiliy,Yorke Emiliy,2019-02-26,2019-02-26,1,Policy Advisor
Youmy Hahn,Youmy Hahn,2021-04-08,2021-04-08,1,Policy Advisor
Youmy Han,Youmy Han,2019-04-04,2025-05-06,238,Deputy Chief of Staff
Youn-young Park,Youn-young Park,2023-07-04,2023-11-02,3,Policy Analyst
Youri Rousseau,Youri Rousseau,2017-03-28,2017-04-27,2,Regional Director
Yousefian Farzin,Yousefian Farzin,2019-02-26,2019-02-26,1,Senior Advisor
Youssef El Jai,Youssef El Jai,2019-11-21,2020-11-02,2,Director
Youssef Zine,Youssef Zine,2024-10-31,2024-10-31,1,Competition Advocate
Youssef Zine Elabidine,Youssef Zine Elabidine,2023-11-02,2023-11-02,1,Competition Law Officer
Yovnne Jones,Yvonne Jones,2014-11-25,2014-11-25,1,Member of Parliament
Yu Changxue,Yu Changxue,2020-09-14,2020-09-14,1,"Minister Counsellor, Chinese Embassy"
Yuan Pau Woo,Yuen Pau Woo,2021-03-04,2021-03-04,1,Senator
Yuan Yi Zhu,Yuan Yi Zhu,2024-02-29,2024-11-22,12,Policy Advisor
Yuan Zheng,Yuan Zheng,2019-05-06,2019-05-06,1,Staffer
Yuan Zhu,Yuan Yi Zhu,2024-02-23,2024-02-23,1,Policy Advisor
Yuanyue Geng,Yuanyue Geng,2021-10-13,2021-10-13,1,Policy Officer
Yuen Pao Woo,Yuen Pau Woo,2017-11-30,2017-11-30,1,Senator
Yuen Pau Woo,Yuen Pau Woo,2017-02-10,2025-06-11,127,Senator
Yummy Han,Yummy Han,2020-10-31,2020-10-31,1,Special Assistant to the Minister
Yuriv Shelkovyy,Yuriv Shelkovyy,2011-05-31,2011-05-31,1,"Researcher, NDP Caucus Services"
Yury Mardak,Yury Mardak,2019-06-13,2019-06-13,1,Trade Commissioner
Yuval Daniel,Yuval Daniel,2022-12-07,2024-05-16,4,Policy Advisor
Yvan Baker,Yvan Baker,2019-11-18,2025-06-05,178,Member of Parliament
Yvan Barker,Yvan Baker,2022-11-22,2022-11-22,1,Member of Parliament
Yvan Blondin,Yvan Blondin,2012-02-15,2015-03-16,9,"Chief, Air Force"
Yvan Chabot,Yvan Chabot,2024-06-05,2024-06-05,1,Flight Technical Engineer
Yvan Dery,Yvan Dery,2011-11-30,2018-04-09,23,"Acting Director General, Official Languages Support Program"
Yvan Godin,Yvon Godin,2010-10-21,2011-11-15,2,Member of Parliament
Yvan M. Dery,Yvan M. Dery,2012-01-27,2012-03-20,2,"Director, Policy and Research"
Yves Bacon,Yves Bacon,2019-05-31,2019-05-31,1,"Assistant Comptroller General, Financial Management Transformation"
Yves Beaulieu,Yves Beaulieu,2019-03-13,2019-03-13,1,"Consul, Consulate General of Canada"
Yves Bourassa,Yves Bourassa,2016-04-12,2016-04-12,1,Director
Yves Comeau,Yves Comeau,2017-07-14,2017-11-16,3,"Director, Communications"
Yves Cote,Yves Cote,2009-04-30,2018-12-19,3,Commissioner of Canada Elections
Yves Desjardins-siciliano,Yves Desjardins-siciliano,2012-02-29,2018-10-24,5,President and Chief Executive Officer
Yves Duguay,Yves Duguay,2008-08-26,2011-11-09,3,"Senior Vice President, Operations"
Yves Dupras,Yves Dupras,2014-11-10,2019-02-18,3,"Advisor, Quebec"
Yves Dushimimana,Yves Dushimimana,2020-11-17,2024-05-08,6,"Senior Economist, Financial Institutions Division"
Yves Francis Odia Ndongo,Yves Francis Odia Ndongo,2022-02-25,2022-02-25,1,Tax Policy Officer
Yves Francois Blanchet,Yves-francois Blanchet,2019-04-03,2020-02-04,3,Member of Parliament
Yves Gagnon,Yves Gagnon,2010-11-24,2013-05-16,13,Senior Policy Advisor
Yves Gauthier,Yves Gauthier,2014-12-19,2014-12-19,1,"Manager, HADCS"
Yves Gingras,Yves Gingras,2013-05-30,2013-05-30,1,"Senior Director, Economic Policy"
Yves Giroux,Yves Giroux,2009-02-04,2025-03-20,12,Parliamentary Budget Officer
Yves Godin,Yvon Godin,2013-11-05,2013-11-05,1,Member of Parliament
Yves Gonthier,Yves Gonthier,2020-07-09,2020-07-09,1,"Senior Engineer, Exploration Strategic Planning"
Yves Joseph Rosalbert,Yves Joseph Rosalbert,2024-01-25,2024-01-25,1,"Director, Parliamentary Affairs"
Yves Laboeuf,Yves Laboeuf,2010-11-23,2010-11-23,1,"Vice President, Policy"
Yves Laboeur,Yves Laboeur,2010-11-30,2010-11-30,1,"Vice President, Policy Development"
Yves Lavergne,Yves Lavergne,2008-09-09,2009-02-17,3,Technical Director
Yves Lavoeuf,Yves Laboeuf,2010-11-23,2010-11-23,1,"Vice President, Policy"
Yves Lavoie,Yves Lavoie,2023-08-22,2024-01-09,5,Director
Yves Lebel,Yves Lebel,2017-10-19,2017-10-19,2,Parliamentary Attaché
Yves Lebeouf,Yves Leboeuf,2009-01-09,2012-10-18,5,Vice President
Yves Leboef,Yves Leboeuf,2011-01-13,2011-01-13,1,Vice President
Yves Leboeuf,Yves Leboeuf,2008-07-22,2014-04-07,36,Vice President
Yves Leguerrier,Yves Leguerrier,2009-06-22,2009-06-22,1,Chief Delegate for Canada to FCTC
Yves Lemoullec,Yves Lemoullec,2022-07-21,2024-02-14,4,Director
Yves Lessard,Yves Lessard,2010-10-26,2011-03-02,10,Member of Parliament
Yves Moullec,Yves Moullec,2023-02-23,2024-05-03,4,Officer
Yves Parent,Yves Parent,2024-02-27,2024-02-27,1,Member of Parliament
Yves Parron,Yves Perron,2020-02-04,2020-02-04,1,Member of Parliament
Yves Perron,Yves Perron,2019-11-20,2025-02-21,250,Member of Parliament
Yves Plourde,Yves Plourde,2012-11-14,2012-11-14,1,"Advisor, Industrial Technology"
Yves Poirier,Yves Poirier,2018-03-05,2024-01-18,14,"Director, Economic Development"
Yves Porier,Yves Porier,2018-02-28,2018-02-28,1,"Director, Economic Development"
Yves Richard,Yves Richard,2018-11-01,2019-03-29,5,Industrial Research Assistant
Yves Robillard,Yves Robillard,2016-03-08,2024-02-23,51,Member of Parliament
Yves Saint-germain,Yves Saint-germain,2017-08-16,2022-05-05,10,Director
Yves-duclos Jean,Yves-duclos Jean,2017-06-21,2017-06-21,1,Minister
Yves-frances Odia Ndongo,Yves-frances Odia Ndongo,2020-06-03,2020-06-03,1,Analyst
Yves-francois Blanchet,Yves-francois Blanchet,2019-05-15,2025-04-25,145,Member of Parliament
Yves-francois Blanchette,Yves-francois Blanchet,2020-10-05,2020-10-05,2,Member of Parliament
Yves-froncois Blanchet,Yves-froncois Blanchet,2020-09-03,2020-09-03,1,Party Leader
Yves-joseph Rosalbert,Yves-joseph Rosalbert,2021-04-08,2024-02-26,10,Policy Advisor
Yvette Meyer,Yvette Meyer,2014-01-13,2014-01-13,1,Regional Director
Yvette Meyers,Yvette Meyer,2016-01-04,2016-01-04,1,Regional Director
Yvette Mulder,Yvette Mulder,2020-08-25,2020-08-25,1,Oceans Program and Planning Officer
Yvette Myers,Yvette Myers,2016-09-20,2019-01-30,6,Executive Director
Yvette-monique Gray,Yvette-monique Gray,2023-06-19,2024-01-16,4,Regional Director
Yvon Giroux,Yvon Giroux,2010-11-05,2010-11-05,1,"Senior Industry Officer, Forest Industries Directorate"
Yvon Godin,Yvon Godin,2010-08-23,2018-12-06,102,Member of Parliament
Yvon Jeghers,Yvon Jeghers,2015-05-21,2015-05-21,1,First Vice President
Yvon Levesque,Yvon Levesque,2010-10-25,2011-03-23,14,Member of Parliament
Yvon Long,Yvon Long,2018-05-08,2023-11-22,3,Advisor
Yvon Martel,Yvon Martel,2010-02-16,2011-03-10,2,"Chief Scientist, International"
Yvonee Jones,Yvonne Jones,2017-10-05,2017-10-05,1,Member of Parliament
Yvonne Boyer,Yvonne Boyer,2018-05-23,2024-03-21,15,Senator
Yvonne Chin,Yvonne Chin,2019-10-29,2019-10-29,1,Regional Director
Yvonne Grunenthaler,Yvonne Grunenthaler,2022-05-11,2022-05-11,2,Trade Commissioner
Yvonne Hundey,Yvonne Hundey,2020-10-27,2020-10-27,1,Constituency Assistant
Yvonne Johnes,Yvonne Jones,2015-03-25,2015-03-25,1,Member of Parliament
Yvonne Jones,Yvonne Jones,2013-10-21,2025-03-02,263,Member of Parliament
Yvonne Jonnes,Yvonne Jones,2015-04-21,2019-06-17,3,Member of Parliament
Yvonne Morkos,Yvonne Morkos,2013-04-02,2013-04-02,1,Project and International Banking Manager
Yvonne Says,Yvonne Says,2020-12-03,2020-12-03,1,Outreach and Advocacy
Yvonne Uche-odu-thomas,Yvonne Uche-odu-thomas,2020-02-13,2020-02-13,1,"Director, Legar Department"
Yvonne Zadra,Yvonne Zadra,2015-11-24,2016-02-26,3,Trade Commissioner
