raw name,cleaned name,first_appearance,last_appearance,count,title
G. Breitkreuz,G. Breitkreuz,2011-03-01,2011-03-01,1,Member of Parliament
G. Merideth,G. Merideth,2008-07-21,2008-07-21,1,Assistant Deputy Minister
G. Scott White,G. Scott White,2016-03-09,2016-03-09,1,Director
G.a. Malcolm Brown,G.A. Malcolm Brown,2009-11-10,2009-11-10,1,Associate Deputy Minister
Gabby Garwood,Gabby Garwood,2023-02-01,2023-02-01,1,Policy Advisor
Gabe Frost,Gabe Frost,2018-08-29,2018-08-29,1,Senior Policy Analyst
Gabe Menard,Gabe Menard,2024-02-02,2024-02-02,1,Policy and Research Analyst
Gabrela Dejager,Gabrela Dejager,2024-11-21,2024-11-21,1,Director General
Gabriel Bourget,Gabriel Bourget,2020-03-27,2024-07-02,25,"Special Assistant, Quebec and Atlantic"
Gabriel Broderick,Gabriel Broderick,2022-07-29,2025-05-26,44,Senior Policy Advisor
Gabriel Brunet,Gabriel Brunet,2022-02-15,2024-06-06,27,Communications Advisor to the Minister
Gabriel Cyr,Gabriel Cyr,2017-06-20,2023-09-27,139,Policy Advisor
Gabriel Delorme,Gabriel Delorme,2018-10-02,2024-11-29,4,Advisor
Gabriel Frost,Gabriel Frost,2021-11-23,2021-12-02,3,Officer
Gabriel Gosselin,Gabriel Gosselin,2019-08-21,2019-08-21,1,Policy Officer
Gabriel Guay,Gabriel Guay,2025-04-09,2025-04-09,1,"Supervisor, Data Collection Operations"
Gabriel Hardy,Gabriel Hardy,2025-06-10,2025-06-10,1,Member of Parliament
Gabriel Mastico,Gabriel Mastico,2012-10-04,2012-10-04,1,"Economist, Microeconomic Policy Analysis"
Gabriel Mezzari,Gabriel Mezzari,2022-11-03,2023-11-15,6,"Regional Advisor, QC"
Gabriel Ngo,Gabriel Ngo,2018-07-24,2018-07-24,1,Advisor
Gabriel Picard,Gabriel Picard,2019-07-29,2019-07-29,1,Scientific Evaluator
Gabriel Piette,Gabriel Piette,2010-02-02,2010-02-02,1,"Director, Science"
Gabriel Sainte-marie,Gabriel Sainte-marie,2015-11-16,2024-11-20,9,Member of Parliament
Gabriel St-hilaire,Gabriel St-hilaire,2016-09-08,2019-05-14,5,Director and Legislative Assistant
Gabriel St-marie,Gabriel Ste-marie,2016-05-31,2017-04-04,2,Member of Parliament
Gabriel St. Marie,Gabriel Ste-marie,2018-06-07,2018-06-07,3,Member of Parliament
Gabriel Ste Marie,Gabriel Ste-marie,2020-03-10,2020-03-10,1,Member of Parliament
Gabriel Ste-marie,Gabriel Ste-marie,2016-01-19,2025-05-15,224,Member of Parliament
Gabriel Ste. Marie,Gabriel Ste-marie,2020-09-14,2021-02-09,3,Member of Parliament
Gabriel Sundue,Gabriel Sundue,2023-06-20,2023-06-20,1,Constituency Assistant
Gabriel Teo,Gabriel Teo,2025-02-10,2025-02-11,2,Team Lead
Gabriel Vermette,Gabriel Vermette,2017-11-06,2023-08-29,27,Policy Advisor
Gabriel Williams,Gabriel Williams,2025-01-17,2025-05-14,11,Analyst
Gabriel Yiu,Gabriel Yiu,2020-07-14,2020-10-15,5,Constituency Assistant
Gabriel Yu,Gabriel Yiu,2020-06-09,2020-06-09,1,Constituency Assistant
Gabriel Zamfir-enache,Gabriel Zamfir-enache,2021-02-24,2021-10-01,2,"Director, Research Measurement and Data Analytics"
Gabriela De Jager,Gabriela De Jager,2024-06-17,2024-06-17,1,Director
Gabriela Dejager,Gabriela Dejager,2024-06-18,2025-05-21,4,Assistant Director
Gabriela Quintanilla,Gabriela Quintanilla,2024-03-06,2024-03-06,1,Senior Program Advisor
Gabriella De Jagr,Gabriella De Jagr,2025-03-19,2025-03-19,1,Acting Director
Gabrielle Allard,Gabrielle Allard,2022-06-27,2024-09-06,4,Section Head
Gabrielle Bardall,Gabrielle Bardall,2023-12-18,2023-12-18,1,Senior Policy Advisor
Gabrielle Berard,Gabrielle Berard,2012-03-06,2014-11-06,38,Policy Advisor
Gabrielle Berrard,Gabrielle Berrard,2014-06-11,2014-06-11,1,Senior Policy Advisor
Gabrielle Bibeau,Gabrielle Bibeau,2023-11-02,2023-11-02,1,Competition Law Advisor
Gabrielle Brerard,Gabrielle Berard,2013-08-27,2013-08-27,1,Policy Advisor
Gabrielle Dallaporta,Gabrielle Dallaporta,2025-03-03,2025-03-03,1,Director
Gabrielle Dolgoy,Gabrielle Dolgoy,2015-07-26,2018-01-26,5,Trade Policy Officer
Gabrielle Dubuis,Gabrielle Dubuis,2022-10-03,2022-10-03,1,Director of Policy
Gabrielle Duschner,Gabrielle Duschner,2011-03-14,2011-03-14,1,Senior Advisor
Gabrielle Fitzgerald,Gabrielle Fitzgerald,2020-10-26,2020-10-26,2,"Director, Research and Data"
Gabrielle Fitzgeralld,Gabrielle Fitzgeralld,2015-05-06,2015-05-06,1,"Acting Director, MMSD"
Gabrielle Forget,Gabrielle Forget,2020-11-12,2020-11-12,1,Senior Account Manager
Gabrielle Frost,Gabrielle Frost,2022-01-19,2022-01-19,1,Advisor
Gabrielle Labadie-johnson,Gabrielle Labadie-johnson,2016-11-25,2018-10-03,3,Agenda Manager
Gabrielle Renaud-mattey,Gabrielle Renaud-mattey,2013-08-26,2013-08-26,1,Director of Communications
Gabrielle St-marie,Gabriel Ste-marie,2020-09-21,2020-09-21,2,Member of Parliament
Gabrielle Tomovcik,Gabrielle Tomovcik,2022-12-01,2025-01-29,4,Senior Program Officer
Gabrielle Torrealba,Gabrielle Torrealba,2021-05-31,2021-05-31,1,Research Support Assistant
Gabrielle White,Gabrielle White,2021-06-15,2021-06-23,2,Senior Policy Analyst
Gaby Carignan,Gaby Carignan,2018-11-27,2024-05-07,2,Advisor
Gaby Torrealba,Gaby Torrealba,2021-01-07,2021-01-07,1,Research Support Assistant
Gaelle Maalouf,Gaelle Maalouf,2023-03-01,2023-12-01,8,"Special Assistant, Legislative Affairs"
Gaelle Miollan,Gaelle Miollan,2023-03-09,2023-03-09,1,Senior Analyst
Gaetan Brousseau,Gaetan Brousseau,2020-09-02,2020-09-18,2,Senior Advisor
Gaetan Caron,Gaetan Caron,2008-09-02,2014-01-22,30,Chairperson
Gaetan Martineau,Gaetan Martineau,2014-07-10,2014-07-10,1,"Deputy Director, Foreign Affairs and International Trade Canada"
Gaeton Caron,Gaeton Caron,2008-07-17,2011-09-29,3,Chair and CEO
Gaffield Chad,Gaffield Chad,2009-09-30,2009-09-30,1,President
Gagan Sickland,Gagan Sikand,2021-01-22,2021-01-22,1,Member of Parliament
Gagan Sikan,Gagan Sikand,2016-12-02,2016-12-02,1,Member of Parliament
Gagan Sikand,Gagan Sikand,2015-12-01,2021-04-29,150,Member of Parliament
Gagan Sikland,Gagan Sikand,2021-02-17,2021-02-17,1,Member of Parliament
Gagand Sikand,Gagan Sikand,2016-10-17,2016-10-19,2,Member of Parliament
Gaggan Gill,Gaggan Gill,2014-01-20,2014-09-23,3,Senior Special Assistant
Gaggan Sikand,Gagan Sikand,2018-01-14,2018-01-14,1,Member of Parliament
Gagne Claude Eric,Gagne Claude Eric,2017-03-15,2017-03-15,1,"Assistant Director, Operations"
Gagon Sikhand,Gagan Sikand,2016-02-23,2016-02-23,1,Member of Parliament
Gaher Iqwinder,Gaher Iqwinder,2023-10-03,2023-10-03,1,Member of Parliament
Gail Fawcett,Gail Fawcett,2013-09-25,2013-09-25,1,Senior Research Advisor
Gail Haarsma,Gail Haarsma,2016-11-04,2022-11-29,7,Director
Gail Johnson,Gail Johnson,2014-10-27,2016-05-27,8,Assistant Deputy Minister
Gail Ksonzyna,Gail Ksonzyna,2013-10-04,2013-10-23,2,Principal Director
Gail Miller,Gail Miller,2010-03-11,2011-11-22,4,Director General
Gail Mitchell,Gail Mitchell,2011-11-22,2024-02-21,17,Assistant Deputy Minister
Gail Shea,Gail Shea,2008-11-14,2015-09-15,210,Minister
Gail Sinclair,Gail Sinclair,2019-01-16,2019-01-16,1,General Counsel
Gail Sparrow,Gail Sparrow,2016-09-28,2016-09-28,1,Parliamentary Assistant
Gale Davy,Gale Davy,2021-03-31,2024-03-26,13,Constituency Assistant
Gale Galloway,Gale Galloway,2014-03-26,2014-04-03,2,Staffer
Gale Shea,Gale Shea,2012-11-15,2012-11-15,1,Member of Parliament
Galen Countryman,Galen Countryman,2015-02-18,2024-08-15,14,Director General
Galen Flaherty,Galen Flaherty,2014-07-07,2014-07-07,1,Executive Assistant
Galen Richadson,Galen Richadson,2024-11-13,2024-11-13,1,Senior Advisor
Galen Richardon,Galen Richardon,2021-01-28,2021-01-28,1,"Regional Advisor, Western and Northern Desk"
Galen Richardson,Galen Richardson,2019-01-23,2025-06-12,648,"Senior Regional Advisor, West and North"
Galen Rischardson,Galen Rischardson,2021-01-28,2021-01-28,1,"Special Assistant, Regional Desk Prairies and North"
Gallant Cheryl,Gallant Cheryl,2010-12-09,2010-12-09,1,Member of Parliament
Gallezeau Rob,Gallezeau Rob,2013-10-30,2013-10-30,1,Economic Advisor
Gallit Dobner,Gallit Dobner,2023-04-27,2025-02-10,5,Executive Director
Ganna Lachykhina,Ganna Lachykhina,2022-09-21,2022-09-28,2,Legislative Assistant
Gar Xie,Gar Xie,2022-08-29,2022-08-29,1,"Regional Advisor, British Columbia"
Gardiner Macneil,Gardiner Macneill,2009-11-24,2009-11-24,1,Policy Advisor
Gardiner Macneill,Gardiner Macneill,2009-11-24,2010-10-21,4,Policy Advisor
Gareth Hitchings,Gareth Hitchings,2024-06-14,2025-01-17,2,Director
Gareth Jones,Gareth Jones,2016-04-12,2023-08-30,25,Special Advisor
Garett Genius,Garnett Genuis,2021-01-11,2021-01-11,1,Member of Parliament
Garett Pratt,Garett Pratt,2024-10-10,2024-10-10,1,"Director, Sudan and South Sudan"
Garima Dwivedi,Garima Dwivedi,2023-12-11,2024-10-10,8,Assistant Deputy Minister
Garneau Marc,Garneau Marc,2010-10-25,2017-06-19,2,Minister
Garnet Genius,Garnett Genuis,2016-02-03,2022-04-25,8,Member of Parliament
Garnet Genuis,Garnett Genuis,2009-04-15,2022-06-09,6,Member of Parliament
Garnett Genius,Garnett Genuis,2016-11-16,2022-11-11,15,Member of Parliament
Garnett Genuis,Garnett Genuis,2009-03-03,2025-06-04,261,Member of Parliament
Garrett Mombourquette,Garrett Mombourquette,2021-02-23,2021-02-23,1,"Field Unit, Prince Edward Island"
Garrison Garrow,Garrison Garrow,2022-05-06,2022-05-06,1,Program Officer
Garry Breikreuz,Garry Breitkreuz,2014-04-02,2014-04-02,1,Member of Parliament
Garry Breitkreutz,Garry Breitkreuz,2015-02-25,2015-02-25,1,Member of Parliament
Garry Breitkreuz,Garry Breitkreuz,2009-03-31,2015-06-02,175,Member of Parliament
Garry Breitkruz,Garry Breitkreuz,2011-03-22,2011-03-23,2,Member of Parliament
Garry Brietkreuz,Garry Breitkreuz,2011-11-22,2012-05-17,2,Member of Parliament
Garry Donaldson,Garry Donaldson,2023-11-02,2023-11-02,1,"Manager, Protected Areas and Stewardship"
Garry Goodyear,Garry Goodyear,2009-05-12,2014-10-07,2,Minister
Garry Keeler,Garry Keller,2013-11-20,2013-11-29,4,Chief of Staff
Garry Kellar,Garry Keller,2011-03-08,2011-03-08,1,Chief of Staff
Garry Keller,Garry Keller,2008-07-02,2017-06-15,78,Chief of Staff
Garry Kelly,Garry Kelly,2013-07-26,2013-07-26,1,Chief of Staff
Garry Ritz,Garry Ritz,2013-06-26,2015-02-17,2,"Minister, Agriculture and Agri-Food Canada"
Garry Schellenberger,Gary Schellenberger,2010-10-28,2012-11-01,2,Member of Parliament
Garth D Ehrhardt,Garth Ehrhardt,2023-06-14,2023-06-14,1,Director
Garth Ehrhardt,Garth Ehrhardt,2018-01-16,2024-03-26,11,Director
Garth Erdhart,Garth Erdhart,2023-05-11,2023-05-11,1,Senior Advisor
Garth Riley,Garth Riley,2012-03-19,2012-03-19,1,Director
Garth Williams,Garth Williams,2020-07-06,2024-03-19,3,Acting Executive Director
Garv Liddy,Garv Liddy,2014-07-16,2014-07-16,1,Assistant Deputy Minister
Gary Anadasangaree,Gary Anandasangaree,2016-03-08,2020-02-04,2,Member of Parliament
Gary Anand,Gary Anand,2022-08-15,2022-08-15,1,Member of Parliament
Gary Anandagaraee,Gary Anandagaraee,2016-03-09,2016-03-09,1,Member of Parliament
Gary Anandasaangaree,Gary Anandasangaree,2016-02-23,2016-02-23,1,Member of Parliament
Gary Anandasanagree,Gary Anandasangaree,2019-02-26,2019-02-26,1,Member of Parliament
Gary Anandasandaree,Gary Anandasangaree,2017-05-29,2017-05-29,1,Member of Parliament
Gary Anandasangaree,Gary Anandasangaree,2015-12-07,2025-05-30,219,Member of Parliament
Gary Anandassangaree,Gary Anandasangaree,2017-10-18,2017-10-18,1,Member of Parliament
Gary Anandsangaree,Gary Anandasangaree,2017-11-21,2018-10-24,2,Member of Parliament
Gary Anandusangaree,Gary Anandasangaree,2017-11-09,2017-11-09,1,Member of Parliament
Gary Ananndasangaree,Gary Anandasangaree,2017-05-18,2017-05-18,1,Member of Parliament
Gary Anansandagaree,Gary Anansandagaree,2016-06-10,2016-06-10,1,Member of Parliament
Gary Baikie,Gary Baikie,2021-02-23,2021-02-23,1,Western Newfoundland and Labrador Field Unit
Gary Breitkreuz,Garry Breitkreuz,2009-05-21,2015-04-29,18,Member of Parliament
Gary Catlin,Gary Catlin,2010-04-28,2010-04-28,1,Acting Assistant Chief Statistician
Gary Cooper,Gary Cooper,2021-03-17,2021-03-17,1,Procurement Manager
Gary Devis,Gary Devis,2019-01-25,2019-01-29,2,"Director, Business Solutions, Data and Analytics"
Gary Doer,Gary Doer,2010-01-11,2016-01-07,125,Ambassador to the United States
Gary Edwards,Gary Edwards,2016-11-03,2016-11-09,2,Policy Advisor
Gary Fudge,Gary Fudge,2013-10-24,2013-10-24,1,"Executive Director, Program and Project Services"
Gary Goddyear,Gary Goddyear,2011-10-26,2011-10-26,1,"Minister of State, Federal Economic Development Agency for Southern Ontario"
Gary Goodacre,Gary Goodacre,2024-06-12,2024-06-12,1,Director
Gary Goodear,Gary Goodyear,2010-06-15,2010-06-15,1,Minister of State
Gary Goodyear,Gary Goodyear,2008-09-24,2015-07-27,306,Minister of State
Gary Goodyer,Gary Goodyer,2010-02-10,2010-02-10,1,"Minister of State, Science and Technology"
Gary Gooyear,Gary Goodyear,2014-11-05,2014-11-05,1,Minister of State
Gary Graham,Gary Graham,2023-05-01,2023-05-01,1,"Sector Specialist, Strategy and Stakeholder Engagement"
Gary Ivany,Gary Ivany,2021-03-11,2021-03-11,1,"Assistant Commissioner, Coast Guard Atlantic Region"
Gary Jenne,Gary Jenne,2020-05-28,2020-05-28,1,Industrial Technology Advisor
Gary Kellar,Gary Kellar,2011-03-21,2011-04-04,2,Chief of Staff
Gary Keller,Gary Keller,2009-07-21,2017-06-13,12,Chief of Staff
Gary Lacey,Gary Lacey,2016-08-15,2018-01-11,6,Executive Director
Gary Lee,Gary Lee,2017-05-31,2018-05-14,7,Deputy Director
Gary Lunn,Gary Lunn,2008-07-07,2011-03-08,65,"Minister of State, Sport"
Gary Luton,Gary Luton,2008-11-01,2008-11-01,1,"Consul General, Mumbai"
Gary Mcdonald,Gary Mcdonald,2010-05-12,2010-05-12,1,Director General
Gary Mcgee,Gary Mcgee,2009-03-09,2009-03-09,1,Director
Gary Mclean,Gary Mclean,2024-05-30,2024-05-30,1,Member of Parliament
Gary Pringle,Gary Pringle,2013-01-14,2013-01-14,1,Head
Gary Ritz,Gery Ritz,2013-06-28,2013-06-28,1,Member of Parliament
Gary Roberston,Gary Robertson,2013-09-30,2013-09-30,1,Assistant Deputy Minister
Gary Robertson,Gary Robertson,2013-09-30,2024-05-29,55,Assistant Deputy Minister
Gary Schelenberger,Gary Schellenberger,2011-11-29,2011-11-29,2,Member of Parliament
Gary Schellenberger,Gary Schellenberger,2009-05-12,2015-04-23,78,Member of Parliament
Gary Schellenburger,Gary Schellenberger,2011-11-15,2011-11-15,1,Member of Parliament
Gary Scheullenberger,Gary Schellenberger,2011-10-05,2011-10-05,1,Member of Parliament
Gary Shanahan,Gray Shanahan,2011-09-08,2013-03-19,3,Director of Policy
Gary Shellenberger,Gary Schellenberger,2010-11-23,2014-10-07,4,Member of Parliament
Gary Sidock,Gary Sidock,2010-08-04,2012-08-01,4,Director General
Gary Sipeng Xie,Gary Sipeng Xie,2024-03-25,2024-05-14,2,Ministerial Advisor
Gary Slater,Gary Slater,2021-02-11,2024-04-18,3,Researcher in Residence
Gary Theis,Gary Theis,2012-04-24,2012-04-24,1,Policy Advisor
Gary Toft,Gary Toft,2009-02-12,2015-07-07,72,Chief of Staff
Gary Vidal,Gary Vidal,2019-12-10,2024-11-20,257,Member of Parliament
Gary Walbourne,Gary Walbourne,2017-12-11,2017-12-11,1,Ombudsman
Gary Walker,Gary Walker,2013-05-01,2016-05-30,12,Assistant Superintendent
Gary Xie,Gary Xie,2022-09-15,2025-03-13,201,Policy Advisor and BC Advisor
Gary Xie Xie,Gary Xie Xie,2025-03-18,2025-03-18,1,Senior Policy Advisor
Gateon Caron,Gateon Caron,2008-09-02,2008-09-02,1,Chair
Gates Perry,Gates Perry,2019-05-27,2019-05-27,1,Policy Advisor
Gaukhar Kydyrkhanova,Gaukhar Kydyrkhanova,2020-11-30,2020-11-30,1,Trade Commissioner
Gauri Screenivasan,Gauri Screenivasan,2012-07-11,2012-07-11,1,Parliamentary Affairs
Gauri Sreenivansan,Gauri Sreenivansan,2013-05-23,2013-05-23,1,"Director, Parliamentary Affairs"
Gauri Sreenivasan,Gauri Sreenivasan,2012-01-20,2014-07-09,25,"Director, Parliamentary Affairs"
Gauri Sreenivassan,Gauri Sreenivassan,2012-10-25,2012-10-25,1,Director of Parliamentary Affairs
Gauthier Denis,Gauthier Denis,2012-01-31,2012-01-31,1,Assistant Deputy Minister
Gauthier Gilles,Gauthier Gilles,2015-08-25,2015-08-25,1,"Minister, Economic"
Gauvreau Michael,Gauvreau Michael,2024-08-13,2024-08-13,1,Director of Operations
Gaveen Cadotte,Gaveen Cadotte,2021-06-02,2024-06-04,6,Assistant Deputy Minister
Gaveen Codotte,Gaveen Codotte,2024-02-14,2024-02-14,1,"Assistant Deputy Minister, Anti-Racism Strategy and Action Plan on Combatting Hate"
Gavin Bachan,Gavin Bachan,2015-01-30,2015-01-30,1,Director General
Gavin Brown,Gavin Brown,2009-12-14,2020-01-23,8,Director
Gavin Buchan,Gavin Buchan,2014-04-04,2023-09-08,8,Director General
Gavin Charles,Gavin Charles,2013-09-17,2014-10-27,6,Parliamentary Assistant
Gavin Cook,Gavin Cook,2023-05-09,2023-05-09,1,Economist
Gavin Lemieux,Gavin Lemieux,2017-07-18,2017-09-13,2,Director of Policy
Gavin Liddy,Gavin Liddy,2012-01-31,2016-08-24,28,Associate Deputy Minister
Gavin Menzies,Gavin Menzies,2011-02-24,2011-03-01,2,Assistant
Gavin Nardocchio-jones,Gavin Nardocchio-jones,2024-04-10,2024-08-27,2,"Manager, Foreign Policy and Diplomacy Service"
Gavin Wiens,Gavin Wiens,2024-04-12,2024-04-12,1,Advisor to the Senior Assistant Deputy Minister
Gayle Shea,Gail Shea,2009-11-24,2009-11-24,1,Minister
Gaziz Shotanov,Gaziz Shotanov,2023-01-30,2023-01-30,1,Trade Commissioner
Geffroi Montpetit,Geoffroi Montpetit,2020-03-12,2020-06-22,3,Chief of Staff
Gemma Boag,Gemma Boag,2022-06-21,2022-06-21,1,Director
Gemma Legresley,Gemma Legresley,2016-04-12,2017-05-08,5,Senior Analyst
Gen Walter Natynczyk,Gen Walter Natynczyk,2014-04-17,2014-06-13,3,President
Gena Richard,Gena Richard,2024-07-09,2024-07-09,1,Acting Team Lead
Gene Cabral,Gene Cabral,2018-05-25,2018-05-25,1,Executive Vice President
General Contact Point At General Email Address,General Contact Point At General Email Address,2022-03-16,2022-03-16,1,Ontario Anti-Racism Office
General Contact Point Gatineau,General Contact Point Gatineau,2022-03-16,2022-03-16,1,Anti-Racism Engagement
General Thomas Lawson,General Thomas Lawson,2013-11-21,2013-11-21,1,Chief of Defence
General Wayne Eyre,General Wayne Eyre,2024-02-28,2024-02-28,1,"Chief of Staff, Defence"
Genereux Bernard,Genereux Bernard,2010-10-06,2010-10-06,1,Member of Parliament
Genevieve Asselin,Genevieve Asselin,2024-10-10,2024-10-10,1,"Deputy Director, South Sudan"
Genevieve Bastien,Genevieve Bastien,2025-04-17,2025-04-17,1,"Assistant Director, Highway, Border and Motor Carrier Policy"
Genevieve Bechard,Genevieve Bechard,2018-04-12,2022-10-13,2,Director General
Genevieve Benard,Genevieve Benard,2016-10-31,2016-11-07,3,"Program Specialist, Transportation of Animals"
Genevieve Binet,Genevieve Binet,2023-11-17,2023-11-17,2,"Assistant Deputy Minister, Public Affairs"
Genevieve Boisvert,Genevieve Boisvert,2016-10-31,2018-11-05,17,"Director, Constituency Office"
Genevieve Boudrias,Genevieve Boudrias,2024-01-08,2024-04-17,2,Director
Genevieve Bourget,Genevieve Bourget,2018-04-18,2024-10-24,13,Deputy Director
Genevieve Bouthillier,Genevieve Bouthillier,2025-02-28,2025-02-28,1,Executive Vice President
Genevieve Breton,Genevieve Breton,2010-06-10,2013-02-19,7,Director of Communications
Genevieve Brown,Genevieve Brown,2019-06-17,2021-11-25,3,Assistant Director
Genevieve Car,Genevieve Car,2017-04-05,2017-04-05,1,Director
Genevieve Chagnon-lampron,Genevieve Chagnon-lampron,2013-03-27,2021-11-12,9,Senior Trade Policy Officer
Genevieve Chagnoon-lampron,Genevieve Chagnoon-lampron,2017-06-21,2017-06-21,1,Senior Policy Officer
Genevieve Champagne,Genevieve Champagne,2022-08-02,2022-08-02,1,Planning Advisor
Genevieve Charrois,Genevieve Charrois,2022-06-13,2024-05-01,2,Director
Genevieve Clermont,Genevieve Clermont,2022-06-15,2023-06-22,5,Director
Genevieve Cousineau,Genevieve Cousineau,2021-09-24,2021-09-24,1,Policy Advisor
Genevieve De Riviere,Genevieve De Riviere,2008-10-22,2008-10-22,1,Ambassador to Peru
Genevieve De Rocq,Genevieve De Rocq,2022-07-06,2022-07-06,1,Student
Genevieve Deblois,Genevieve Deblois,2021-05-12,2021-05-28,2,Policy Advisor
Genevieve Desjardins,Genevieve Desjardins,2014-04-10,2017-03-23,2,Vice President
Genevieve Fournier,Genevieve Fournier,2023-01-17,2024-04-17,2,Senior Program Officer
Genevieve Gougeon,Genevieve Gougeon,2019-09-26,2023-10-11,7,Deputy Director
Genevieve Gourgeon,Genevieve Gougeon,2023-07-12,2023-07-12,1,Deputy Director
Genevieve Guilbault,Genevieve Guilbault,2021-05-21,2021-05-21,1,Member of Parliament
Genevieve Hinse,Genevieve Hinse,2015-11-18,2024-09-18,159,Chief of Staff
Genevieve Kroes,Genevieve Kroes,2022-09-07,2024-02-15,3,Manager
Genevieve Leguerrier,Genevieve Leguerrier,2018-02-28,2018-02-28,1,Director
Genevieve Lemaire,Genevieve Lemaire,2021-04-08,2021-04-08,1,Communications Assistant
Genevieve Lemieux Rettinger,Genevieve Lemieux Rettinger,2021-03-17,2021-03-17,1,"Executive Assistant to the Associate Deputy Minister, Natural Resources Canada"
Genevieve Levesque,Genevieve Levesque,2019-02-05,2024-10-01,10,"Senior Advisor, Parliamentary and Legal Affairs"
Genevieve Marcoux,Genevieve Marcoux,2024-10-30,2024-10-30,1,Project Engineer
Genevieve Moineau,Genevieve Moineau,2023-09-19,2025-01-29,13,Chief Medical Workforce Advisor
Genevieve Nadeau,Genevieve Nadeau,2022-07-08,2022-07-08,2,Senior Policy Analyst
Genevieve Rodrigue,Genevieve Rodrigue,2016-03-08,2021-08-11,4,Poultry Sector Specialist
Genevieve Roy,Genevieve Roy,2023-09-19,2024-02-20,2,Project Delivery and Business Development
Genevieve Sancoucy,Genevieve Sancoucy,2016-02-16,2016-02-16,1,"Chief, Regulatory Development"
Genevieve Sansoucy,Genevieve Sansoucy,2017-04-05,2019-08-22,6,"Chief, Permits and Approvals Division"
Genevieve Sicard,Genevieve Sicard,2022-06-03,2022-06-09,5,Director
Genevieve Tanguay,Genevieve Tanguay,2016-04-29,2025-04-29,114,Vice President
Genevieve Tardy,Genevieve Tardy,2016-11-18,2016-11-18,1,Policy Advisor
Genevieve Tremblay,Genevieve Tremblay,2019-01-30,2025-03-18,2,Director General
Genevieve Tuts,Genevieve Tuts,2024-11-05,2024-11-05,1,"Ambassador and Head of Delegation, European Union"
Genevive Moineau,Genevive Moineau,2024-03-05,2024-03-05,1,Chief Medical Workplace Advisor
Geng Tan,Geng Tan,2016-02-02,2019-02-26,51,Member of Parliament
Geng Tang,Geng Tan,2016-05-09,2016-05-09,1,Member of Parliament
Genievieve Sicard,Genievieve Sicard,2011-06-28,2011-06-28,1,Private Secretary
Genvieve Breton,Genvieve Breton,2011-02-17,2011-02-17,1,"Director, Communications"
Genvieve Gougeon,Genevieve Gougeon,2023-06-13,2023-06-13,1,Deputy Director
Genvieve Hynse,Genevieve Hinse,2016-02-23,2016-02-23,1,Chief of Staff
Geoff Adams,Geoff Adams,2015-03-05,2019-02-04,5,Deputy Director
Geoff Barrett,Geoff Barrett,2018-09-10,2022-01-19,6,Director
Geoff Black,Geoff Black,2014-06-27,2015-06-29,3,Deputy Director
Geoff Burgess,Geoff Burgess,2016-11-03,2024-09-13,3,"Senior Policy Advisor, Transport Canada"
Geoff Crampton,Geoff Crampton,2020-04-23,2020-04-23,1,Assistant Director
Geoff Gartshore,Geoff Gartshore,2024-06-18,2024-09-23,2,"Deputy Consul General, Canada in New York"
Geoff Gunn,Geoff Gunn,2024-03-14,2024-03-14,1,Senior Analyst
Geoff Hall,Geoff Hall,2016-07-29,2021-03-03,5,Director of Operations
Geoff Hare,Geoff Hare,2012-05-16,2014-12-02,2,Chair and CEO
Geoff Kennedy,Geoff Kennedy,2022-10-27,2022-10-27,1,Senior Policy Analyst
Geoff Leblovic,Geoff Leblovic,2011-03-11,2011-03-11,1,"Special Assistant to the Minister, International Trade"
Geoff Macmillan,Geoff Macmillan,2021-08-17,2021-08-17,1,Manager
Geoff Malyk,Geoff Malyk,2014-08-19,2015-07-16,57,Policy Advisor
Geoff Mercer,Geoff Mercer,2015-10-29,2022-08-18,6,Regional Director General
Geoff Munor,Geoff Munor,2011-04-28,2011-04-28,1,Principal Scientist and Assistant Deputy Minister
Geoff Munro,Geoff Munro,2009-01-08,2013-11-08,71,Chief Scientist | Assistant Deputy Minister
Geoff Munroe,Geoff Munroe,2012-02-28,2012-02-28,1,Chief Scientist | Assistant Deputy Minister
Geoff Murphy,Geoff Murphy,2019-02-15,2019-10-30,5,Deputy Director
Geoff Reagan,Geoff Regan,2009-01-28,2015-05-07,13,Member of Parliament
Geoff Regan,Geoff Regan,2009-05-01,2021-07-14,439,Member of Parliament
Geoff Regin,Geoff Regan,2011-02-15,2011-02-15,1,Member of Parliament
Geoff Salomans,Geoff Salomans,2021-05-13,2021-06-10,5,Senior Business Officer
Geoff Salomons,Geoff Salomons,2024-03-18,2024-03-18,1,Senior Program Officer
Geoff Tasker,Geoff Tasker,2020-06-24,2020-06-24,1,Policy Analyst
Geoff Trueman,Geoff Trueman,2010-10-07,2023-06-12,44,Assistant Commissioner
Geoffery Regan,Geoffery Regan,2020-06-25,2020-06-25,1,Member of Parliament
Geoffoire Montpetit,Geoffoire Montpetit,2016-06-06,2016-06-28,2,Chief of Staff
Geoffrey Burgees,Geoffrey Burgees,2023-11-22,2023-11-22,1,"Manager, MHDV Electrification"
Geoffrey Burgess,Geoffrey Burgess,2016-02-02,2025-05-28,14,Manager | Senior Policy Advisor
Geoffrey C Hare,Geoffrey Hare,2013-12-03,2013-12-03,1,Chairman and Chief Executive Officer
Geoffrey C. Hare,Geoffrey Hare,2010-02-16,2014-06-11,7,Chairman and Chief Executive Officer
Geoffrey Chambers,Geoffrey Chambers,2015-01-13,2015-02-02,3,Advisor to the Leader
Geoffrey Coke,Geoffrey Coke,2015-06-09,2015-06-09,1,Tax Policy Officer
Geoffrey Crampton,Geoffrey Crampton,2019-07-31,2022-08-11,5,Chief Information Officer
Geoffrey Gunn,Geoffrey Gunn,2024-09-25,2024-09-25,1,Senior Analyst
Geoffrey Hall,Geoffrey Hall,2011-09-21,2024-08-07,16,"Director, Administration"
Geoffrey Hancock,Geoffrey Hancock,2021-02-23,2021-02-23,1,Western Newfoundland and Labrador Field Unit
Geoffrey Hare,Geoffrey Hare,2009-06-11,2014-12-02,13,Chairman and Chief Executive Officer
Geoffrey Lablovic,Geoffrey Lablovic,2012-04-18,2012-04-18,1,Policy Advisor
Geoffrey Leblevic,Geoffrey Lablovic,2011-10-20,2011-10-20,1,Policy Advisor
Geoffrey Leblovic,Geoffrey Leblovic,2010-03-29,2013-06-26,39,Special Assistant
Geoffrey Lebovich,Geoffrey Leblovic,2013-05-30,2013-05-30,1,Special Assistant
Geoffrey Malyk,Geoffrey Malyk,2015-05-28,2015-05-28,1,Policy Advisor
Geoffrey Mercer,Geoffrey Mercer,2016-08-09,2016-08-09,2,"Associate Regional Director General, Atlantic and Quebec Region"
Geoffrey Murphy,Geoffrey Murphy,2016-05-03,2022-02-09,2,Director General
Geoffrey Oliver,Geoffrey Oliver,2019-01-28,2019-01-28,1,"Director, Policy Analysis and Research"
Geoffrey Rafe Hall,Geoffrey Rafe Hall,2016-10-24,2017-02-09,2,Chief of Staff
Geoffrey Regan,Geoffery Regan,2013-10-24,2013-10-24,1,Member of Parliament
Geoffrey Solomon,Geoffrey Solomon,2023-01-24,2023-01-24,1,Economist
Geoffrey Wilson,Geoffrey Wilson,2018-08-15,2019-07-11,2,President and Chief Executive Officer
Geoffrio Montpetit,Geoffroi Montpetit,2016-11-15,2016-11-15,1,Chief of Staff
Geoffroi Monpetit,Geoffroi Montpetit,2016-03-02,2020-07-24,11,Chief of Staff
Geoffroi Montpetit,Geoffroi Montpetit,2015-12-08,2021-03-10,141,Chief of Staff
Geoffroni Montpetit,Geoffroi Montpetit,2016-04-13,2016-04-13,1,Chief of Staff
Geoffroy Montpetit,Geoffroi Montpetit,2016-02-12,2016-02-23,2,Chief of Staff
Geordie Hogg,Gordie Hogg,2018-06-07,2018-06-07,1,Member of Parliament
Geordie Summars-lubar,Geordie Summars-lubar,2020-11-10,2020-11-10,1,Atlantic Desk
Geordie Summers - Lubar,Geordie Summers - Lubar,2020-03-10,2020-03-10,1,"Special Assistant, Communications and Regional Desk"
Geordie Summers-lubar,Geordie Summers-lubar,2018-09-13,2021-07-20,32,Special Assistant
Geordie Summers-lumbar,Geordie Summers-lumbar,2021-02-08,2021-02-08,1,Policy Advisor
Georganne Burke,Georganne Burke,2012-09-10,2014-10-07,4,"Director, Indigenous Outreach"
George A. Da Pont,George A. Da Pont,2010-08-05,2010-08-05,1,"Vice President, Executive"
George Anai,George Anai,2018-10-24,2018-10-24,1,Assistant Deputy Minister
George Arcand,George Arcand,2011-03-09,2011-03-09,1,Regional Director General
George Arsenigevic,George Arsenigevic,2008-12-16,2008-12-16,1,Deputy Commissioner
George Arsenijevic,George Arsenijevic,2010-05-26,2010-06-29,3,Assistant Commissioner
George Arvanitakis,George Arvanitakis,2016-08-09,2016-08-09,1,"Head, Biotechnology 2 Section"
George Baker,George Baker,2011-03-08,2017-01-31,10,Senator
George Braden,George Braden,2010-08-24,2014-10-29,13,Policy Advisor
George Cah,George Cah,2023-06-05,2023-06-05,1,Member of Parliament
George Chahal,George Chahal,2021-10-21,2025-02-21,335,Member of Parliament
George Chow,George Chow,2019-10-22,2019-10-22,1,"Minister of State, Trade"
George Claydon,George Claydon,2022-04-06,2023-05-16,11,Principal Advisor
George Collier,George Collier,2020-06-02,2022-02-28,3,Acting Manager
George Comeau,George Comeau,2012-11-08,2012-11-08,1,Senator
George Da Point,George Da Pont,2011-11-28,2011-11-28,1,Deputy Minister
George Da Pont,George Da Pont,2008-07-29,2016-01-28,100,Deputy Minister
George Dapont,George Dapont,2010-10-14,2016-01-18,27,President
George De Pont,George Dapont,2015-03-24,2015-03-24,1,President
George Dupont,George Dupont,2012-02-22,2013-05-02,11,President
George Eleftheriou,George Eleftheriou,2024-02-07,2024-02-07,1,Deputy Director
George Enei,George Enei,2008-10-20,2020-11-19,39,Assistant Deputy Minister
George Furey,George Furey,2010-11-18,2023-02-08,24,Senator
George Green,George Green,2013-10-15,2017-01-26,9,Vice President
George Greene,George Greene,2013-10-15,2013-10-15,1,Chief Administrative Officer
George Groeneveld,George Groeneveld,2008-09-05,2008-09-05,1,"Minister, Agriculture and Rural Development"
George Heyman,George Heyman,2019-10-22,2019-10-22,1,"Minister, Environment and Climate Change Strategy"
George Hriscu,George Hriscu,2022-08-30,2024-05-09,3,Acting Regional Deputy Director
George J Furey,George J. Furey,2021-02-15,2021-02-15,1,Speaker of the Senate
George J. Furey,George J. Furey,2016-06-09,2017-11-23,2,Speaker of the Senate
George Kendros,George Kendros,2022-09-20,2024-11-14,8,Physical Sciences Planning Officer
George Kitchen,George Kitchen,2017-03-23,2020-08-18,2,Senior Advisor
George Lepine,George Lepine,2017-04-19,2017-04-19,1,Transportation Security Inspector
George Mawussi,George Mawussi,2023-12-01,2023-12-01,1,"Deputy Director, Trade Portfolio and Strategy"
George Mcclinchey,George Mcclinchey,2016-03-24,2016-03-24,1,Chief of Staff
George Michaliszyn,George Michaliszyn,2008-08-28,2009-03-11,3,Director
George Paisiovich,George Paisiovich,2016-12-02,2022-01-12,2,Staffer
George Pikor,George Pikor,2009-06-29,2009-06-29,1,Special Advisor
George Rae,George Rae,2011-03-22,2024-12-04,147,Senior Policy Advisor
George Ray,George Rae,2011-11-10,2011-11-10,1,Senior Policy Advisor
George Ross,George Ross,2009-10-06,2009-10-06,1,Deputy Minister
George Saibel,George Saibel,2010-03-04,2012-05-22,3,Regional Director General
George Shaw,George Shaw,2008-12-16,2010-05-27,5,Vice President
George Smith,George Smith,2013-05-10,2015-07-21,11,"Director, Leader's Affairs"
George Soule,George Soule,2011-11-30,2012-02-28,3,Leader's Affairs
George W. Rae,George W. Rae,2015-03-24,2015-03-24,1,Director of Policy
George Williams,George Williams,2023-04-05,2024-11-05,9,"Special Assistant, Parliamentary Affairs and Issues"
George Young,George Young,2016-02-23,2022-09-15,138,Chief of Staff
Georges Arseneau,Georges Arseneau,2014-07-02,2020-09-02,5,Regional Director
Georges Beaino,Georges Beaino,2018-08-29,2018-08-29,1,"Analyst, Strategic Initiatives"
Georges Chahal,George Chahal,2022-07-11,2022-07-11,1,Member of Parliament
Georges Enei,Georges Enei,2018-01-18,2018-01-18,1,Assistant Deputy Minister
Georges Lambert,Georges Lambert,2010-10-07,2010-10-07,1,Director
Georges Maechling,Georges Maechling,2023-05-30,2023-05-30,1,Parliamentary Secretary
Georges Rae,Georges Rae,2012-05-18,2012-11-30,2,"Political Advisor, Ministry of Public Security"
Georges Rea,Georges Rea,2012-06-06,2012-06-06,1,Political Advisor
Georges Rioux,Georges Rioux,2011-10-17,2011-12-20,2,"Vice President, Corporate Affairs Branch"
Georges Saibel,Georges Saibel,2009-09-25,2011-12-06,3,Director General
Georgette Habib,Georgette Habib,2008-09-02,2008-09-02,1,Board Member
Georgette Pepper,Georgette Pepper,2023-01-30,2023-01-30,1,Trade Commissioner
Georgette Roy,Georgette Roy,2016-11-22,2018-05-22,5,"Director, Office of Regulatory Affairs"
Georgi Hannas,Georgi Hannas,2023-11-09,2023-11-09,1,Senior Advisor
Georgina Galloway,Georgina Galloway,2018-09-07,2024-05-23,8,Director
Georgina Georgilopoulos,Georgina Georgilopoulos,2022-10-24,2023-09-01,4,Senior Analyst
Georgina Jolibois,Georgina Jolibois,2016-02-01,2019-05-28,30,Member of Parliament
Georgina Lloyd,Georgina Lloyd,2013-10-22,2025-05-28,39,Assistant Deputy Minister
Georgina Llyod,Georgina Lloyd,2020-04-21,2025-03-03,13,Assistant Deputy Minister
Georgina Naismith,Georgina Naismith,2012-07-17,2012-07-17,1,"Manager, Regulations"
Georgina Wainwright-kemdirim,Georgina Wainwright-kemdirim,2016-12-01,2016-12-01,1,Senior Policy Analyst
Gerad Cossette,Gerald Cossette,2017-05-11,2017-05-11,1,Director
Geraint Breeze,Geraint Breeze,2018-09-13,2018-09-13,1,"Senior Director, Investments"
Gerald Butts,Gerald Butts,2014-04-03,2019-01-30,101,Principal Secretary
Gerald C. Comeau,Gerald Comeau,2011-10-04,2011-10-04,1,Senator
Gerald Comeau,Gerald Comeau,2011-02-01,2013-05-29,23,Senator
Gerald Cossette,Gerald Cossette,2009-11-20,2017-05-11,42,Director
Gerald Deltel,Gerard Deltell,2016-12-05,2016-12-05,1,Member of Parliament
Gerald Deltell,Gerard Deltell,2016-12-13,2025-02-13,11,Member of Parliament
Gerald Etienne,Gerald Etienne,2014-01-13,2014-01-13,1,Vice President
Gerald Farthing,Gerald Farthing,2010-12-13,2010-12-13,1,"Deputy Minister, Education"
Gerald Gosselin,Gerald Gosselin,2020-08-25,2025-02-13,8,Director General
Gerald J. Comeau,Gerald Comeau,2010-11-24,2013-03-20,4,Senator
Gerald Keddy,Gerald Keddy,2008-08-14,2015-06-30,187,Member of Parliament
Gerald Kennedy,Gerald Kennedy,2010-11-25,2012-02-13,2,Member of Parliament
Gerald Kenny,Gerald Kenny,2010-11-01,2010-11-01,1,Parliamentary Secretary
Gerald Mcdonald,Gerard Mcdonald,2010-03-08,2013-11-29,9,Assistant Deputy Minister
Gerald Peets,Gerald Peets,2013-08-29,2024-05-22,7,Assistant Deputy Minister
Gerald Ritz,Gerald Ritz,2011-03-22,2012-07-09,4,Member of Parliament
Gerald Soroka,Gerald Soroka,2019-10-25,2024-12-04,151,Member of Parliament
Gerald Sorotka,Gerald Soroka,2020-08-24,2020-08-24,1,Member of Parliament
Geraldine Nardjivanian,Geraldine Nardjivanian,2024-08-09,2024-08-09,1,Assistant Director
Geraldine Underdown,Geraldine Underdown,2014-02-03,2014-02-03,1,"Executive Director, National Search and Rescue Secretariat"
Gerard A Mcdonald,Gerard A Mcdonald,2012-06-06,2012-06-06,1,"Assistant Deputy Minister, Safety and Security"
Gerard A. Mcdonald,Gerard Mcdonald,2010-02-17,2013-12-19,10,Assistant Deputy Minister
Gerard Asselin,Gerard Asselin,2010-09-29,2011-03-02,7,Member of Parliament
Gerard Butts,Gerard Butts,2017-05-08,2017-05-08,1,Principal Secretary
Gerard Cossette,Gerald Cossette,2017-05-03,2017-05-03,1,Director
Gerard Deltel,Gerard Deltell,2017-02-07,2022-10-31,4,Member of Parliament
Gerard Deltell,Gerard Deltell,2016-01-14,2025-06-03,699,Member of Parliament
Gerard Deltelle,Gerard Deltell,2024-02-15,2024-02-15,1,Member of Parliament
Gerard Detltell,Gerard Deltell,2017-10-17,2017-10-17,1,Member of Parliament
Gerard Etienne,Gerard Etienne,2013-04-22,2016-10-14,7,Vice President
Gerard Gerard Deltell,Gerard Gerard Deltell,2016-09-20,2016-09-20,1,Member of Parliament
Gerard Keddy,Gerard Keddy,2010-10-21,2010-10-28,2,Parliamentary Secretary
Gerard Kennedy,Gerard Kennedy,2010-09-20,2013-05-14,20,Member of Parliament
Gerard Lalonde,Gerard Lalonde,2009-01-12,2011-10-12,8,Director of Policy
Gerard Macdonald,Gerard Mcdonald,2008-09-08,2012-04-03,5,Assistant Deputy Minister
Gerard Mcdonald,Gerard Mcdonald,2009-09-15,2014-01-04,119,Assistant Deputy Minister
Gerard Peets,Gerard Peets,2011-11-04,2025-05-30,187,Assistant Deputy Minister
Gerard Peets Gerard Peets,Gerard Peets Gerard Peets,2019-01-29,2019-01-29,1,Assistant Deputy Minister
Gerard Petes,Gerard Petes,2020-09-28,2020-09-28,1,Assistant Deputy Minister
Gerett Rusnak,Gerett Rusnak,2019-03-29,2019-03-29,1,Senior Economic Advisor
Gerit Nieuwoudt,Gerit Nieuwoudt,2014-06-03,2014-06-03,1,"Director of Policy, Minister of Employment and Social Development"
Germain Laigle,Germain Laigle,2023-05-11,2024-02-13,2,Senior Economic Advisor
Gerold Soroka,Gerald Soroka,2020-11-26,2020-11-26,1,Member of Parliament
Gerraard Deltell,Gerard Deltell,2016-11-29,2016-11-29,1,Member of Parliament
Gerrald Deltell,Gerard Deltell,2016-12-12,2016-12-12,1,Member of Parliament
Gerrard Deltell,Gerard Deltell,2016-12-12,2018-10-18,3,Member of Parliament
Gerrard Kennedy,Gerald Kennedy,2010-11-16,2010-11-16,1,Member of Parliament
Gerrard Peets,Gerald Peets,2018-01-26,2021-03-03,4,Assistant Deputy Minister
Gerri Nieuwoudt,Gerri Nieuwoudt,2013-04-08,2013-04-08,1,Director of Policy
Gerri-lynn Dolan,Gerri-lynn Dolan,2020-07-09,2020-07-09,1,Policy Analyst
Gerrit Nienwoudt,Gerrit Nieuwoudt,2014-09-29,2014-09-29,1,Director of Policy
Gerrit Nierwoudt,Gerri Nieuwoudt,2013-04-22,2013-04-22,1,Director of Policy
Gerrit Nieuoudt,Gerri Nieuwoudt,2013-09-27,2013-09-27,1,Director of Policy
Gerrit Nieuwoudt,Gerrit Nieuwoudt,2010-04-28,2015-04-21,148,Director of Policy
Gerrit Nieuwouldt,Gerri Nieuwoudt,2012-11-08,2012-11-08,1,Director of Policy
Gerrit Niewoudt,Gerrit Nieuwoudt,2012-09-25,2014-11-25,3,Director of Policy
Gerrit Van Dorland,Gerrit Van Dorland,2022-10-25,2022-10-25,1,Legislative Assistant
Gerritt Nieuwoudt,Gerrit Nieuwoudt,2013-12-09,2014-09-17,2,Director of Policy
Gerry Breikreuz,Garry Breitkreuz,2011-02-01,2011-02-01,1,Member of Parliament
Gerry Breitkreutz,Garry Breitkreuz,2011-01-27,2011-01-27,2,Member of Parliament
Gerry Breitkreuz,Garry Breitkreuz,2011-02-01,2015-02-25,5,Member of Parliament
Gerry Bryne,Gerry Byrne,2010-11-17,2015-06-10,2,Member of Parliament
Gerry Butts,Gerry Butts,2017-08-15,2017-08-15,1,Principal Secretary to the Prime Minister
Gerry Byrne,Gerry Byrne,2010-09-28,2015-06-09,32,Member of Parliament
Gerry Cancilla,Gerry Cancilla,2015-02-10,2015-02-10,1,LCMM
Gerry Frappier,Gerry Frappier,2018-10-01,2020-01-28,4,Director General
Gerry Gallagher,Gerry Gallagher,2012-11-20,2019-06-13,6,Executive Director
Gerry Germain,Gerry St. Germain,2011-02-09,2011-02-09,1,Senator
Gerry Lalonde,Gerry Lalonde,2011-11-15,2011-11-15,1,Director
Gerry Marques,Gerry Marques,2024-02-13,2025-01-31,2,Operations Manager
Gerry Morrissey,Gerry Morrissey,2021-06-08,2021-06-08,1,"Manager, Community Investment and Official Languages"
Gerry Nera,Gerry Nera,2012-05-16,2019-02-27,6,Director
Gerry Nott,Gerry Nott,2012-06-21,2012-06-21,1,Chief of Staff
Gerry Philippe,Gerry Philippe,2011-02-15,2011-02-15,1,"Constituency Assistant, Minister Cannon"
Gerry Pitz,Gerry Pitz,2013-05-07,2013-05-07,1,Minister
Gerry Raits,Gerry Raits,2014-04-02,2014-04-02,1,Minister
Gerry Ritz,Gerry Ritz,2008-07-07,2017-06-15,821,Minister
Gerry Rtiz,Gerry Rtiz,2016-05-31,2016-05-31,1,Member of Parliament
Gerry Salambier,Gerry Salembier,2013-01-30,2016-06-29,3,Assistant Deputy Minister
Gerry Salembier,Gerry Salembier,2008-07-17,2020-11-13,86,Assistant Deputy Minister
Gerry Salemiber,Gerry Salembier,2017-11-10,2017-11-10,1,Assistant Deputy Minister
Gerry St-germain,Gerry St. Germain,2011-11-02,2012-09-04,3,Senator
Gerry St. Germain,Gerry St. Germain,2010-10-01,2012-10-17,11,Senator
Gerry St.germain,Gerry St. Germain,2011-02-16,2011-02-23,3,Senator
Gerry Thom,Gerry Thom,2017-02-03,2017-02-03,1,Acting President
Gerry Xie,Gerry Xie,2024-11-13,2024-11-13,1,"Policy Advisor, Prairies"
Gerstein Irving,Gerstein Irving,2012-02-06,2012-02-06,1,Senator
Gert De Boeverm,Gert De Boeverm,2024-12-09,2024-12-09,1,Senior Investment Officer
Gertrude Zagler,Gertrude Zagler,2023-12-28,2023-12-28,1,"Director, Labour Programs"
Gervais Colombe,Gervais Colombe,2022-02-17,2022-02-17,1,"Senior Director, Excise Taxation and Litigation"
Gervais Coulombe,Gervais Coulombe,2016-09-22,2024-03-19,32,"Senior Director, Excise Taxation and Legislation"
Gervais Marc,Gervais Marc,2017-09-20,2017-09-20,1,"Director, Parliamentary Affairs and Issues Management"
Gery Ritz,Gery Ritz,2011-03-10,2012-01-13,2,Member of Parliament
Gery Syroteuk,Gery Syroteuk,2023-09-03,2023-09-03,1,"Director, Strategic Partnering"
Gevevieve Tanguay,Gevevieve Tanguay,2016-07-15,2016-07-15,1,Vice President
Ghada Abid,Ghada Abid,2023-04-17,2024-09-26,10,Legislative Assistant
Ghazal Zazai,Ghazal Zazai,2024-11-04,2024-11-04,1,Policy Analyst
Ghislain Blanchard,Ghislain Blanchard,2012-05-16,2016-03-22,12,Director General
Ghislain Chenier,Ghislain Chenier,2014-05-08,2014-05-08,1,Issues Manager
Ghislain Ethier,Ghislain Ethier,2015-01-12,2017-05-31,15,Advisor
Ghislain Lalime,Ghislain Lalime,2016-06-07,2016-06-07,1,Senior Regulatory Development Engineer
Ghislain Maltais,Ghislain Maltais,2012-02-06,2019-04-09,53,Senator
Ghislain Sauve,Ghislain Sauve,2017-04-18,2021-03-23,2,Director General
Ghislaine Charlebois Saikaley,Ghislaine Charlebois Saikaley,2013-09-13,2013-09-18,2,Assistant Commissioner
Ghislaine Lalonde,Ghislaine Lalonde,2017-06-19,2017-06-19,1,"Deputy Chief Financial Officer, Corporate Resource Management"
Ghislaine Saikaley,Ghislaine Saikaley,2013-10-23,2020-02-03,8,Assistant Commissioner
Ghislaine Tremblay,Ghislaine Tremblay,2018-03-29,2018-03-29,1,"Assistant Commissioner, Compliance Assurance Branch"
Ghungsen Leung,Ghungsen Leung,2014-12-04,2014-12-04,1,Member of Parliament
Ghyslain Ethier,Ghislain Ethier,2015-02-25,2015-02-25,2,Advisor
Ghyslaine Cote,Ghyslaine Cote,2020-07-06,2020-07-06,1,Director General
Gian-andrea Lacombe,Gian-andrea Lacombe,2024-12-05,2024-12-05,1,Policy Advisor
Gian-luca Porcari,Gian-luca Porcari,2023-08-31,2023-08-31,1,"Technical Advisor, Harmonization and Special Initiatives"
Gianaluca Cairo,Gianluca Cairo,2017-02-15,2017-02-15,1,Chief of Staff
Giancarlo Cairo,Giancarlo Cairo,2017-10-06,2018-10-23,3,Chief of Staff
Giancarlo Luca,Giancarlo Luca,2019-06-17,2019-06-17,1,Chief of Staff
Giancula Cairo,Gianluca Cairo,2017-03-10,2017-03-10,1,Chief of Staff
Gianluca Cairo,Gianluca Cairo,2015-12-09,2019-07-31,386,Chief of Staff
Gianluca Cario,Gianluca Cairo,2016-11-10,2018-11-06,2,Chief of Staff
Gianluca Ciaro,Gianluca Cairo,2017-11-08,2019-06-21,2,Chief of Staff
Gianluca Gianluca,Gianluca Gianluca,2019-06-16,2019-06-16,1,Chief of Staff
Gianluca Tatone,Gianluca Tatone,2022-08-09,2024-11-15,21,"Senior Manager, Executive Operations"
Gianluco Cairo,Gianluca Cairo,2016-02-16,2016-02-16,1,Chief of Staff
Gianni Caravaggio,Gianni Caravaggio,2017-10-18,2017-10-18,1,Research Scientist
Gianni Rossi,Gianni Rossi,2013-08-06,2013-08-06,1,Program Officer
Gibby Armstrong,Gibby Armstrong,2016-10-20,2016-10-20,1,"Executive Director, Industrial Division"
Gigand Sikand,Gagan Sikand,2016-03-08,2016-03-08,1,Member of Parliament
Gigi Ho,Gigi Ho,2023-02-15,2024-03-19,5,Senior Business Officer
Gigi Mandy,Gigi Mandy,2017-01-24,2017-01-24,1,Director
Gigi Osler,Gigi Osler,2022-11-22,2024-11-26,13,Senator
Gilbert Ghantous,Gilbert Ghantous,2022-03-16,2022-03-16,1,Manager
Gilbert Masin,Gilbert Masin,2011-05-06,2011-09-30,7,Senior Investment Analyst
Giles Anthony,Giles Anthony,2019-12-04,2019-12-04,1,"Assistant Deputy Minister, Policy, Dispute Resolution and International Affairs"
Giles Morrell,Giles Morrell,2013-01-15,2013-01-15,2,"Manager, Oil and Gas Regulatory Affairs | Petroleum Geologist"
Giles Norman,Giles Norman,2022-06-09,2022-06-10,2,Ambassador to Serbia
Giles Patry,Giles Patry,2015-07-13,2015-07-13,1,President
Giles Rivard,Giles Rivard,2011-06-20,2011-06-20,1,Ambassador and Deputy Permanent Representative
Giles Saindon,Gilles Saindon,2019-06-26,2019-06-26,1,Assistant Deputy Minister
Gill Gaggan,Gill Gaggan,2014-12-02,2014-12-02,1,"Senior Special Assistant, Multiculturalism"
Gilles Couturier,Gilles Couturier,2015-11-24,2016-04-27,2,"Commander, MARPAC"
Gilles Doucet,Gilles Doucet,2009-06-14,2009-06-14,1,"Advisor, Research and Development"
Gilles Duceppe,Gilles Duceppe,2009-03-26,2011-03-02,22,Member of Parliament
Gilles Dufour,Gilles Dufour,2023-05-30,2023-05-30,1,Director General
Gilles Froment,Gilles Froment,2012-11-20,2012-11-20,1,Senior Director
Gilles Gauthier,Gilles Gauthier,2009-02-24,2017-05-16,93,Director General and Chief Agriculture Negotiator
Gilles J. Brunet,Gilles J. Brunet,2008-07-07,2008-07-07,2,Economic Development Program Advisor
Gilles Leclerc,Gilles Leclerc,2011-11-29,2021-07-15,25,Director General
Gilles Lusier,Gilles Lusier,2023-05-16,2023-05-16,1,"Manager, Highway Engineering Services"
Gilles Martin,Gilles Martin,2009-11-30,2011-11-22,4,Commissioner
Gilles Martins,Gilles Martin,2012-11-20,2012-11-20,1,Commissioner
Gilles Mcdougall,Gilles Mcdougall,2010-02-25,2013-05-16,2,Secretary General
Gilles Mercier,Gilles Mercier,2009-05-05,2010-08-27,4,Acting Director
Gilles Moreau,Gilles Moreau,2013-04-05,2013-08-02,2,Assistant Commissioner
Gilles P. Vinet,Gilles P. Vinet,2009-09-24,2009-09-24,1,"Vice President, Program Development"
Gilles Patry,Gilles Patry,2016-04-01,2017-04-27,6,President and CEO
Gilles Pelletier,Gilles Pelletier,2017-03-08,2017-03-08,8,"Director General, Regional Operations"
Gilles Saindon,Gilles Saindon,2010-01-18,2025-05-28,110,Assistant Deputy Minister
Gilles Sarrazin,Gilles Sarrazin,2017-09-18,2018-09-25,7,"Advisor, Technology"
Gilles Seutin,Gilles Seutin,2023-03-08,2023-03-08,1,Chief Scientist
Gilles Theriault,Gilles Theriault,2021-03-05,2022-08-19,4,Senior Program Advisor
Gilles Vinet,Gilles Vinet,2012-04-12,2014-12-10,2,Vice President
Gillespie Ian,Gillespie Ian,2022-01-24,2022-01-24,1,"Director, Temporary Resident Policy"
Gillian Andrews,Gillian Andrews,2011-02-09,2012-11-22,3,Policy Advisor
Gillian Cardillo,Gillian Cardillo,2021-07-07,2023-03-10,3,Program Officer
Gillian Dawson,Gillian Dawson,2022-03-03,2022-03-03,1,"Senior Director, Transformation and Transparency"
Gillian Ferguson,Gillian Ferguson,2019-02-11,2019-02-22,2,Constituency Assistant
Gillian Frost,Gillian Frost,2021-10-19,2021-10-19,1,Executive Director
Gillian Grant,Gillian Grant,2014-04-09,2024-11-26,6,"Advisor, Transport"
Gillian Hanson,Gillian Hanson,2016-02-16,2017-05-19,18,"Special Assistant, Western Canada"
Gillian Harris,Gillian Harris,2024-01-29,2024-01-29,1,Senior Analyst
Gillian Hatko,Gillian Hatko,2023-10-17,2024-05-24,4,Senior Program Engineer
Gillian Johnson,Gillian Johnson,2009-12-01,2010-11-24,2,Executive Assistant to the Minister
Gillian Moore,Gillian Moore,2022-12-14,2025-02-24,4,Manager
Gillian Nycom,Gillian Nycom,2016-02-19,2016-02-19,1,Special Assistant and Office Manager
Gillian Nycum,Gillian Nycum,2016-03-07,2016-12-07,6,Staffer
Gillian Ouimet,Gillian Ouimet,2017-09-28,2017-09-28,2,Policy Analyst
Gillian Owens,Gillian Owens,2016-11-01,2016-11-01,1,"Director, Education, Child Protection and Gender Equality"
Gillian Pranke,Gillian Pranke,2019-07-08,2025-02-03,21,Assistant Commissioner
Gillian Prendergast,Gillian Prendergast,2011-02-09,2011-02-09,1,Executive Assistant
Gillian Shields,Gillian Shields,2020-07-20,2020-08-21,2,Grant Officer
Gillian Sullivan,Gillian Sullivan,2023-09-11,2025-01-29,4,Analyst
Gillian Swan,Gillian Swan,2019-11-27,2019-11-27,1,Policy and Program Specialist
Gillian Wan,Gillian Wan,2018-03-08,2018-03-08,1,"Director, IRCC Settlement Network – Ontario Region"
Gillian Webster,Gillian Webster,2022-03-11,2024-04-10,5,Senior Policy Advisor
Gillian White,Gillian White,2019-02-11,2022-10-13,2,Director of Policy
Gillies Leclerc,Gillies Leclerc,2013-02-25,2013-02-25,1,Acting President
Gillis Kelly,Gillis Kelly,2014-07-17,2014-07-17,1,Senior Assistant Deputy Minister
Gina Byrne,Gina Byrne,2022-01-13,2023-01-26,3,"Chief, Member Risk and Resolution"
Gina Charos,Gina Charos,2017-08-15,2020-12-21,6,Director General
Gina Howell,Gina Howell,2018-06-25,2018-06-25,1,Director
Gina Lum,Gina Lum,2024-07-09,2024-07-09,1,"Acting Director, Human Resources"
Gina Mettalic,Gina Mettalic,2023-02-06,2023-02-17,2,Senior Manager
Gina Petrakos,Gina Petrakos,2009-02-25,2009-02-25,1,Executive Assistant
Gina Rallis,Gina Rallis,2011-03-18,2013-06-21,5,Assistant Deputy Minister
Gina Sinclair,Gina Sinclair,2013-05-23,2016-11-23,6,Director
Gina Smith,Gina Smith,2018-11-26,2018-11-26,1,Executive Director
Gina Watson,Gina Watson,2018-06-18,2018-06-18,1,"Deputy Director, International Assistance Research and Knowledge"
Gina Wilson,Gina Wilson,2010-03-23,2025-04-14,98,Deputy Minister
Ginette Brazeau,Ginette Brazeau,2011-06-08,2019-02-20,6,Chairperson
Ginette C. Petitpas Taylor,Ginette C. Petitpas Taylor,2017-09-27,2018-11-16,2,"Minister, Health"
Ginette Clarke,Ginette Clarke,2024-03-05,2024-09-20,2,"Manager, Institutional and Community Mental Health Services"
Ginette Gagnon,Ginette Gagnon,2013-05-09,2014-05-13,3,Parliamentary Assistant
Ginette Gervais,Ginette Gervais,2016-07-13,2016-07-13,2,"Manager, Data Methods and Analysis Unit"
Ginette Pattipas-taylor,Ginette Pattipas-taylor,2016-02-23,2016-02-23,1,Member of Parliament
Ginette Pepitas Taylor,Ginette Petitpas Taylor,2018-03-19,2018-03-19,1,"Minister, Health"
Ginette Petipas,Ginette Petipas,2017-02-16,2017-02-16,1,Parliamentary Secretary
Ginette Petipas Taylor,Ginette Petitpas Taylor,2016-11-15,2019-07-15,6,"Minister, Health"
Ginette Petipas-taylor,Ginette Petitpas Taylor,2016-03-08,2018-09-24,3,"Minister, Health"
Ginette Petirpas Taylor,Ginette Petitpas Taylor,2016-02-02,2016-02-02,1,"Minister, Health"
Ginette Petitipas Taylor,Ginette Petitpas Taylor,2018-08-20,2023-03-13,2,"Minister, Health"
Ginette Petitipas-taylor,Ginette Petitpas Taylor,2016-11-29,2016-11-29,1,"Minister, Health"
Ginette Petitpas,Ginette Petitpas,2016-02-02,2016-02-02,3,Member of Parliament
Ginette Petitpas Taylor,Ginette Petitpas Taylor,2015-11-07,2025-03-05,316,"Minister, Health"
Ginette Petitpas Taylow,Ginette C. Petitpas Taylor,2019-02-04,2019-02-04,1,"Minister, Health"
Ginette Petitpas-taylor,Ginette Petitpas Taylor,2016-02-18,2025-02-28,69,"Minister, Health"
Ginette Petitpastaylor,Ginette Petitpas Taylor,2016-05-02,2016-05-02,1,"Minister, Health"
Ginette Petitspas Taylor,Ginette Petitpas Taylor,2019-05-14,2019-05-14,1,"Minister, Health"
Ginette Pettipas Taylor,Ginette Petitpas Taylor,2018-07-17,2018-11-02,3,"Minister, Health"
Ginette Pettipas-taylor,Ginette Petitpas Taylor,2017-05-08,2018-08-21,2,"Minister, Health"
Ginette Pettypas Taylor,Ginette Petitpas Taylor,2018-04-05,2018-04-05,1,"Minister, Health"
Ginette Taylor,Ginette Taylor,2017-06-05,2017-06-05,1,Parliamentary Secretary
Ginette Tognet,Ginette Tognet,2016-06-07,2016-06-07,1,Director
Ginette Tremblay,Ginette Tremblay,2020-02-18,2020-02-18,1,Senior Advisor
Ginetter Petitpas-taylor,Ginette Petitpas Taylor,2017-03-07,2017-03-07,1,"Minister, Health"
Gingras Alain,Gingras Alain,2022-05-13,2022-05-13,1,Head
Gini Bethell,Gini Bethell,2018-03-21,2019-06-17,4,Assistant Deputy Minister
Ginnette Pettipas,Ginnette Pettipas,2022-01-05,2022-01-05,1,Member of Parliament
Ginny Flood,Ginny Flood,2008-07-02,2011-11-22,8,Director General
Gino Castonguay,Gino Castonguay,2018-06-28,2018-06-28,1,Chief Grain Inspector
Gino Cateau,Gino Cateau,2019-04-09,2019-04-09,2,Deputy Managing Director
Gino Dufour,Gino Dufour,2016-11-23,2016-11-23,1,"Associate Director, Operations"
Giokas Greg,Giokas Greg,2012-04-25,2012-04-25,1,Director General
Giovanna Roma,Giovanna Roma,2020-01-29,2020-01-29,1,"Senior Desk Officer, Estonia, Latvia, Lithuania, Poland, Europe Bilateral and EU Institutions"
Giovanni Prato,Giovanni Prato,2016-04-14,2016-04-14,1,"Consul General, Canada in New York"
Giraldez Roxana,Giraldez Roxana,2024-03-11,2024-03-28,2,"Advisor, Economic Development"
Girdon Voogd,Girdon Voogd,2020-07-16,2020-07-16,1,Manager
Girouard Louise,Girouard Louise,2011-07-21,2011-07-21,1,"Director, Policy and Stakeholder Relations"
Gisele Yasmeen,Gisele Yasmeen,2008-11-28,2013-01-30,13,"Vice President, Partnerships"
Giselle Ananny,Giselle Ananny,2022-04-25,2023-05-05,4,Deputy Director
Giselle Marasco,Giselle Marasco,2023-09-25,2023-09-25,1,"Director General, Infrastructure Security Operations"
Gislain Maltais,Ghislain Maltais,2016-03-08,2017-04-05,2,Senator
Gita Nayeri,Gita Nayeri,2020-04-10,2022-05-31,7,Senior Advisor
Gitane De Silva,Gitane De Silva,2020-08-24,2023-05-18,12,Chief Executive Officer
Giuanluca Cairo,Gianluca Cairo,2017-08-28,2017-08-28,1,Chief of Staff
Giuliana Endrizzi,Giuliana Endrizzi,2023-09-15,2024-10-23,5,Legislative Assistant
Giuliana Natale,Giuliana Natale,2016-08-17,2023-05-24,6,Director
Giulianna Endrizzi,Giulianna Endrizzi,2024-10-11,2024-10-11,1,Legislative Advisor and Parliamentary Assistant
Giuliano Tolusso,Giuliano Tolusso,2009-07-09,2024-11-21,8,Deputy Director
Giuseppe Basile,Giuseppe Basile,2022-07-18,2022-07-19,2,"Director, Case Management Division"
Giuseppe Esposito,Giuseppe Esposito,2020-09-22,2020-09-22,1,Senior Innovation Advisor
Giuseppe Ivan Sestini,Giuseppe Ivan Sestini,2024-02-27,2024-10-31,2,Legislative Assistant
Giuseppe Ramacieri,Giuseppe Ramacieri,2021-05-12,2021-05-12,1,"Director, Land Requirements 2-3"
Giuseppe Sestini,Giuseppe Sestini,2023-05-10,2024-12-03,5,Legislative Assistant
Gizem Eras,Gizem Eras,2017-10-04,2024-06-19,4,"Counsellor, Agriculture and Fisheries"
Glad Boyce,Glad Boyce,2011-03-07,2011-05-17,6,Economic Development Officer
Glanda Yates,Glenda Yeates,2012-12-03,2012-12-03,1,Deputy Minister
Glasha Obrekht,Glasha Obrekht,2021-06-16,2023-05-31,9,Director
Glen Bornais,Glen Bornais,2016-08-22,2016-08-22,1,Assistant Director
Glen Burley,Glen Burley,2019-02-26,2019-02-26,1,Staffer
Glen Cambell,Glen Campbell,2020-06-09,2020-06-09,1,Assistant Deputy Minister
Glen Campbell,Glen Campbell,2014-09-16,2022-10-18,17,Assistant Deputy Minister
Glen Hargrove,Glen Hargrove,2018-10-25,2024-07-31,31,Assistant Deputy Minister
Glen Linder,Glen Linder,2022-10-27,2024-06-11,8,Assistant Deputy Minister
Glen Mason,Glenn Mason,2013-05-06,2019-10-08,6,Assistant Deputy Minister
Glen Mcpherson,Glen Mcpherson,2011-10-27,2018-02-12,4,Deputy Director
Glen Motz,Glen Motz,2016-08-15,2025-06-11,207,Member of Parliament
Glen Murray,Glen Murray,2012-01-04,2012-01-04,1,Safety Evaluator
Glen Nakamura,Glen Nakamura,2017-05-26,2017-05-26,1,Senior Policy Manager
Glen Pearson,Glen Pearson,2008-07-10,2016-08-04,15,Member of Parliament
Glen Perves,Glen Perves,2022-10-20,2022-10-20,1,Assistant Deputy Minister
Glen Purves,Glen Perves,2021-11-17,2021-11-17,1,Assistant Deputy Minister
Glen Stephens,Glen Stephens,2017-09-25,2017-09-25,1,"Manager, Land and Water Resources"
Glen Thibault,Glen Thibeault,2012-05-09,2014-10-16,2,Member of Parliament
Glen Thibeault,Glen Thibeault,2010-10-19,2014-06-05,8,Member of Parliament
Glen Williamson,Glen Williamson,2014-04-09,2014-04-09,1,Honorary Consul General
Glenda Restoule,Glenda Restoule,2013-04-30,2021-01-18,2,Director
Glenda Taylor,Glenda Taylor,2018-05-17,2020-06-08,5,Director
Glenda Yates,Glenda Yates,2011-03-27,2013-07-05,4,"Deputy Minister, Health"
Glenda Yeates,Glenda Yeates,2009-08-05,2013-06-14,108,Deputy Minister
Glenn Benoy,Glenn Benoy,2024-01-19,2024-01-19,1,"Director, Sciences and Engineering"
Glenn Burley,Glen Burley,2019-02-26,2019-02-26,1,Staffer
Glenn Campbell,Glenn Campbell,2014-09-25,2023-12-18,222,Assistant Deputy Minister
Glenn Furlong,Glenn Furlong,2020-07-07,2021-05-17,2,National Relationship Manager
Glenn Gilmour,Glenn Gilmour,2018-12-17,2018-12-17,1,Senior Assistant Deputy Minister
Glenn Glenn Mason,Glenn Glenn Mason,2013-05-09,2013-05-09,1,Director General
Glenn Hargrove,Glenn Hargrove,2013-11-01,2025-04-22,286,Assistant Deputy Minister
Glenn Hodgson,Glenn Hodgson,2016-10-28,2016-10-28,1,"Assistant Deputy Minister, Financial Sector"
Glenn Mason,Glenn Mason,2009-04-28,2020-05-21,146,Assistant Deputy Minister
Glenn Motz,Glenn Motz,2017-08-04,2024-08-22,11,Member of Parliament
Glenn Murray,Glenn Murray,2016-03-15,2024-11-20,2,Acting National Manager
Glenn Pearson,Glen Pearson,2011-03-02,2011-03-02,1,Member of Parliament
Glenn Purves,Glenn Purves,2016-06-23,2023-07-10,177,Assistant Deputy Minister
Glenn Purvis,Glenn Purvis,2023-02-17,2023-02-17,1,Assistant Deputy Minister
Glenn Sheskay,Glenn Sheskay,2023-01-03,2023-10-04,6,General Counsel
Glenn Thbeault,Glen Thibeault,2012-03-07,2012-03-07,1,Member of Parliament
Glenn Thibault,Glen Thibeault,2011-09-20,2013-04-22,4,Member of Parliament
Glenn Thibeault,Glenn Thibeault,2010-09-28,2014-12-02,157,Member of Parliament
Glenn Zyzanski,Glenn Zyzanski,2025-01-23,2025-01-23,1,First Secretary
Glenne Grossman,Glenne Grossman,2023-11-17,2023-11-17,1,Advisor
Gloria Falk,Gloria Falk,2016-03-24,2016-03-24,1,Acting Director
Gloria Hache,Gloria Hache,2015-11-11,2015-11-11,1,NMSO Team
Gloria Wiseman,Gloria Wiseman,2015-07-20,2019-02-28,5,Director
Gloria Wong,Gloria Wong,2024-10-22,2024-11-20,2,Director
Glover Barbara,Glover Barbara,2009-12-04,2009-12-04,1,Acting Assistant Deputy Minister
Glover Paul,Glover Paul,2009-05-11,2009-05-11,1,Assistant Deputy Minister
Glyn Chancey,Glyn Chancey,2008-07-11,2015-02-26,6,Executive Director
Glyn Chauncey,Glyn Chancey,2014-03-25,2014-03-25,1,Executive Director
Godin Joel,Godin Joel,2025-03-12,2025-03-12,1,Member of Parliament
Godin Yvon,Godin Yvon,2010-09-29,2010-09-29,1,Member of Parliament
Godon Hogg,Gordon Hogg,2019-04-25,2019-04-25,1,Member of Parliament
Goeff Malyk,Geoff Malyk,2014-10-16,2014-10-16,1,Policy Advisor
Goerge Collier,Goerge Collier,2023-10-03,2023-10-03,1,Manager
Goffroi Montpetit,Geoffroi Montpetit,2018-03-13,2018-03-13,1,Chief of Staff
Gonzague Gueranger,Gonzague Gueranger,2016-02-02,2016-12-09,2,"Director General, Planning Research and Statistic Branch"
Goodale Ralph,Goodale Ralph,2015-01-28,2015-01-28,1,Member of Parliament
Goodie Hutchings,Gudie Hutchins,2016-03-14,2016-03-14,1,Member of Parliament
Goodman Sarah,Goodman Sarah,2018-03-01,2018-03-01,1,Policy Advisor
Goodnough Kristen,Goodnough Kristen,2021-06-11,2021-06-11,1,Executive Director
Goodyear Bradley,Goodyear Bradley,2024-09-26,2024-09-26,1,Director General
Goodyear Gary,Goodyear Gary,2013-03-05,2013-03-05,1,Minister of State
Goran Pesic,Goran Pesic,2008-07-28,2009-10-21,18,Policy Advisor
Goran Pesik,Goran Pesik,2009-07-27,2009-07-27,1,Policy Advisor
Goran Samuel Pesic,Goran Samuel Pesic,2009-03-12,2009-09-02,4,Policy Advisor
Goran Vlajnic,Goran Vlajnic,2024-12-12,2024-12-12,1,Science and Technology Advisor
Goran Vragovic,Goran Vragovic,2017-03-24,2021-02-12,2,Director General
Gorazd Ruseski,Gorazd Ruseski,2012-08-21,2025-01-30,9,Director General
Gord Brown,Gord Brown,2009-06-11,2018-05-01,187,Member of Parliament
Gord Doonan,Gord Doonan,2013-08-14,2013-08-14,1,"Chief, Animal Welfare"
Gord Hogg,Gord Hogg,2018-05-23,2018-10-18,2,Member of Parliament
Gord Johns,Gord Johns,2016-01-27,2025-06-10,317,Member of Parliament
Gord Mackintosh,Gord Mackintosh,2014-10-30,2014-10-30,1,"Minister, Conservation and Water Stewardship"
Gord Mcinstosh,Gord Mcinstosh,2011-06-02,2011-06-02,1,"Minister, Consumer Affairs"
Gord Mcintosh,Gord Mcinstosh,2011-02-17,2011-02-17,1,"Minister, Consumer Affairs"
Gord Owen,Gord Owen,2008-07-02,2008-07-02,1,"Director General, Energy and Transport"
Gord Roberts,Gord Roberts,2019-01-11,2019-01-11,1,Director
Gord Venner,Gord Venner,2009-04-14,2015-08-06,4,"Assistant Deputy Minister, Policy"
Gordana Krcevinac,Gordana Krcevinac,2009-10-01,2018-09-05,4,Executive Director
Gordeon O'connor,Gordeon Oconnor,2013-05-30,2013-05-30,1,Member of Parliament
Gordie Hogg,Gordie Hogg,2018-02-05,2019-06-19,74,Member of Parliament
Gordon Boissoneault,Gordon Boissoneault,2016-10-06,2016-10-06,1,"Chief, Indigenous Affairs"
Gordon Boissonneault,Gordon Boissonneault,2016-10-06,2016-10-06,2,Senior Advisor
Gordon Bown,Gordon Bown,2013-05-02,2013-05-02,1,Member of Parliament
Gordon Brown,Gord Brown,2009-10-02,2018-05-01,83,Member of Parliament
Gordon Cameron,Gordon Cameron,2012-01-30,2022-06-29,2,"Senior Desk Officer, Saudi Arabia"
Gordon Campbell,Gordon Campbell,2011-10-11,2014-09-03,11,High Commissioner
Gordon Chestnut,Gordon Chestnut,2014-10-01,2014-10-01,1,"Senior Advisor, Forest Sector Controls"
Gordon Henry,Gordon Henry,2018-04-18,2018-04-18,1,Acting National Manager
Gordon Hogg,Gordon Hogg,2018-01-31,2019-05-16,10,Member of Parliament
Gordon Houston,Gordon Houston,2013-06-04,2013-06-04,1,"Chair, Tanker Safety Expert Panel"
Gordon Johns,Gord Johns,2016-03-09,2022-09-27,5,Member of Parliament
Gordon Jolly,Gordon Jolly,2023-05-05,2023-05-05,1,Executive Director
Gordon Kenny,Gordon Kenny,2023-02-23,2023-11-08,3,"Director, Service Delivery, Central"
Gordon Kopp,Gordon Kopp,2017-09-08,2017-09-08,1,National Operations Specialist
Gordon Lenjosek,Gordon Lenjosek,2009-02-03,2009-02-03,1,"Director, Retirement and Ageing Division"
Gordon Matthew,Gordon Matthew,2017-07-18,2017-07-18,1,"Senior Analyst, Equity, Banking Sector"
Gordon Miles,Gordon Miles,2016-08-10,2016-12-20,3,Chief Operating Officer
Gordon Mitchell,Gordon Mitchell,2020-08-07,2020-12-16,2,Senior Economic Policy Analyst
Gordon O'connor,Gordon Oconnor,2009-02-12,2014-01-22,16,Member of Parliament
Gordon O`connor,Gordon O`connor,2010-10-19,2010-10-19,1,Government Whip
Gordon Owen,Gordon Owen,2014-01-30,2014-01-30,1,Chief Enforcement Officer
Gordon Platt,Gordon Platt,2013-07-24,2024-01-09,3,Senior Advisor
Gordon Roberts,Gordon Roberts,2009-03-05,2019-02-28,5,Senior Advisor
Gordon Travis,Gordon Travis,2018-11-06,2020-01-30,2,Policy Advisor
Gordon Venner,Gordon Venner,2008-11-17,2020-02-20,31,Associate Deputy Minister
Gordon Voogd,Gordon Voogd,2024-06-04,2024-06-04,1,Acting Director
Gordon Ward,Gordon Ward,2008-12-04,2008-12-04,1,"Director, Aerospace Equipment Program Management (Research and Combat Systems)"
Gorgui Ciss,Gorgui Ciss,2024-05-28,2024-05-28,1,"Ambassador, Republic of Senegal to Canada"
Gorrell Fred,Gorrell Fred,2018-12-10,2020-02-04,2,Assistant Deputy Minister
Gothaman Kurusami,Gowthaman Kurusamy,2024-03-26,2024-03-26,1,"Regional Advisor, Ontario"
Goudie Hutchings,Gudie Hutchins,2017-05-09,2017-05-09,1,Member of Parliament
Gougeon Gregory,Gougeon Gregory,2019-06-06,2019-06-06,1,Legislative Assistant
Gould Karina,Gould Karina,2016-11-28,2016-11-28,1,Parliamentary Secretary
Goveia Stephanie,Goveia Stephanie,2016-11-14,2016-11-14,1,Policy Advisor
Gowthaman Kurasamy,Gowthaman Kurasamy,2022-03-08,2023-11-11,2,Director of Operations
Gowthaman Kurasmy,Gowthaman Kurasamy,2022-09-22,2022-09-22,1,Director of Operations
Gowthaman Kurusamy,Gowthaman Kurusamy,2018-10-15,2024-12-03,140,"Regional Advisor, Ontario"
Grace A Dieu Lushando,Grace A Dieu Lushando,2024-12-20,2024-12-20,1,Parliamentary Assistant
Grace Chen,Grace Chen,2022-08-15,2022-08-15,1,Advisor
Grace Corona Salinas,Grace Corona Salinas,2021-07-26,2021-07-26,1,Executive Assistant to the Director General
Grace Gong,Grace Gong,2024-02-13,2024-02-13,1,Policy Advisor
Grace Harrison,Grace Harrison,2018-05-11,2018-05-11,1,Scientific Advisor
Grace Hodder,Grace Hodder,2019-05-01,2020-05-21,4,Economic Development Advisor
Grace Howland,Grace Howland,2017-09-12,2021-01-27,2,"Head, Mining and Metal Processing"
Grace Kim,Grace Kim,2016-11-10,2022-10-07,3,Regional Director
Grace Lee,Grace Lee,2024-03-25,2024-03-25,1,Political and Public Affairs Counsellor
Grace Mckeown,Grace Mckeown,2010-01-15,2010-05-31,2,"Special Assistant, Minister of Canadian Heritage and Official Languages"
Grace Seear,Grace Seear,2014-06-19,2021-06-17,5,Chief of Staff
Grace Tahhan,Grace Tahhan,2024-01-16,2024-10-30,2,Senior Trade Policy Officer
Grace Van Fleet,Grace Van Fleet,2023-09-28,2023-09-28,1,Acting Director
Grace Zhou,Grace Zhou,2021-06-16,2021-06-16,1,Research Officer
Gracen Johnson,Gracen Johnson,2023-05-18,2023-05-18,1,Senior Specialist
Graciela Hernandez-cruz,Graciela Hernandez-cruz,2017-10-31,2017-10-31,1,Policy Officer
Graeme Andrews,Graeme Andrews,2019-07-04,2021-06-20,9,Policy Advisor
Graeme Carpenter,Graeme Carpenter,2011-03-01,2011-03-01,1,Legislative Assistant
Graeme Clark,Graeme Clark,2019-10-22,2024-11-04,13,Ambassador of Canada to Mexico
Graeme Hamilton,Graeme Hamilton,2022-10-03,2022-10-03,1,Executive Director
Graeme Hampshire,Graeme Hampshire,2022-11-08,2022-11-15,2,Project Director
Graeme Littlemore,Graeme Littlemore,2023-03-09,2023-03-09,1,Legislative Assistant
Graeme Parker,Graeme Parker,2023-10-04,2023-10-04,1,Senior Advisor
Graeme Simpson,Graeme Simpson,2022-10-04,2022-10-04,1,Senior Policy Analyst
Grahaem Howell,Grahaem Howell,2010-02-01,2010-02-01,1,Senior Special Assistant
Graham Alexis,Graham Alexis,2022-12-02,2022-12-02,1,"Director, Social Immigration Policy and Programs"
Graham Allen,Graham Allen,2017-11-08,2017-11-08,1,Policy Analyst
Graham Barr,Graham Barr,2009-04-01,2018-10-29,2,Assistant Deputy Minister
Graham Campbell,Graham Campbell,2008-07-10,2008-09-05,2,Director General
Graham Dattels,Graham Dattels,2019-03-18,2023-06-14,7,"Director, Global Affairs Canada"
Graham Flack,Graham Flack,2008-10-22,2024-01-25,212,Deputy Minister
Graham Fox,Graham Fox,2022-04-06,2022-04-06,2,Junior Research Analyst
Graham Fraser,Graham Fraser,2008-12-02,2016-05-10,24,Commissioner of Official Languages
Graham Howell,Graham Howell,2009-03-10,2015-07-20,289,Policy Advisor
Graham Howells,Graham Howells,2014-06-26,2014-06-26,1,Senior Policy Advisor
Graham Mcintyre,Graham Mcintyre,2024-11-27,2024-11-27,1,Policy Advisor
Graham Milner,Graham Milner,2017-07-13,2021-08-06,22,"Director, Parliamentary Affairs"
Graham O'brian,Graham Obrian,2024-03-21,2024-03-21,1,Special Assistant
Graham O'brien,Graham Obrien,2018-09-10,2025-02-05,22,"Director, Parliamentary Affairs"
Graham Page,Graham Page,2019-08-08,2024-10-22,6,Senior Advisor
Graham Powell,Graham Powell,2014-06-26,2014-06-26,1,Policy Advisor
Graham Shantz,Graham Shantz,2013-02-14,2016-11-29,10,Director General
Graham Shentz,Graham Shentz,2012-09-26,2012-09-26,1,Director General
Graham Stinson,Graham Stinson,2025-05-22,2025-05-22,1,"Director, Forest Information"
Graham Taylor,Graham Taylor,2015-05-13,2018-03-22,24,"Director, Supervision"
Grahame Johnson,Grahame Johnson,2019-05-09,2025-03-25,136,Assistant Deputy Minister
Grahame Rivers,Grahame Rivers,2019-01-30,2019-03-19,2,"Director, Application Development and Database and Data Administration"
Grand Nash,Grand Nash,2012-12-10,2012-12-10,1,Chief Principal
Grant Hogg,Grant Hogg,2016-05-04,2025-05-26,24,Director
Grant Lynds,Grant Lynds,2023-02-09,2023-04-12,5,Senior Advisor
Grant Manuge,Grant Manuge,2010-09-15,2012-11-20,8,Associate Assistant Deputy Minister
Grant Michell,Grant Mitchell,2019-05-28,2019-05-28,1,Senator
Grant Mictchell,Grant Mitchell,2018-12-04,2018-12-04,1,Senator
Grant Mitchel,Grant Mitchell,2016-04-19,2017-11-21,3,Senator
Grant Mitchell,Grant Mitchell,2009-05-13,2020-03-12,343,Senator
Grant Nash,Grant Nash,2008-08-13,2017-05-25,19,Chief Principal
Grant Sullivan,Grant Sullivan,2023-11-02,2023-11-02,1,"Director General, Industrial Research Assistance Program"
Grant Wescott,Grant Westcott,2014-11-03,2014-11-03,1,Chief Operating Officer
Grant Westcott,Grant Westcott,2011-10-13,2015-02-03,16,Chief Operating Officer
Grant Winton,Grant Winton,2021-02-17,2023-01-13,4,Deputy Director
Grant Woods,Grant Woods,2022-05-06,2022-05-06,1,"Manager, Science Partnerships"
Gravelle Claude,Gravelle Claude,2012-06-22,2012-06-22,1,Member of Parliament
Gray Shanahan,Gray Shanahan,2012-05-14,2014-12-10,5,Director of Policy
Grayson Shanahan,Grayson Shanahan,2009-09-23,2013-04-29,6,Director of Policy
Greene,Greene,2018-09-24,2018-09-24,1,Senator
Greene Raine,Greene Raine,2016-11-03,2016-11-03,1,Senator
Greg Appleyard,Greg Appleyard,2022-09-09,2022-09-09,1,Director
Greg Barley,Greg Barley,2023-06-20,2024-10-30,4,"Director, Parliamentary Affairs"
Greg Bunghardt,Greg Bunghardt,2023-03-06,2023-03-06,1,Director
Greg Burton,Greg Burton,2015-05-20,2015-05-20,1,"Director, Land Requirements Coordination"
Greg Carreau,Greg Carreau,2012-12-17,2025-01-21,26,Director General
Greg Cowper,Greg Cowper,2015-02-19,2019-06-17,5,"Managing Director, Policy, Insurance and Emerging Risk"
Greg Da Re,Greg Da Re,2022-09-15,2022-09-16,2,Regional Director
Greg Denton,Greg Denton,2014-04-03,2014-04-03,1,Constituency Assistant
Greg Fegus,Greg Fegus,2017-09-13,2017-09-13,1,Member of Parliament
Greg Fergis,Greg Fegus,2016-01-15,2016-01-15,1,Member of Parliament
Greg Fergus,Greg Fergus,2015-11-25,2025-01-30,533,Member of Parliament
Greg Fiddy,Greg Fiddy,2013-04-29,2013-04-29,1,Strategic Advisor to the Chief of Staff
Greg Flato,Greg Flato,2022-03-21,2025-03-12,2,Director
Greg Frame,Greg Frame,2024-02-26,2024-09-09,2,Issues Manager and Assistant to the Parliamentary Secretary
Greg Furges,Greg Fegus,2018-08-22,2018-08-22,1,Member of Parliament
Greg Furgus,Greg Fergus,2016-02-17,2019-05-09,3,Member of Parliament
Greg Giokas,Greg Giokas,2008-07-29,2012-04-25,2,Director General
Greg Gordon,Greg Gordon,2015-04-01,2015-04-01,1,Policy Advisor
Greg Graves,Greg Graves,2023-10-10,2023-10-10,1,Senior Policy Strategist
Greg Greg Meredith,Greg Greg Meredith,2016-04-22,2016-04-22,1,Assistant Deputy Minister
Greg Henry,Greg Henry,2018-05-29,2018-05-29,1,Economist
Greg Hornby,Greg Hornby,2022-11-30,2022-11-30,1,Resource Manager
Greg Howard,Greg Howard,2013-03-18,2015-05-25,4,Special Assistant
Greg Iman,Greg Iman,2009-05-05,2009-05-05,1,Policy Advisor
Greg Inman,Greg Inman,2009-04-21,2010-04-08,10,Senior Policy Advisor
Greg Jack,Greg Jack,2014-02-12,2014-02-12,1,Executive Director
Greg Keenan,Greg Keenan,2017-05-18,2017-05-18,1,Deputy Minister
Greg Kenney,Greg Kenney,2022-08-19,2022-11-21,3,Assistant Deputy Minister
Greg Kenny,Greg Kenney,2022-08-19,2022-08-19,1,Assistant Deputy Minister
Greg Kerr,Greg Kerr,2009-10-29,2015-06-11,30,Member of Parliament
Greg Koenderman,Greg Koenderman,2015-03-11,2015-03-11,1,Policy Advisor
Greg Kung,Greg Kung,2014-06-03,2014-11-27,4,Parliamentary Secretary Assistant
Greg Kyllo,Greg Kyllo,2022-07-13,2022-07-13,1,Member of Parliament
Greg Lamarre,Greg Lamarre,2019-08-23,2019-08-23,1,Director General
Greg Lang,Greg Lang,2015-02-27,2021-08-18,3,"Director, Major Case"
Greg Loerts,Greg Loerts,2022-05-24,2023-06-27,10,Parliamentary Assistant
Greg Loos,Greg Loos,2017-10-23,2017-10-23,1,"Major General, Cyber Force Commander"
Greg Loyst,Greg Loyst,2018-12-12,2025-04-22,8,Director General
Greg Macdougall,Greg Macdougall,2014-11-06,2018-06-20,14,Policy Advisor and Special Assistant
Greg Macfarland,Greg Macfarland,2009-04-28,2009-04-28,1,Special Assistant
Greg Macfarlane,Greg Macfarlane,2009-01-08,2014-10-27,11,Policy Advisor
Greg Maclean,Greg Mclean,2020-03-09,2021-03-25,3,Member of Parliament
Greg Macmillan,Greg Macmillan,2022-01-27,2022-01-27,1,Director General
Greg Mann,Greg Mann,2024-09-24,2024-09-24,1,Trade Commissioner
Greg Matte,Greg Matte,2008-07-16,2008-07-16,1,"Director, Air Requirements"
Greg Mcclinchey,Greg Mcclinchey,2010-11-19,2016-07-13,14,Chief of Staff
Greg Mcfarelane,Greg Mcfarelane,2013-10-29,2013-10-29,1,"Policy Advisor, Energy, Environment and Infrastructure"
Greg Mcfarlane,Greg Mcfarlane,2008-10-29,2015-06-18,312,Policy Advisor
Greg Mcfarlene,Greg Mcfarlane,2013-11-27,2013-11-27,1,Policy Advisor
Greg Mckay,Greg Mckay,2016-02-23,2021-04-09,4,"Senior Assistant Deputy Minister, Service Delivery and Management"
Greg Mclean,Greg Mclean,2019-11-19,2025-03-06,436,Member of Parliament
Greg Merdith,Greg Merdith,2016-02-25,2016-02-25,1,Assistant Deputy Minister
Greg Meredith,Greg Meredith,2008-07-08,2016-12-06,335,Assistant Deputy Minister
Greg Meredity,Greg Merdith,2008-07-21,2008-07-21,1,Assistant Deputy Minister
Greg Meridith,Greg Meridith,2008-07-08,2016-07-20,12,Assistant Deputy Minister
Greg Noseworthy,Greg Noseworthy,2022-02-22,2025-02-06,8,Atlantic Desk
Greg Orencsak,Greg Orencsak,2019-09-19,2025-05-29,51,Deputy Minister
Greg Orenscak,Greg Orencsak,2024-09-19,2024-09-19,1,Deputy Minister
Greg Orenscsak,Greg Orencsak,2024-10-15,2024-10-15,1,Deputy Minister
Greg Peterson,Greg Peterson,2020-03-04,2022-10-18,16,Assistant Chief Statistician
Greg Petetson,Greg Peterson,2020-02-12,2020-02-12,1,Assistant Chief Statistician
Greg Rampley,Greg Rampley,2020-04-29,2024-04-03,3,"Director, Bioproducts and Supply Chain"
Greg Reade,Greg Reade,2016-09-28,2025-05-15,167,Assistant Deputy Minister
Greg Rickford,Greg Rickford,2010-09-27,2015-07-20,149,Minister
Greg Rowden,Greg Rowden,2020-12-18,2021-05-13,6,Constituency Assistant
Greg Selinger,Greg Selinger,2011-07-07,2011-07-07,1,Premier of Manitoba
Greg Sheppard,Greg Sheppard,2024-04-23,2024-04-23,1,"Economic Development Officer, Communities and Inclusive Growth"
Greg Sibley,Greg Sibley,2022-01-14,2023-01-16,2,Parliamentary Assistant
Greg Smith,Greg Smith,2012-11-06,2018-02-08,3,Senior Analyst
Greg Smolynec,Greg Smolynec,2019-03-22,2022-08-29,5,Deputy Commissioner
Greg Spence,Greg Spence,2022-08-11,2022-08-11,1,Acting Director
Greg Stamp,Greg Stamp,2021-05-10,2021-05-10,1,Account Manager
Greg Stubbings,Greg Stubbings,2013-01-10,2013-01-10,1,Director
Greg Taylor,Greg Taylor,2012-11-22,2016-06-15,6,Chief Public Health Officer
Greg Thompson,Greg Thompson,2008-12-23,2011-03-09,7,Member of Parliament
Greg Trippenbach,Greg Trippenbach,2015-02-24,2015-02-24,1,"Vice President, Sector"
Greg Willner,Greg Willner,2019-02-01,2019-02-01,1,"Executive Vice President, Legal Services and Corporate Secretary"
Greg Wolff,Greg Wolff,2016-01-25,2018-08-16,3,"Director, Strategic Plant Health"
Greg Wootton,Greg Wootton,2010-06-08,2010-06-08,1,Director
Greg Zawadski,Greg Zawadski,2017-08-29,2017-08-29,1,"Director, National Air Services Policy"
Greg Zuliani,Greg Zuliani,2024-02-08,2024-02-08,1,Chief of Programme Coordination
Gregg Burton,Gregg Burton,2015-04-09,2015-04-09,1,Lieutenant Colonel
Gregg Dahl,Gregg Dahl,2015-09-29,2016-09-02,2,Senior Policy Advisor
Gregg Erwin,Gregg Erwin,2009-01-16,2009-01-16,1,Senior Competition Law Officer
Gregg Matthews,Gregg Matthews,2022-06-29,2022-06-29,1,Senior Policy Advisor
Gregg Walker,Gregg Walker,2023-10-23,2023-10-23,1,Fire Scientist
Gregoire Baribeau,Gregoire Baribeau,2015-03-24,2021-01-28,2,Senior Economic Advisor
Gregoire Carriere,Gregoire Carriere,2024-12-10,2024-12-10,1,Staffer to Senator
Gregoire Legault,Gregoire Legault,2017-03-21,2017-03-21,1,"Senior Desk Officer, ASEAN"
Gregoire Marc,Gregoire Marc,2013-06-14,2013-06-14,1,Commissioner
Gregoire Webber,Gregoire Webber,2016-09-29,2018-02-02,8,Legal Affairs Advisor
Gregor Robertson,Gregor Robertson,2025-05-21,2025-06-03,6,"Minister, Housing and Infrastructure"
Gregory Barley,Gregory Barley,2023-07-25,2023-07-25,1,Special Assistant
Gregory Bunghardt,Gregory Bunghardt,2023-08-02,2024-01-09,2,Director
Gregory Cederwall,Gregory Cederwall,2019-09-17,2019-11-08,5,Senior Trade Policy Officer
Gregory Flato,Gregory Flato,2022-03-22,2022-03-31,2,Senior Research Scientist
Gregory Frame,Gregory Frame,2023-05-09,2024-08-26,7,Parliamentary Secretary
Gregory Gordon,Gregory Gordon,2013-03-07,2015-04-01,2,Policy Advisor
Gregory Israelstam,Gregory Israelstam,2009-04-28,2009-04-28,1,Counsel
Gregory Jack,Gregory Jack,2011-10-27,2013-04-22,3,Director
Gregory Kratzig,Gregory Kratzig,2024-11-05,2025-01-09,2,"Director, Research and Strategic Partnerships"
Gregory Kung,Gregory Kung,2013-11-04,2015-03-24,8,Parliamentary Secretary Assistant
Gregory Lemermeyer,Gregory Lemermeyer,2009-10-29,2021-07-15,3,Director
Gregory Lick,Gregory Lick,2015-01-13,2019-01-23,6,Director General
Gregory Loerts,Gregory Loerts,2021-05-20,2023-04-26,11,Parliamentary Assistant
Gregory Loos,Gregory Loos,2015-01-05,2015-01-05,1,Commander
Gregory Macdonald,Gregory Macdonald,2024-06-19,2024-06-19,1,"Counsellor, Agriculture"
Gregory Macfarlane,Gregory Macfarlane,2009-09-22,2009-09-22,1,Special Assistant
Gregory Mcclinchey,Gregory Mcclinchey,2013-09-17,2017-02-13,4,Chief of Staff
Gregory Mcfarlane,Gregory Mcfarlane,2008-11-18,2014-02-10,54,Special Assistant
Gregory Modler,Gregory Modler,2021-02-04,2021-02-04,1,Director General's Office
Gregory Morrison,Gregory Morrison,2013-05-23,2013-05-23,2,Staffer
Gregory Noseworthy,Gregory Noseworthy,2023-11-29,2024-11-01,4,Regional Advisor
Gregory Radych,Gregory Radych,2023-03-21,2024-04-10,2,Program Manager
Gregory Richardson,Gregory Richardson,2024-05-01,2024-05-01,1,"Manager, Extreme Heat Program"
Gregory Rickford,Gregory Rickford,2014-07-04,2014-07-04,1,Minister
Gregory Sharun,Gregory Sharun,2022-03-08,2022-03-08,1,Assistant Director
Gregory Sibley,Gregory Sibley,2022-01-25,2023-10-16,9,Legislative Assistant
Gregory Smith,Gregory Smith,2018-08-14,2025-02-12,17,Director
Gregory Smolynec,Gregory Smolynec,2018-12-11,2024-12-05,60,Deputy Commissioner
Gregory Smolynech,Gregory Smolynech,2020-10-01,2020-11-05,2,Deputy Privacy Commissioner of Canada
Gregory Smolynek,Gregory Smolynek,2019-05-16,2019-05-16,1,Deputy Privacy Commissioner
Gregory Stroud,Gregory Stroud,2024-07-30,2024-07-30,1,Superintendent
Gregory Taylor,Gregory Taylor,2011-06-03,2016-12-09,38,Chief Public Health Officer
Gregory Thompson,Gregory Thompson,2009-03-24,2009-04-21,2,"Minister, Veterans Affairs"
Gregory Trippenbash,Gregory Trippenbash,2018-03-28,2018-03-28,1,"Director, Strategic Accounts"
Gregory Wolff,Gregory Wolff,2020-10-22,2024-06-27,2,Senior Director
Grenier Isabelle,Grenier Isabelle,2022-10-12,2022-10-12,1,"Senior Advisor, Regional Affairs"
Greta Bossenmaier,Greta Bossenmaier,2012-11-21,2014-03-14,6,Senior Associate Deputy Minister
Greta Drapeau,Greta Drapeau,2018-02-22,2018-02-22,1,Constituency Assistant
Greta Levy,Greta Levy,2013-02-14,2013-02-14,1,Legislative Assistant
Griffen Marsh,Griffin Marsh,2020-02-06,2022-02-03,2,Director of Policy
Griffin Kelly,Griffin Kelly,2020-12-16,2025-02-06,64,Director of Policy
Griffin March,Griffin March,2020-03-24,2020-03-24,1,Special Assistant
Griffin Marsh,Griffin Marsh,2018-10-04,2023-04-13,243,Director of Policy
Griffin Mash,Griffin March,2021-05-20,2021-05-20,1,Special Assistant
Griffith Hawkins,Griffith Hawkins,2022-05-25,2022-05-25,1,Program Officer
Griffyn Chezenko,Griffyn Chezenko,2020-10-20,2020-10-20,1,Executive Assistant
Grine Rafik,Grine Rafik,2021-05-28,2021-05-28,1,Policy Advisor
Grubb Daniel,Grubb Daniel,2016-10-24,2018-07-10,3,"Special Assistant, Regional Economic Development"
Gs Piche,Gs Piche,2018-03-07,2018-03-07,1,Assistant Deputy Minister
Guari Sreenivassen,Guari Sreenivassen,2013-06-19,2013-06-19,1,"Director, Parliamentary Affairs"
Gudie Hutching,Gudie Hutchins,2020-06-30,2020-06-30,2,Member of Parliament
Gudie Hutchings,Gudie Hutchings,2016-01-27,2025-02-27,392,Member of Parliament
Gudie Hutchins,Gudie Hutchins,2018-10-16,2024-11-26,3,Member of Parliament
Gudrid Hutchings,Gudrid Hutchings,2017-05-19,2020-06-30,5,Member of Parliament
Guennadi Kroupnik,Guennadi Kroupnik,2016-08-04,2024-10-30,7,"Director General, Space Exploitation"
Gugere Alain,Gugere Alain,2012-02-13,2012-02-13,1,Member of Parliament
Guide Hutchings,Guide Hutchings,2017-04-12,2017-04-12,1,Member of Parliament
Guilallaume Julien,Guilallaume Julien,2018-02-07,2018-02-07,1,Senior Policy Advisor
Guilame Beslisle,Guilame Beslisle,2024-05-01,2024-05-01,1,"Director, Stakeholder Relations"
Guilaume Julien,Guillame Julien,2018-02-28,2018-02-28,1,"Policy Advisor, Quebec"
Guilbault Steven,Guilbeault Steven,2021-02-01,2021-02-01,1,"Minister, Canadian Heritage"
Guilbeault Steven,Guilbeault Steven,2021-02-01,2021-02-01,3,"Minister, Canadian Heritage"
Guilermo Rishchynski,Guillermo Rischynski,2008-09-26,2008-09-26,1,Ambassador
Guilherme Matos,Guilherme Matos,2022-07-26,2022-07-27,2,Trade Commissioner Assistant
Guillame Julien,Guillame Julien,2016-09-15,2017-11-21,27,"Policy Advisor, Quebec"
Guillame Poliquin,Guillame Poliquin,2020-07-02,2020-07-02,1,"Assistant Director General, National Microbiology Laboratory"
Guillaume Belisle,Guillaume Belisle,2022-07-13,2024-12-05,7,Senior Project Leader
Guillaume Bertand,Guillaume Bertand,2023-11-20,2023-11-20,1,"Director, Quebec Outreach and Strategy"
Guillaume Bertrand,Guillaume Bertrand,2023-01-10,2025-02-21,49,"Director, Quebec Outreach and Strategy"
Guillaume Besile,Guillaume Besile,2024-11-20,2024-11-20,1,Director General
Guillaume Beslisle,Guillaume Belisle,2024-12-04,2024-12-04,1,Senior Project Leader
Guillaume Boissy,Guillaume Boissy,2024-07-11,2024-07-11,1,Commercial Delegate
Guillaume Castonguay,Guillaume Castonguay,2019-04-01,2024-04-17,5,Manager
Guillaume Cote,Guillaume Cote,2021-06-24,2025-02-20,5,Director
Guillaume Couillard,Guillaume Couillard,2014-02-28,2024-08-08,7,Executive Director
Guillaume Coulliard,Guillaume Coulliard,2023-10-06,2023-10-06,1,Acting Executive Director
Guillaume Cournoyer,Guillaume Cournoyer,2024-01-24,2024-07-15,6,Deputy Director
Guillaume Dumas,Guillaume Dumas,2021-06-23,2021-07-14,4,Press Secretary
Guillaume Freire,Guillaume Freire,2019-12-10,2025-02-27,27,Parliamentary Assistant
Guillaume Guitard-lortie,Guillaume Guitard-lortie,2021-10-13,2024-05-27,2,"Manager, Intergovernmental Cooperation"
Guillaume Juilien,Guillaume Juilien,2017-07-18,2017-07-18,1,"Policy Advisor, Quebec"
Guillaume Julien,Guillaume Julien,2016-05-11,2022-05-09,271,"Policy Advisor, Quebec"
Guillaume Jullen,Guillaume Jullen,2018-03-28,2018-03-28,1,Senior Policy Advisor
Guillaume Lefebvre,Guillaume Lefebvre,2016-12-07,2017-04-04,2,Strategic Program Analyst
Guillaume Normandin,Guillaume Normandin,2017-06-29,2023-08-10,19,Policy and Communication Advisor
Guillaume Pelletier,Guillaume Pelletier,2024-04-23,2024-04-23,1,"Senior Engineer, Program Officer, Smelters, Cement and Mining Section"
Guillaume Poliquin,Guillaume Poliquin,2020-07-02,2023-07-18,6,Vice President
Guillaume Rousseau,Guillaume Rousseau,2019-12-09,2022-02-08,7,Parliamentary Secretary
Guillaume Vincent,Guillaume Vincent,2021-04-30,2021-07-07,2,Manager
Guillermo Freire,Guillermo Freire,2021-10-06,2023-08-03,4,Vice President and Head of Structured and Project Finance
Guillermo Friere,Guillermo Friere,2019-02-20,2019-04-01,2,"Vice President, Structured and Project Finance"
Guillermo Julian,Guillermo Julian,2018-01-17,2018-01-17,1,Special Assistant
Guillermo Ordorica-garcia,Guillermo Ordorica-garcia,2021-09-14,2021-11-15,3,Director General
Guillermo Renna,Guillermo Renna,2021-06-11,2021-06-11,1,Policy Researcher
Guillermo Rischynski,Guillermo Rischynski,2008-11-17,2008-11-28,2,Ambassador
Guillermo Rishchynski,Guillermo Rishchynski,2008-12-17,2014-05-01,2,Ambassador to the United Nations
Guillume Julien,Guillume Julien,2017-10-25,2017-10-25,1,Senior Policy Advisor to the Minister of Natural Resources
Guilmette Josee,Guilmette Josee,2023-06-14,2023-06-14,1,"Director, Government Affairs"
Guimond Luke,Guimond Luke,2024-12-23,2024-12-23,1,"Director, Parliamentary Affairs"
Guiseppe Esposito,Giuseppe Esposito,2020-09-22,2020-09-22,1,Senior Innovation Advisor
Gul Jafri,Gul Jafri,2017-04-20,2017-04-20,1,Senior Program Officer
Gulaine Roy,Gulaine Roy,2008-10-29,2008-10-29,1,Assistant Deputy Minister
Gulamhussein Faizel,Gulamhussein Faizel,2020-02-20,2020-02-20,1,Director of Policy
Gunraj Gill,Gunraj Gill,2016-10-04,2016-10-04,1,Executive Assistant
Guo,Guo,2021-06-20,2021-06-20,1,Regional Manager
Gupreet Vining,Gurpreet Vinning,2017-09-21,2017-09-21,1,"Policy Advisor and Special Assistant, Western Canada"
Gupreet Vinning,Gupreet Vinning,2016-02-18,2016-02-23,3,Policy Advisor
Gurbanx Malhi,Gurbax Malhi,2011-03-01,2011-03-01,1,Member of Parliament
Gurbax Malhi,Gurbax Malhi,2011-02-01,2011-03-03,5,Member of Parliament
Gurdeep Vinning,Gurdeep Vinning,2016-03-29,2016-03-29,1,"Minister, Infrastructure and Communities"
Gurjiven Sandhu,Gurjiven Sandhu,2020-08-10,2025-02-05,57,Director of Policy
Gurleen Chahal,Gurleen Chahal,2025-03-21,2025-03-21,1,Industry Analyst
Gurpeet Vinning,Gurpeet Vinning,2016-09-20,2016-09-20,1,Policy Advisor
Gurpreet Bolina,Gurpreet Bolina,2024-11-06,2024-11-06,1,Advisor
Gurpreet S. Vinning,Gurpreet S. Vinning,2017-06-01,2017-06-01,1,"Policy Advisor and Special Assistant, Western Canada and the Territories"
Gurpreet Vining,Gurpreet Vining,2017-11-21,2017-11-21,1,Political Advisor
Gurpreet Vinning,Gurpreet Vinning,2016-01-25,2018-05-23,118,"Policy Advisor and Special Assistant, Western Canada"
Gurpreet Vinnint,Gurpreet Vinnint,2016-09-20,2016-09-20,1,Special Advisor
Gursahiba Lamba,Gursahiba Lamba,2022-12-13,2023-03-14,3,Economist
Gurusankar Saravanbhavan,Gurusankar Saravanbhavan,2018-12-20,2018-12-20,1,Environmental Health Scientist
Gurveen Chad,Gurveen Chad,2016-12-14,2017-11-21,3,Policy Advisor
Gurveen Chada,Gurveen Chada,2016-02-24,2018-03-29,11,Policy Advisor
Gurveen Chadh,Gurveen Chadh,2018-02-22,2018-02-22,1,Director of Policy
Gurveen Chadha,Gurveen Chadha,2015-06-11,2018-06-22,361,Policy Advisor
Gurveen Chadra,Gurveen Chadra,2016-07-18,2017-04-18,6,Policy Advisor to the Minister of Transport
Gurveen Chanda,Gurveen Chadha,2016-09-07,2016-09-07,1,Policy Advisor
Gurveen Chandra,Gurveen Chadha,2016-02-03,2016-02-03,1,Policy Advisor
Gus Labbe,Gus Labbe,2010-03-04,2010-03-04,1,LCMM ISS Contract
Gustav Niklas Ekstrom,Gustav Niklas Ekstrom,2021-07-07,2023-02-23,3,Research Advisor
Guveen Chadha,Gurveen Chada,2016-04-20,2016-04-20,1,Policy Advisor
Guy Andre,Guy Andre,2010-10-26,2011-03-02,7,Member of Parliament
Guy Banville,Guy Banville,2016-11-01,2016-11-01,1,Deputy Director
Guy Baron,Guy Baron,2010-05-06,2012-06-27,3,"Director General, Federal Mediation and Conciliation Service"
Guy Beaupre,Guy Beaupre,2010-02-05,2013-03-28,8,Director General
Guy Berthiaume,Guy Berthiaume,2018-11-06,2018-11-06,1,Librarian and Archivist of Canada
Guy Bigonesse,Guy Bigonesse,2014-06-10,2014-06-10,1,Director
Guy Boileau,Guy Boileau,2019-12-12,2024-08-28,3,Senior Trade Commissioner
Guy Boyd,Guy Boyd,2012-06-11,2012-06-11,1,"Executive Director, Government Operations"
Guy Bujold,Guy Bujold,2020-10-15,2020-12-16,6,Bio Manufacturing Implementation Team
Guy Caron,Guy Caron,2011-07-28,2019-06-26,299,Member of Parliament
Guy Carron,Guy Caron,2016-02-04,2016-04-19,2,Member of Parliament
Guy Charron,Guy Charron,2016-12-22,2016-12-22,1,"Director General, Information Management"
Guy Doiron,Guy Doiron,2021-11-30,2021-11-30,1,"Acting Senior Director, Aerospace Equipment"
Guy Gallant,Guy Gallant,2014-08-27,2025-06-04,223,Chief of Staff
Guy Giguere,Guy Giguere,2014-08-29,2014-08-29,1,Chair and CEO
Guy Giorno,Guy Giorno,2008-07-10,2009-04-09,3,Chief of Staff
Guy Giroux,Guy Giroux,2017-07-11,2017-08-30,3,Senior Trade Policy Officer
Guy Lafrance,Guy Lafrance,2020-07-03,2020-07-03,1,Director General
Guy Laliberte,Guy Laliberte,2021-06-03,2021-06-16,2,"Advisor, Industrial Technology"
Guy Lauzon,Guy Lauzon,2009-03-30,2021-03-04,68,Member of Parliament
Guy Lemieux,Guy Lemieux,2020-09-11,2020-09-11,1,Advisor
Guy Levesque,Guy Levesque,2011-08-24,2018-10-23,28,Senior Policy Advisor
Guy Mc Kenzie,Guy Mc Kenzie,2013-05-08,2013-06-18,2,"Deputy Minister, Economic Development Agency of Canada"
Guy Mckenzie,Guy Mckenzie,2010-04-08,2013-06-18,9,Deputy Minister
Guy Monnette,Guy Monnette,2009-12-30,2009-12-30,1,Director
Guy Morgan,Guy Morgan,2018-01-16,2018-01-16,2,Director
Guy Morissette,Guy Morissette,2015-06-11,2015-06-11,1,Director
Guy Parent,Guy Parent,2011-10-27,2018-04-09,4,Veterans Ombudsman
Guy Proulx,Guy Proulx,2008-10-16,2008-10-16,1,"Assistant Commissioner, Taxpayer Services and Debt Management"
Guy Renaud,Guy Renaud,2008-09-26,2008-09-26,1,Chief Financial Officer
Guy Robin,Guy Robin,2013-06-13,2013-06-13,1,Director of Policy
Guy Saint Jacques,Guy Saint Jacques,2011-11-14,2011-11-14,1,Chief Negotiator and Ambassador for Climate Change
Guy Saint-jacques,Guy Saint-jacques,2010-03-18,2016-08-12,29,Chief Negotiator and Ambassador for Climate Change
Guy Smith,Guy Smith,2012-10-29,2013-12-03,2,Judicial Affairs Advisor
Guy St-jacques,Guy St-jacques,2011-07-07,2015-02-17,4,"Ambassador, Canada to China"
Guy St. Jacques,Guy St. Jacques,2009-01-19,2012-03-23,7,Deputy Head of Mission
Guy St. Pierre,Guy St. Pierre,2008-12-01,2008-12-01,1,President and CEO
Guy Thibault,Guy Thibault,2008-11-19,2015-07-02,7,VCDS
Guy Vezina,Guy Vezina,2020-05-15,2025-05-21,3,Director General
Guyaline Lecoutier,Guyaline Lecoutier,2011-10-17,2011-10-17,2,Deputy Chief of Staff
Guylain Thorne,Guylain Thorne,2020-02-24,2022-10-06,4,"Deputy Director General, Heritage"
Guylaine Boies,Guylaine Boies,2021-03-15,2021-03-15,1,Manager
Guylaine Carriere,Guylaine Carriere,2020-05-13,2024-02-20,6,Senior Director
Guylaine Couteur,Guylaine Couteur,2011-09-08,2011-12-14,4,Deputy Chief of Staff | Director of Policy
Guylaine F Roy,Guylaine Roy,2011-10-25,2020-01-23,9,Assistant Deputy Minister
Guylaine F. Roy,Guylaine Roy,2011-11-04,2019-08-27,14,Assistant Deputy Minister
Guylaine Lecouteur,Guylaine Lecouteur,2011-11-24,2011-11-24,1,Deputy Chief of Staff and Senior Policy Advisor
Guylaine Neault,Guylaine Neault,2023-07-07,2024-11-15,6,Advisor
Guylaine Normandin,Guylaine Normandin,2019-07-10,2019-07-10,2,Senior Policy Analyst
Guylaine Proulx,Guylaine Proulx,2018-03-13,2018-03-13,1,Constituency Assistant
Guylaine Roy,Guylaine Roy,2008-07-07,2021-04-07,95,Assistant Deputy Minister
Guylene Clair,Guylene Clair,2021-11-30,2021-11-30,1,Legal Officer
Guyliane Roy,Guyliane Roy,2015-06-29,2015-06-29,1,Assistant Deputy Minister
Gwen Boniface,Gwen Boniface,2017-02-09,2025-06-11,39,Senator
Gwen Goodier,Gwen Goodier,2017-04-20,2020-10-20,6,Director General
Gwen Hamilton,Gwen Hamilton,2021-10-21,2021-10-21,1,Senior Trade Policy Officer
Gwen Keating,Gwen Keating,2018-02-15,2018-02-15,1,Industry Sector Specialist
Gwenaelle Sartre,Gwenaelle Sartre,2011-03-14,2011-03-14,1,Analyst
Gwendolyn Carver,Gwendolyn Carver,2022-12-01,2022-12-01,1,Policy Advisor
Gwendolyn Culver,Gwendolyn Culver,2022-08-25,2024-11-21,22,Special Assistant
Gweneth Thirlwell,Gweneth Thirlwell,2010-11-25,2011-02-24,7,Policy Advisor
Gweneth Thirwell,Gweneth Thirlwell,2010-11-23,2010-12-01,3,Policy Advisor
Gwenneth Thirlwell,Gweneth Thirlwell,2010-11-24,2010-11-25,2,Policy Advisor
Gwyneth Kurtz,Gwyneth Kurtz,2014-03-24,2014-03-24,1,Ambassador
Gwyneth Kutz,Gwyneth Kutz,2014-03-24,2020-04-01,2,Director General
Gwyneth Thirlwell,Gwyneth Thirlwell,2010-12-15,2010-12-15,1,"Policy Advisor, Office of the Leader of the Opposition"
Gyslain Maltais,Ghislain Maltais,2012-03-07,2012-03-07,3,Senator
