raw name,cleaned name,first_appearance,last_appearance,count,title
E Souillar,E Souillar,2017-05-26,2017-05-26,1,Advisor
E Van Der Velden,E Van Der Velden,2017-12-08,2017-12-08,1,Director
E. Dreeshen,Ed Dreeshan,2011-03-01,2011-03-01,1,Member of Parliament
E. Kormarnicki,Ed Kormarnicki,2011-03-01,2011-03-01,1,Member of Parliament
Eaine Hood,Eaine Hood,2018-10-23,2018-10-23,1,Director General
Eammon Horan-lunney,Eamonn Horan-lunney,2023-05-30,2023-08-23,2,Chief of Staff
Eammonn Horan-lunney,Eamonn Horan-lunney,2023-07-24,2023-07-24,1,Chief of Staff
Eamon Horan-lunney,Eamonn Horan-lunney,2016-05-31,2016-05-31,1,Chief of Staff
Eamon Mcguinty,Eamonn Mcguinty,2022-06-02,2022-06-02,1,Senior Policy Advisor
Eamon Schwartz,Eamon Schwartz,2022-11-15,2022-11-15,1,Atlantic Regional Advisor
Eamonn Horan-lunney,Eamonn Horan-lunney,2016-03-24,2023-07-13,14,Chief of Staff
Eamonn Horon-lunney,Eamonn Horon-lunney,2016-05-04,2016-05-04,1,Legislative Assistant
Eamonn Mcginty,Eamonn Mcginty,2022-02-03,2022-02-08,2,Advisor to Minister of the Environment
Eamonn Mcguinty,Eamonn Mcguinty,2022-01-18,2025-05-27,406,Senior Policy Advisor
Eamonn Mcgunity,Eamonn Mcguinty,2022-06-02,2022-06-02,1,Senior Policy Advisor
Eamonn Schwartz,Eamonn Schwartz,2023-02-02,2024-11-05,33,"Policy Advisor, DEI"
Earl Dreeschen,Earl Dreeshen,2012-05-07,2017-05-16,3,Member of Parliament
Earl Dreeshan,Earl Dreeshen,2009-01-09,2024-11-20,76,Member of Parliament
Earl Dreeshen,Earl Dreeshen,2010-10-05,2025-02-18,576,Member of Parliament
Earl Dreishen,Earl Dreeshen,2012-09-25,2012-09-25,1,Member of Parliament
Earl Dresheen,Earl Dreeshen,2018-10-16,2024-04-30,4,Member of Parliament
Earl Dresshen,Earl Dreeshen,2011-03-01,2011-03-01,2,Member of Parliament
Earl Maynard,Earl Maynard,2013-11-28,2014-12-01,10,Director of Communications
Earl Nichol,Earl Nichol,2022-06-21,2024-04-19,5,"Director, Transport"
Earmonn Horan-lunney,Eamonn Horan-lunney,2022-10-17,2022-10-17,1,Chief of Staff
Easter Wayne,Easter Wayne,2013-07-07,2013-07-07,1,Member of Parliament
Easton Jason,Easton Jason,2022-05-19,2022-05-19,1,Chief of Staff
Ebyan Ali,Ebyan Ali,2020-02-25,2020-02-25,1,Legislative Assistant
Ecateryna Nova,Ecateryna Nova,2022-03-16,2022-05-31,5,Regional Advisor
Ed Belkaloul,Ed Belkaloul,2015-01-22,2015-01-22,1,"Manager, Standards and Performance, Eastern Regional Operations"
Ed Crupi,Ed Crupi,2013-09-18,2016-06-07,4,"Senior Policy Advisor, Regulatory"
Ed Dreeshan,Ed Dreeshan,2024-05-23,2024-05-23,1,Member of Parliament
Ed Drover,Ed Drover,2013-02-13,2013-02-13,1,Chair of the Board
Ed Ed,Ed Ed,2019-06-20,2019-06-20,1,Member of Parliament
Ed Fast,Ed Fast,2010-09-14,2025-03-19,790,Member of Parliament
Ed Holder,Ed Holder,2010-10-19,2015-07-15,205,Member of Parliament
Ed Hutchinson,Ed Hutchinson,2024-05-29,2024-05-29,3,Press Secretary
Ed Jager,Ed Jager,2012-10-10,2024-04-30,3,"Director, Real Property and Assets Management"
Ed Komarnecki,Ed Komarnicki,2011-02-01,2011-02-01,2,Member of Parliament
Ed Komarnicki,Ed Komarnicki,2008-08-06,2015-06-16,156,Member of Parliament
Ed Komarnikci,Ed Komarnicki,2015-01-23,2015-01-23,1,Member of Parliament
Ed Kormanecki,Ed Komarnicki,2012-01-31,2012-01-31,1,Member of Parliament
Ed Kormanicki,Ed Komarnicki,2011-09-27,2014-12-03,11,Member of Parliament
Ed Kormarnicki,Ed Kormarnicki,2009-03-24,2014-04-08,3,Member of Parliament
Ed Kormendy,Ed Kormendy,2016-07-08,2016-07-08,1,"Regional Manager, Capital and Infrastructure Programs"
Ed Malota,Ed Malota,2020-06-04,2020-06-04,1,"Director, Defence"
Ed Mcdonnell,Ed Mcdonnell,2014-10-03,2017-05-31,6,Senior Mineral Economist
Ed Morgan,Ed Morgan,2010-06-09,2024-10-22,22,Director General
Ed Rawlinson,Ed Rawlinson,2018-03-23,2020-05-06,2,Senior Advisor
Ed Willaims,Ed Willaims,2015-01-23,2015-01-23,1,"Vice Chair, Board of Directors"
Ed Williams,Ed Williams,2013-10-02,2018-07-16,6,Vice Chair
Edanna Jones,Edanna Jones,2024-10-02,2024-10-02,1,Constituency Assistant
Eddie Bisson,Eddie Bisson,2023-06-01,2023-06-01,1,Advisor
Eddie Bissoon,Eddie Bissoon,2024-11-13,2024-11-13,1,Acting Development Officer
Eddie Chiu,Eddy Chui,2021-09-08,2021-11-17,2,Director
Eddie Perez,Eddy Perez,2024-11-04,2024-12-11,2,"Senior Advisor, International Affairs"
Eddie Rutanga,Eddie Rutanga,2016-09-02,2025-01-24,4,Acting Director
Eddy Chiu,Eddy Chui,2021-05-28,2021-05-28,1,Director
Eddy Chui,Eddy Chui,2015-10-28,2024-04-12,9,Director
Eddy Ep Perez,Eddy Perez,2023-06-29,2023-06-29,1,"Senior Advisor, International Affairs"
Eddy Isaacs,Eddy Isaacs,2014-04-22,2014-11-20,2,Director General
Eddy Perez,Eddy Perez,2023-01-30,2025-06-09,212,"Senior Advisor, International Affairs"
Eden Barry,Eden Barry,2023-12-12,2024-02-08,4,Senior Economist
Eden Thurston,Eden Thurston,2021-06-28,2021-06-28,1,Protected Areas Coordinator
Edison Stewart,Edison Stewart,2016-03-08,2016-03-08,1,Assistant Deputy Minister
Edith Gingras,Edith Gingras,2024-08-01,2024-08-01,1,Manager
Edith Laflamme,Edith Laflamme,2020-11-19,2020-11-19,1,"Director, Trade Policy"
Edith Pedneault,Edith Pedneault,2024-02-21,2024-02-21,1,Senior Communications Advisor
Edler Marques,Edler Marques,2016-04-18,2018-02-12,2,Policy Advisor
Edmond Bastiampillai,Edmond Bastiampillai,2023-09-18,2024-10-10,2,TCS Officer
Edmond D. Wega,Edmond D. Wega,2009-09-25,2009-09-25,1,Acting Director General
Edmond Wega,Edmond Wega,2015-11-17,2016-05-10,2,Senior Director
Edouard Asnong,Edouard Asnong,2011-06-16,2011-06-16,1,Chairperson
Edrianne-alexa Tumaneng,Edrianne-alexa Tumaneng,2024-05-24,2024-05-24,1,Junior Project Engineer
Edsel Aytona,Edsel Aytona,2023-09-22,2023-09-22,1,Trade Commissioner
Eduard Blanquet Arago,Eduard Blanquet Arago,2024-05-01,2024-05-22,3,Senior Advisor
Edward Burrows,Edward Burrows,2019-01-09,2022-01-19,2,Policy Advisor
Edward De Sousa,Edward De Sousa,2015-03-09,2015-03-09,1,"Director General, Resource Management Directorate"
Edward Fast,Edward Fast,2011-06-08,2024-11-26,107,"Minister, International Trade"
Edward Hutchinson,Edward Hutchinson,2021-11-03,2024-04-10,5,Press Secretary
Edward Hutchison,Edward Hutchinson,2024-06-06,2024-06-06,1,Press Secretary
Edward Irving,Edward Irving,2023-11-23,2025-04-10,9,Director
Edward Komarnicki,Edward Komarnicki,2010-09-22,2010-09-22,1,Parliamentary Secretary
Edward Livingstone,Edward Livingstone,2019-02-15,2019-02-15,2,Acting Assistant Deputy Minister
Edward Malota,Edward Malota,2011-08-29,2013-07-24,2,"Manager, Sector Analysis"
Edward Mcainsh,Edward Mcainsh,2023-11-28,2023-11-28,1,Senior Policy Analyst
Edward Rawlinson,Edward Rawlinson,2016-04-13,2021-11-22,52,"Director, Parliamentary Affairs"
Edward Rolinson,Edward Rolinson,2016-07-04,2016-07-04,1,"Director, Parliamentary Affairs"
Edward Sem,Edward Sem,2020-05-21,2020-05-21,1,Staffer to Senator
Edward Steeves,Edward Steeves,2020-04-06,2023-08-03,2,"Regional Vice President, Atlantic"
Edward Straw,Edward Straw,2009-02-03,2009-02-09,2,"Vice President, Corporate Financing"
Edward Trippel,Edward Trippel,2022-11-30,2025-02-25,10,Research Scientist
Edwards Gary,Edwards Gary,2016-10-28,2016-10-28,1,Tax Policy Officer
Edwige Affaa,Edwige Affaa,2024-04-05,2024-04-05,1,Program Officer
Edwin Holder,Edwin Holder,2014-10-14,2015-06-30,3,"Minister of State, Science and Technology"
Edyta Dwojewska,Edyta Dwojewska,2024-06-13,2024-06-13,1,Regional Program Development Team Leader
Eesha Chaudhry,Eesha Chaudhry,2022-11-18,2022-11-18,1,Intern
Effie Panousos,Effie Panousos,2023-04-21,2024-02-01,3,Senior Policy Analyst
Effie Triantafilopoulos,Effie Triantafilopoulos,2020-08-20,2020-08-20,1,Member of Parliament
Ehren Corey,Ehren Corey,2021-01-15,2023-12-15,4,President and CEO
Ehren Cory,Ehren Cory,2020-11-26,2025-02-25,15,Chief Executive Officer
Ehsan Alavi,Ehsan Alavi,2012-06-07,2012-06-07,1,Special Assistant to Member of Parliament
Ehsan Naik,Eshan Naik,2023-11-07,2025-02-14,5,Director of Policy
Eiad El Fateh,Eiad El Fateh,2021-04-23,2021-04-23,1,Senior Policy Analyst
Eiad El-fateh,Eiad El-fateh,2021-04-21,2021-04-21,1,Director
Eileen Boyd,Eileen Boyd,2012-02-29,2012-02-29,1,Assistant Cabinet Secretary
Eileen Clarkin,Eileen Clarkin,2017-04-20,2017-04-20,1,Senior Policy Advisor
Eileen Hinton,Eileen Hinton,2019-03-20,2019-04-04,2,Communications Advisor
Eileen Stewart,Eileen Stewart,2024-05-10,2024-06-10,3,"Deputy Director, Cuba and Nicaragua"
Eilliam Kuchapski,Eilliam Kuchapski,2009-11-24,2009-11-24,1,Special Assistant
Eiman Zarrug,Eiman Zarrug,2018-01-22,2018-01-29,2,Executive Assistant
Eisabeth Briere,Eisabeth Briere,2021-04-23,2021-04-23,1,Member of Parliament
Eitan Waldman,Eitan Waldman,2020-08-13,2023-10-31,11,Policy Analyst
Eizabeth May,Elizabeth May,2016-06-09,2016-06-09,1,Member of Parliament
Ej Kenny,Ej Kenny,2022-11-08,2022-11-08,1,Commander
Ekataryna Nova,Ekateryna Nova,2022-02-24,2024-05-30,2,Regional Advisor
Ekaterina Stoica,Ekaterina Stoica,2022-10-31,2025-03-05,2,"Senior Analyst, Secretariat"
Ekaternya Nova,Ekaternya Nova,2023-11-21,2023-11-21,1,Senior Policy Advisor
Ekateryna Nova,Ekateryna Nova,2018-02-15,2024-08-02,128,Regional Advisor
El Mehdi Haddou,El Mehdi Haddou,2018-10-24,2018-10-24,1,Veterinary Officer
Elaina Chong,Elaina Chong,2020-10-09,2020-10-09,1,Senior Advisor
Elaina Liang,Elaina Liang,2023-03-06,2025-05-12,6,Policy Analyst
Elaine Brown,Elaine Brown,2022-04-29,2022-04-29,1,"Director of Operations, Northeast Ontario Operations"
Elaine Chatigny,Elaine Chatigny,2016-01-21,2018-06-07,13,Branch Head
Elaine Chattigny,Elaine Chattigny,2015-09-15,2015-09-15,1,"Branch Head, Health Security Infrastructure Branch"
Elaine Chong,Elaine Chong,2020-09-15,2021-06-16,8,Senior Advisor
Elaine Cote,Elaine Cote,2023-11-08,2024-11-06,7,Parliamentary Assistant
Elaine De Granpre,Elaine De Granpre,2015-01-16,2015-01-16,1,"Manager, Food and Nutrition Education"
Elaine Feldman,Elaine Feldman,2008-09-24,2013-03-06,49,President
Elaine Furie,Elaine Furie,2018-12-17,2018-12-17,1,Constituency Assistant
Elaine Hood,Elaine Hood,2011-03-23,2024-11-05,89,Director
Elaine Mccoy,Elaine Mccoy,2009-03-06,2020-02-25,71,Senator
Elaine Michaud,Elaine Michaud,2011-10-03,2015-07-14,34,Member of Parliament
Elaine Nixon,Elaine Nixon,2022-12-01,2022-12-01,1,Chief of Operations
Elaine Saunders,Elaine Saunders,2015-08-20,2015-08-20,1,"Manager, Licensing, MMPR"
Elaine Wong,Elaine Wong,2021-01-14,2021-01-14,1,Senior Scientific Evaluator
Elan Harper,Elan Harper,2024-01-10,2025-03-10,158,Policy Advisor
Elana Cherry,Elana Cherry,2014-06-04,2014-06-04,1,"Associate Director, GIVD, TPD"
Elana Harper,Elan Harper,2024-10-25,2024-10-25,1,Policy Advisor
Elana Mitchell,Elana Mitchell,2021-02-18,2021-02-18,1,Special Regional Assistant to the Minister
Elana Pal,Elana Pal,2016-11-09,2016-11-09,1,Senior Officer
Elden Marques,Elder Marques,2016-12-01,2016-12-01,1,Chief of Staff
Elder Bains,Elder Bains,2016-02-04,2016-02-04,1,Chief of Staff
Elder C. Marques,Elder Marques,2017-02-28,2020-02-25,2,Chief of Staff
Elder Maques,Elder Marquez,2018-11-26,2018-11-26,1,Senior Advisor
Elder Marques,Elder Marques,2016-01-11,2020-09-15,393,Chief of Staff
Elder Marquez,Elder Marquez,2016-02-08,2019-03-27,7,Senior Advisor
Elders Marques,Elders Marques,2020-09-16,2020-09-16,1,"Chief of Staff, Finance"
Eldon Holder,Eldon Holder,2021-03-19,2021-03-19,1,Director
Eleaine Michaud,Elaine Michaud,2013-06-12,2013-06-12,1,Member of Parliament
Eleanor Catenaro,Eleanor Catenaro,2018-10-16,2018-10-16,1,Press Secretary
Eleanor Haine-bennett,Eleanor Haine-bennett,2020-10-22,2020-10-22,1,Program Officer
Eleanor Hornback,Eleanor Hornback,2024-06-05,2024-06-05,1,Senior Policy Advisor
Eleanor Hughes,Eleanor Hughes,2021-12-16,2023-03-21,7,Director of Policy
Eleanor Hugues,Eleanor Hugues,2022-03-02,2022-03-02,1,Senior Advisor
Eleanor Johnston,Eleanor Johnston,2009-05-12,2010-03-30,5,Senior Special Assistant
Eleanor Ryan,Eleanor Ryan,2008-07-21,2022-10-18,33,"Senior Chief, Structural Initiatives"
Eleanor Toews,Eleanor Toews,2021-02-24,2021-06-29,3,Manager
Eleanore Catenaro,Eleanore Catenaro,2014-10-06,2020-06-12,2,Director of Communications
Elena Humeniuk,Elena Humeniuk,2019-03-22,2019-04-16,2,Program Manager
Elena Lungu,Elena Lungu,2015-07-29,2020-12-09,2,Manager
Elena Milicevic,Elena Milicevic,2019-05-01,2019-05-01,1,Policy Analyst
Elena Mitchel,Elena Mitchel,2021-12-16,2021-12-16,1,Senior Operations Manager
Elena Mitchell,Elena Mitchell,2020-04-09,2025-05-15,36,Senior Operations Manager
Elena Pierce,Elena Pierce,2023-08-29,2023-08-29,1,Acting Manager
Eleonora Di Salvo,Eleonora Di Salvo,2022-10-28,2022-10-28,1,"Manager, Alcohol Policy"
Eleonore Rupprecht,Eleonore Rupprecht,2024-08-28,2025-03-28,4,Trade Commissioner
Elevanee Veeramalay,Elvanee Veeramalay,2018-10-18,2018-10-18,1,Stakeholder Relations Advisor
Eli Ahsassi,Eli Ahsassi,2016-05-02,2016-05-02,1,Member of Parliament
Eli Arkin,Eli Arkin,2024-02-21,2024-02-21,1,Senior Environmental Advisor
Eli Ehassi,Eli Ahsassi,2023-10-18,2023-10-18,1,Member of Parliament
Eli Kallab,Eli Kallab,2023-07-05,2023-07-05,1,"Policy Advisor, Stakeholder Relations"
Eli Salibi,Eli Salibi,2009-05-01,2010-08-03,9,Policy Advisor
Eli Schuster,Eli Schuster,2008-11-27,2008-11-27,1,Communications Advisor
Elias Abourizk,Elias Abourizk,2018-08-24,2024-10-03,13,"Director, Policy and Negotiations"
Elias Collette,Elias Collette,2023-09-28,2023-09-28,1,Director General
Elias Nelson,Elias Nelson,2019-03-28,2020-12-02,6,Senior Advisor
Elias Rafoul,Elias Rafoul,2019-05-09,2019-05-09,1,"Vice President, Accreditation Services"
Elie Kabab,Elie Kabab,2024-03-13,2024-03-13,1,Director of Policy
Elie Kallab,Elie Kallab,2023-02-17,2025-01-16,59,Director of Policy
Elie Salebi,Eli Salibi,2010-03-09,2010-03-09,1,Policy Advisor
Elie Salibi,Elie Salibi,2008-11-17,2013-12-12,117,Policy Advisor
Elin Miller,Elin Miller,2018-05-01,2020-05-19,2,Senior Policy Analyst
Eline Hu,Eline Hu,2019-04-02,2019-04-09,5,"Advisor, Parliamentary Affairs"
Elinor Mcnamee,Elinor Mcnamee,2020-05-19,2020-05-19,1,Specialist
Eliot Bergeron,Eliot Bergeron,2025-01-16,2025-01-16,1,Communications Assistant
Eliot Hughes,Eliot Hughes,2016-02-24,2017-09-14,4,Policy Advisor
Eliot Phillipson,Eliot Phillipson,2009-03-23,2009-03-23,1,President
Eliott Hewitt,Elliot Hewitt,2023-10-17,2023-10-17,1,Manager
Eliott Lockington,Elliott Lockington,2016-10-07,2023-02-15,3,Chief of Staff
Elisa Golberg,Elissa A Golberg,2016-05-19,2016-05-19,1,Assistant Deputy Minister
Elisa Kaltcheva,Elisa Kaltcheva,2015-11-24,2015-11-24,1,Senior Desk Officer
Elisa Lieff,Elisa Lieff,2012-01-18,2012-01-18,1,Senior General Counsel
Elisa Mayhew,Elisa Mayhew,2014-10-29,2014-10-29,1,Assistant Comptroller General
Elisabeth Anctil,Elisabeth Anctil,2023-10-03,2023-10-03,1,Senior Development Officer
Elisabeth Bertrand,Elisabeth Bertrand,2014-10-03,2019-05-08,3,Acting Executive Director
Elisabeth Briere,Elisabeth Briere,2020-02-04,2025-02-27,95,Member of Parliament
Elisabeth Chatillon,Elisabeth Chatillon,2009-04-09,2009-04-09,1,Assistant Deputy Minister
Elisabeth D'amours,Elisabeth Damours,2021-03-01,2025-05-15,207,Policy Advisor
Elisabeth D'armours,Elisabeth Damours,2022-09-20,2022-09-20,1,Policy Advisor
Elisabeth Damour,Elisabeth Damours,2023-08-25,2023-08-25,1,Policy Advisor
Elisabeth Eid,Elisabeth Eid,2020-11-15,2020-11-27,2,Assistant Deputy Minister
Elisabeth Hubley,Elizabeth Hubley,2015-02-03,2015-02-03,1,Senator
Elisabeth Humphrey,Elisabeth Humphrey,2020-05-19,2020-05-19,1,Analyst
Elisabeth Huot,Elisabeth Huot,2025-05-14,2025-05-14,1,Trade Policy Officer
Elisabeth Lander,Elisabeth Lander,2019-02-04,2019-02-04,1,Associate Director
Elisabeth Lang,Elisabeth Lang,2022-10-14,2022-10-14,1,"Superintendent, OSB"
Elisabeth Lecoursiere,Elisabeth Lecoursiere,2019-07-03,2019-07-03,1,"Director, Outreach and Marketing"
Elisabeth May,Elizabeth May,2014-11-24,2019-06-11,5,Member of Parliament
Elisabeth Paul,Elisabeth Paul,2023-11-09,2023-11-09,1,Chief of Staff | Executive Assistant to the Minister
Elisabetta Kerr,Elisabetta Kerr,2024-10-04,2024-10-04,1,"Analyst and Economist, Indigenous Policy and Northern Division"
Elisapee Sheutiatik,Elisapee Sheutiatik,2012-12-12,2012-12-12,1,"Director, Regional Affairs"
Elise Boisjoly,Elise Boisjoly,2019-07-05,2021-06-18,5,Assistant Deputy Minister
Elise Lacaille,Elise Lacaille,2025-01-13,2025-01-14,2,Policy Analyst
Elise Laiolino,Elise Laiolino,2018-05-22,2018-05-22,1,Special Assistant
Elise Lavigne,Elise Lavigne,2019-11-27,2021-05-14,2,"Director, National Programs, Fisheries Resource Management"
Elise Maiolino,Elise Maiolino,2018-04-05,2021-06-11,39,Senior Gender and Diversity Advisor
Elise Racine,Elise Racine,2014-03-20,2014-03-20,1,Senior Policy Analyst
Elise Renaud,Elise Renaud,2023-05-19,2024-11-19,5,Director
Elise Saint-martin,Elise Saint-martin,2018-11-22,2018-11-22,1,Executive Assistant
Elise Wagner,Elise Wagner,2019-01-08,2024-06-25,159,Director of Policy
Elise Wiebe,Elise Wiebe,2024-02-28,2024-02-28,1,Member of Parliament
Elisha Ram,Elisha Ram,2008-11-12,2024-05-21,72,Associate Assistant Deputy Minister
Elissa A Golberg,Elissa A Golberg,2015-11-24,2017-05-04,3,Assistant Deputy Minister
Elissa Golberg,Elissa Golberg,2011-07-28,2024-12-19,72,Assistant Deputy Minister
Elissa Golbert,Elissa Golbert,2011-07-28,2011-07-28,1,Director General
Elissa Goldberg,Elissa Goldberg,2015-04-14,2020-02-19,10,Assistant Deputy Minister
Elissa Tilley,Elissa Tilley,2015-06-15,2015-06-15,1,"Regional Director, Communications – Atlantic Region"
Eliza Goldberg,Elissa A Golberg,2016-11-04,2016-11-04,1,Assistant Deputy Minister
Eliza Ngai,Eliza Ngai,2022-07-02,2022-07-02,1,Metallurgical Engineer
Elizabeh May,Elizabeth May,2020-08-05,2020-08-05,1,Member of Parliament
Elizabeth Allen,Elizabeth Allen,2020-06-09,2022-10-07,3,Deputy Director
Elizabeth Anderson,Elizabeth Anderson,2018-01-18,2024-02-07,99,Senior Special Assistant
Elizabeth Arsenault,Elizabeth Arsenault,2017-05-18,2025-02-24,96,Atlantic Desk
Elizabeth Arseneault,Elizabeth Arsenault,2022-12-06,2024-09-25,15,Atlantic Desk
Elizabeth Atkinson,Elizabeth Atkinson,2021-09-21,2021-09-21,1,Senior Policy Manager
Elizabeth Barker,Elizabeth Barker,2017-09-14,2019-12-05,3,Vice Chair
Elizabeth Baxter,Elizabeth Baxter,2022-09-07,2024-10-31,3,Economic Advisor
Elizabeth Beckett,Elizabeth Beckett,2017-10-17,2025-04-04,9,Director
Elizabeth Boston,Elizabeth Boston,2019-03-21,2019-03-21,1,"Director, Mathematical, Environmental and Physical Division"
Elizabeth Brandon-williams,Elizabeth Brandon-williams,2019-04-10,2019-04-10,1,Project Manager
Elizabeth Briere,Elizabeth Briere,2020-02-04,2024-11-20,3,Parliamentary Secretary
Elizabeth Cabrera,Elizabeth Cabrera,2008-08-26,2009-12-16,4,"Special Assistant, Policy"
Elizabeth Cahill,Elizabeth Cahill,2013-09-25,2013-09-25,1,Senior Policy Analyst
Elizabeth Campbell,Elizabeth Campbell,2020-10-13,2023-07-11,3,Parliamentary Assistant
Elizabeth Casuga,Elizabeth Casuga,2009-07-14,2023-10-16,4,Director
Elizabeth Chalmers,Elizabeth Chalmers,2025-05-26,2025-05-26,1,Director
Elizabeth Champoux,Elizabeth Champoux,2022-03-04,2022-03-04,1,Chief of Staff
Elizabeth Cheesborough,Elizabeth Cheesbrough,2012-11-22,2021-03-22,6,Director of Policy
Elizabeth Cheesbrough,Elizabeth Cheesbrough,2012-11-27,2024-07-17,82,Director of Policy
Elizabeth Cheesebrough,Elizabeth Cheesebrough,2019-04-23,2019-04-23,1,Senior Policy Advisor
Elizabeth Chessbrough,Elizabeth Cheesbrough,2021-02-04,2021-02-04,1,Director of Policy
Elizabeth Clark,Elizabeth Clark,2024-09-23,2024-09-23,1,Director General
Elizabeth Clarke,Elizabeth Clarke,2014-11-07,2024-11-20,8,Deputy Director
Elizabeth D'amours,Elizabeth Damours,2022-01-06,2022-01-07,2,Director of Policy
Elizabeth Davidson,Elizabeth Davidson,2022-09-27,2022-09-27,1,Director of Communications
Elizabeth Daylor,Elizabeth Daylor,2024-03-14,2024-03-14,1,Director
Elizabeth Denham,Elizabeth Denham,2008-07-10,2010-04-28,32,Assistant Privacy Commissioner
Elizabeth Dodds,Elizabeth Dodds,2009-02-02,2009-03-03,3,Chief of Staff
Elizabeth Douglas,Elizabeth Douglas,2018-03-21,2018-11-29,3,Director General
Elizabeth Dowdeswell,Elizabeth Dowdeswell,2023-11-02,2023-11-02,1,Lieutenant Governor
Elizabeth Drent,Elizabeth Drent,2014-03-09,2014-03-12,4,Acting Deputy Director
Elizabeth Duncan,Elizabeth Duncan,2012-02-27,2014-03-05,2,Commissioner
Elizabeth Dussault,Elizabeth Dussault,2020-12-11,2021-04-08,3,Manager
Elizabeth Edmondson,Elizabeth Edmondson,2017-08-17,2017-08-17,1,"Policy Analyst, Oceans and Fisheries Policy"
Elizabeth Edmonson,Elizabeth Edmonson,2024-05-23,2024-05-23,1,Policy Advisor
Elizabeth Edwards,Elizabeth Edwards,2017-05-11,2017-05-11,2,Constituency Assistant
Elizabeth Eve,Elizabeth Eve,2013-01-09,2013-01-09,1,Program Officer
Elizabeth Faure,Elizabeth Faure,2012-02-15,2012-02-15,2,Administrative Assistant
Elizabeth Foster,Elizabeth Foster,2020-02-25,2023-03-29,10,Associate Assistant Deputy Minister
Elizabeth Frangos,Elizabeth Frangos,2022-04-25,2022-04-25,1,Constituency Assistant
Elizabeth Gill,Elizabeth Gill,2023-07-14,2023-07-14,1,"Acting Director, Quebec"
Elizabeth Hardy,Elizabeth Hardy,2018-04-05,2018-04-05,1,"Project Leader, Behavioural Insights and Policy Innovation"
Elizabeth Hendy,Elizabeth Hendy,2023-06-15,2023-06-15,1,Director General
Elizabeth Hubley,Elizabeth Hubley,2011-03-08,2017-02-09,28,Senator
Elizabeth Kaminsky,Elizabeth Kaminsky,2024-04-10,2024-08-09,2,Policy Analyst
Elizabeth Kennedy,Elizabeth Kennedy,2021-09-28,2024-09-13,2,Director
Elizabeth King,Elizabeth King,2023-11-15,2023-11-15,1,Manager
Elizabeth Lacoursiere,Elisabeth Lecoursiere,2020-02-04,2020-02-04,1,"Director, Outreach and Marketing"
Elizabeth Lang,Elizabeth Lang,2013-11-01,2013-11-01,1,Director General
Elizabeth Lefrancois,Elizabeth Lefrancois,2011-05-11,2011-05-11,1,Senior Policy Analyst
Elizabeth Macdonald,Elizabeth Macdonald,2023-09-13,2023-09-21,2,Regional Advisor
Elizabeth Mackinnon,Elizabeth Mackinnon,2021-08-05,2024-02-15,4,Director
Elizabeth Macpherson,Elizabeth Macpherson,2008-12-10,2011-06-08,2,Chairperson
Elizabeth Marshal,Elizabeth Marshall,2010-11-22,2020-02-18,3,Senator
Elizabeth Marshall,Elizabeth Marshall,2010-03-16,2024-10-08,139,Senator
Elizabeth Mary,Elizabeth May,2014-09-23,2014-09-23,1,Member of Parliament
Elizabeth May,Elizabeth May,2010-09-28,2025-06-04,783,Member of Parliament
Elizabeth Mccann,Elizabeth Mccann,2020-10-26,2020-10-26,1,Senior Policy Analyst
Elizabeth Moore,Elizabeth Moore,2017-09-19,2024-02-06,8,"Manager, Dementia Policy Unit"
Elizabeth Murphy,Elizabeth Murphy,2012-11-27,2014-10-07,16,Policy Advisor
Elizabeth Normandeau-bertrand,Elizabeth Normandeau-bertrand,2022-11-08,2023-05-02,2,"Special Assistant, Issues and Communications"
Elizabeth Orton,Elizabeth Orton,2010-10-07,2022-06-21,3,Assistant Director
Elizabeth Palmer,Elizabeth Palmer,2014-09-26,2014-09-26,1,Staffer
Elizabeth Quenville,Elizabeth Quenville,2023-08-29,2023-09-06,2,Manager
Elizabeth Reid,Elizabeth Reid,2025-04-08,2025-04-08,1,"Consul and Senior Trade Commissioner, Canada, Atlanta"
Elizabeth Rhodenizer,Elizabeth Rhodenizer,2018-11-14,2019-05-01,2,Chief Information Officer
Elizabeth Richards,Elizabeth Richards,2021-03-01,2021-11-23,3,Senior Policy Officer
Elizabeth Robertson,Elizabeth Robertson,2023-04-25,2023-04-25,1,Scheduler
Elizabeth Seale,Elizabeth Seale,2023-07-06,2023-07-06,1,Senior Policy Manager
Elizabeth Seibel,Elizabeth Seibel,2022-12-05,2022-12-05,1,Policy Analyst
Elizabeth Seymour,Elizabeth Seymour,2014-02-04,2015-01-27,3,Staffer
Elizabeth Smalley,Elizabeth Smalley,2022-04-22,2024-06-21,7,"Director, Strategic Planning and Integration"
Elizabeth Steele,Elizabeth Steele,2012-08-27,2013-01-16,2,"Deputy Chief of Staff, MAT"
Elizabeth Svyatnenko,Elizabeth Svyatnenko,2023-10-13,2023-10-13,1,Policy Analyst
Elizabeth Toller,Elizabeth Toller,2016-12-19,2025-03-04,10,"Director, Strategic Horizontal Policy Division"
Elizabeth Troller,Elizabeth Troller,2024-10-01,2024-10-01,1,"Director General, Health Care Strategies"
Elizabeth Tromp,Elizabeth Tromp,2012-10-02,2014-08-12,5,Senior Assistant Deputy Minister
Elizabeth Tudor-bezies,Elizabeth Tudor-bezies,2024-01-15,2024-01-15,1,Officer
Elizabeth Van Allen,Elizabeth Van Allen,2018-01-15,2018-03-14,4,"Assistant Deputy Minister, Infrastructure and Environment"
Elizabeth Wademan,Elizabeth Wademan,2023-08-17,2023-08-17,1,President and CEO
Elizabeth Walsh,Elizabeth Walsh,2021-05-06,2021-05-06,1,Fellow
Elizabeth Werszko,Elizabeth Werszko,2024-06-03,2024-06-04,2,Senior Analyst
Elizabeth White-senack,Elizabeth White-senack,2023-05-30,2024-04-17,2,Policy Analyst
Elizabeth Williams,Elizabeth Williams,2018-01-15,2023-09-08,5,"Ambassador of Canada to Costa Rica, Honduras and Nicaragua"
Elizabeth Wong,Elizabeth Wong,2023-10-04,2025-01-08,39,Policy Advisor
Elizabeth Young,Elizabeth Young,2023-05-15,2023-08-03,2,Deputy Chief Information Officer
Elizebeth May,Elizabeth May,2019-03-20,2019-03-20,1,Member of Parliament
Elizibeth Lander,Elizibeth Lander,2014-09-10,2014-09-10,1,Assistant Manager
Ella Alvarado De Catleugh,Ella Alvarado De Catleugh,2024-07-22,2024-07-22,1,Intern
Ella Clarke,Ella Clarke,2023-10-24,2024-10-10,8,Staffer
Ella Harvey,Ella Harvey,2019-05-06,2019-05-06,1,Intern
Ellan Burack,Ellan Burack,2017-10-11,2017-10-11,1,"Director General, Environmental Policy"
Elle Kallab,Elle Kallab,2023-04-24,2023-04-24,1,Policy and Stakeholder Relations Advisor
Ellen Barry,Ellen Barry,2023-11-28,2023-11-28,1,Director
Ellen Bertrand,Ellen Bertrand,2013-01-16,2013-01-16,1,"Vice President, Communications"
Ellen Birnbaum,Ellen Birnbaum,2017-02-07,2020-08-20,3,Senior Policy Advisor
Ellen Burack,Ellen Burack,2016-08-08,2021-02-19,29,Assistant Deputy Minister
Ellen Creighton,Ellen Creighton,2019-08-13,2019-08-13,1,Officer
Ellen Desmond,Ellen Desmond,2024-05-07,2025-05-15,6,"Commissioner, Atlantic Region and Nunavut"
Ellen Dillabough,Ellen Dillabough,2011-07-26,2023-12-15,8,Senior Advisor
Ellen Dunbar,Ellen Dunbar,2014-11-18,2015-05-12,5,Parliamentary Secretary Assistant
Ellen Galupo,Ellen Galupo,2019-02-20,2024-12-04,86,Senior Advisor
Ellen Guopo,Ellen Guopo,2020-09-30,2020-09-30,1,Special Advisor
Ellen Handyside,Ellen Handyside,2021-03-02,2021-03-02,1,Technical Advisor
Ellen Healey,Ellen Healey,2013-07-10,2014-04-22,2,Director
Ellen Hols,Ellen Hols,2015-08-06,2019-02-12,5,Director of Operations
Ellen Kudnick,Ellen Kudnick,2021-05-12,2021-05-12,1,Policy Advisor
Ellen Kuschnik,Ellen Kuschnik,2016-01-28,2023-06-23,20,"Director, Parliamentary Affairs"
Ellen Maier,Ellen Maier,2014-03-06,2014-06-13,2,Policy and Regional Affairs Advisor
Ellen Mair,Ellen Mair,2013-12-10,2013-12-10,1,Senior Policy Advisor
Ellen Ruth Zeisler,Ellen Ruth Zeisler,2011-06-14,2011-06-14,1,Consul | Senior Trade Commissioner
Ellen Walker,Ellen Walker,2019-01-18,2019-01-18,1,Planning and Coordination Officer
Ellen Wiltsie Brown,Ellen Wiltsie Brown,2023-06-22,2023-06-22,1,Counsel
Ellen Wiltsie-brown,Ellen Wiltsie Brown,2023-08-01,2023-08-01,1,Counsel
Elli Carton,Elli Carton,2024-10-17,2024-10-17,1,Engineer
Ellie Farahani,Ellie Farahani,2022-07-28,2022-07-28,1,Research Manager
Ellie Haine,Ellie Haine,2023-07-19,2023-07-19,1,Policy Analyst
Ellie Kallab,Ellie Kallab,2023-04-24,2023-12-20,2,Policy and Stakeholder Relations
Ellie Kozac,Ellie Kozak,2024-11-18,2024-11-18,1,Senior Communications Advisor
Ellie Kozak,Ellie Kozak,2024-03-18,2024-11-18,3,Senior Communications Advisor
Elliot Hewitt,Elliot Hewitt,2016-10-20,2025-02-18,14,Manager
Elliot Hugh,Elliot Hugh,2017-10-30,2017-10-30,1,Senior Policy Advisor
Elliot Hughes,Elliot Hughes,2015-12-18,2019-04-18,392,Policy Advisor
Elliot Hugues,Elliot Hugues,2016-10-20,2017-08-15,2,Senior Policy Advisor
Elliot Lockhampton,Elliot Lockhampton,2018-03-14,2018-03-14,1,Policy Advisor
Elliot Lockington,Elliot Lockington,2016-07-07,2024-09-11,41,Special Advisor
Elliott Hewitt,Elliot Hewitt,2021-02-02,2021-02-02,1,Manager
Elliott Hughes,Elliot Hughes,2016-01-08,2019-01-14,46,Policy Advisor
Elliott Hugues,Elliot Hugues,2017-06-22,2018-03-27,2,Senior Policy Advisor
Elliott Lockington,Elliott Lockington,2016-03-16,2024-12-23,286,Chief of Staff
Elliott Walkington,Elliott Walkington,2016-06-01,2016-06-01,1,Policy Advisor to the Minister of Heritage
Ellis Karen,Ellis Karen,2013-11-07,2013-11-07,1,President
Ellis Neil,Ellis Neil,2020-01-30,2020-01-30,1,Member of Parliament
Ellis Ross,Ellis Ross,2022-10-04,2022-10-04,1,Member of Parliament
Elodie Lavisse,Elodie Lavisse,2024-06-19,2024-06-19,1,Economic Development Advisor
Elodie Millette,Elodie Millette,2024-09-27,2024-09-27,1,SIMA Compliance Officer
Eloge Butera,Eloge Butera,2016-02-03,2024-06-06,109,Policy Advisor
Eloge Buttera,Eloge Buttera,2016-02-09,2016-08-23,2,Staffer to Minister of Public Safety
Eloge C. Butera,Eloge C. Butera,2016-06-27,2016-06-27,1,Policy Advisor and Liaison to the Parliamentary Secretary
Elogue Butera,Elogue Butera,2017-08-22,2017-08-22,1,Policy Advisor
Elpiniki Karalis,Elpiniki Karalis,2013-06-06,2024-10-29,2,"Manager, Programs Unit"
Elsa Dacosta,Elsa Dacosta,2021-05-20,2021-12-03,2,Director of Performance Audits
Elsa Josepha Niyongabo,Elsa Josepha Niyongabo,2022-11-14,2022-11-14,1,Executive Assistant
Elsie Maiolino,Elsie Maiolino,2019-01-29,2019-01-29,1,Special Assistant
Elsie Wagner,Elsie Wagner,2020-03-24,2020-03-24,1,Special Assistant
Elson Deborah,Elson Deborah,2016-08-10,2016-08-10,1,Senior Policy Advisor
Elspeth Burris,Elspeth Burris,2019-03-20,2019-03-20,1,Staffer to Senator
Elton Pantoja,Elton Pantoja,2022-07-26,2022-07-27,2,Trade Commissioner
Elton Toma,Elton Toma,2022-07-05,2022-07-05,1,Senior Engineer
Elvanee Veeramalay,Elvanee Veeramalay,2016-09-28,2019-06-25,36,Stakeholder Relations Advisor
Elvanee Veeramaly,Elvanee Veeramalay,2019-05-30,2019-05-30,1,Stakeholder Relations Advisor
Elvanee Veermalay,Elvanee Veermalay,2019-02-28,2019-06-10,3,Stakeholder Relations Advisor
Elvanee Veramalay,Elvanee Veramalay,2019-04-03,2019-04-03,2,Advisor
Elvanee Verramalay,Elvanee Veeramalay,2019-06-10,2019-06-10,1,Stakeholder Relations Advisor
Elwin Hermannson,Elwin Hermanson,2009-03-09,2009-03-09,1,Chief Commissioner
Elwin Hermanson,Elwin Hermanson,2008-07-03,2012-04-01,4,Chief Commissioner
Elwyn Griffith,Elwyn Griffith,2010-01-12,2010-01-12,1,"Director General, Biologics Therapies Directorate"
Ely Salibi,Eli Salibi,2010-06-25,2010-06-25,1,Policy Advisor
Elyas Irfani,Elyas Irfani,2013-01-11,2013-01-11,1,"Director, Asia"
Elyse Banham,Elyse Banham,2016-04-26,2017-02-15,6,"Special Assistant, Ontario Desk"
Elyse Jackson,Elyse Jackson,2014-02-03,2015-05-27,5,Policy Advisor
Elyse Maiolino,Elsie Maiolino,2019-02-26,2019-02-26,1,Special Assistant
Elyse Moisan,Elyse Moisan,2024-09-19,2025-05-29,29,Advisor for Quebec
Elyse Newbert,Elyse Newbert,2009-02-17,2015-01-13,8,Senior Special Assistant
Elysse Danson,Elysse Danson,2017-01-27,2021-03-31,7,Executive Assistant
Emalie Watt,Emalie Watt,2023-10-24,2023-10-30,2,Parliamentary Assistant
Emanuela Fedele,Emanuela Fedele,2018-07-27,2018-07-27,1,Policy Manager
Emanuela Lambropoulos,Emmanuella Lambropoulos,2019-04-23,2019-04-23,1,Member of Parliament
Emanuella Lambropoulos,Emmanuella Lambropoulos,2018-02-16,2018-08-14,2,Member of Parliament
Eme Onuoha,Eme Onuoha,2023-05-02,2023-05-02,1,Managing Director
Emelyana Titarenko,Emelyana Titarenko,2021-07-19,2024-12-09,17,Press Secretary
Emerson Vadenberg,Emerson Vandenberg,2018-04-04,2018-04-04,1,Director of Policy
Emerson Vadenburg,Emerson Vandenberg,2020-01-29,2020-01-29,1,Director of Policy
Emerson Vandeberg,Emerson Vandenberg,2022-11-15,2022-11-15,1,Director of Policy
Emerson Vandenberg,Emerson Vandenberg,2016-02-25,2024-06-18,577,Director of Policy
Emerson Vandenburg,Emerson Vandenberg,2019-12-11,2024-05-28,22,Director of Policy
Emerson Vanderberg,Emerson Vandenberg,2018-04-25,2022-06-30,11,Director of Policy
Emerson Vanderburgh,Emerson Vandenberg,2022-03-18,2022-03-18,1,Director of Policy
Emerson Vendenberg,Emerson Vandenberg,2020-09-30,2021-07-28,4,Director of Policy
Emersonvandenberg Vandenberg,Emersonvandenberg Vandenberg,2022-11-20,2022-11-20,1,Director of Policy
Emery Belanc,Emery Belanc,2015-11-17,2015-11-17,1,Political Advisor
Emery Beland,Emery Beland,2016-04-13,2017-01-11,15,Constituency Assistant
Emery Bland,Emery Belanc,2016-03-31,2016-03-31,1,Political Advisor
Emiel Van Der Velden,Emiel Van Der Velden,2015-02-19,2025-02-06,15,"Director, Insurance"
Emil Al-kadi,Emil Al-kadi,2023-02-07,2023-02-07,1,Program Officer
Emil Lamontagne,Emil Lamontagne,2021-02-08,2024-04-25,4,Executive Assistant to the Chief of Staff
Emil Savov,Emil Savov,2018-10-25,2018-10-25,1,"Advisor, Industrial Technology"
Emile Grenier,Emile Grenier,2012-07-19,2012-07-19,1,Policy and Stakeholder Relations Officer
Emile Rochon,Emile Rochon,2009-03-09,2009-03-09,1,Sector Development Officer
Emilea Chapman,Emilea Chapman,2022-03-10,2022-03-10,1,Policy Analyst
Emilia Ordolis,Emilia Ordolis,2019-01-18,2019-01-18,1,Senior Policy Analyst
Emilia Warriner,Emilia Warriner,2015-03-11,2015-03-11,1,"Director, Aviation Security Policy"
Emilie Aude,Emilie Audy,2019-05-14,2019-05-14,1,Policy Advisor
Emilie Audy,Emilie Audy,2018-05-04,2019-06-25,25,Policy Advisor
Emilie Boily,Emilie Boily,2023-10-19,2023-10-19,1,Parliamentary Secretary
Emilie Gagne,Emilie Gagne,2017-10-26,2017-11-17,3,Constituency Assistant
Emilie Gauduchon,Emilie Gauduchon,2017-07-20,2017-07-20,1,Press Secretary
Emilie Gauduchon-campbell,Emilie Gauduchon-campbell,2018-02-07,2018-02-07,1,Press Secretary
Emilie Gelinas,Emilie Gelinas,2017-07-26,2021-03-15,7,Director
Emilie Grenier,Emilie Grenier,2012-11-20,2017-01-27,8,Policy and Stakeholder Relations Officer
Emilie Milroy,Emilie Milroy,2025-04-02,2025-04-02,1,"Deputy Director, Humanitarian Assistance, Early Recovery and Reconstruction"
Emilie Morin,Emilie Morin,2021-06-15,2021-06-15,1,Senior Program Advisor
Emilie Rene,Emilie Rene,2018-06-21,2018-06-21,1,"Manager, Partnership and Stakeholder Literacy"
Emilie Simard,Emilie Simard,2018-08-27,2024-11-25,31,"Advisor, Issues"
Emilie Soucy,Emilie Soucy,2018-07-06,2021-03-19,4,Administrative Assistant
Emilie Tougas,Emilie Tougas,2021-05-31,2021-07-27,2,Senior Advisor
Emiliie Simard,Emiliie Simard,2020-03-18,2020-03-18,1,"Director, Communications"
Emilija Charest,Emilija Charest,2013-11-29,2013-11-29,1,Senior Advisor
Emillie Audy,Emillie Audy,2017-11-29,2017-11-29,2,Special Assistant
Emily Akalu,Emily Akalu,2024-11-15,2025-04-25,2,"Deputy Director, Ethiopia and Sudan Development Desk"
Emily Audy,Emily Audy,2018-01-18,2018-01-18,5,"Special Assistant, Quebec Office"
Emily Bates,Emily Bates,2023-12-18,2025-03-21,5,Deputy Director
Emily Clarkson,Emily Clarkson,2024-04-09,2024-12-09,4,Analyst
Emily Cronin,Emily Cronin,2018-05-17,2018-05-17,1,Manager
Emily Desrochers,Emily Desrochers,2023-03-30,2023-11-07,2,"Advisor, Issues Management and Parliamentary Affairs"
Emily Fearon,Emily Fearon,2020-07-21,2020-07-21,1,"Acting Assistant, Office of the Leader"
Emily Felisatti,Emily Felisatti,2021-11-24,2021-11-24,1,"Head, Cosmetics Unit"
Emily Gale,Emily Gale,2020-01-28,2020-09-10,9,Parliamentary Secretary's Assistant
Emily Gibson,Emily Gibson,2022-07-21,2022-07-21,1,Junior Analyst
Emily Gilmour,Emily Gilmour,2022-05-31,2022-05-31,1,Stakeholder Relations
Emily Gilroy,Emily Gilroy,2020-11-25,2022-07-27,44,Stakeholder Relations Advisor
Emily Gordon,Emily Gordon,2021-05-26,2021-05-26,1,Policy Advisor
Emily Goucher,Emily Goucher,2014-02-13,2014-02-13,1,Director of Communications
Emily Grant,Emily Grant,2020-08-25,2025-02-03,23,Special Assistant to the Minister
Emily Gregus,Emily Gregus,2024-05-21,2024-05-21,1,Policy Analyst
Emily Griffiths,Emily Griffiths,2017-06-09,2022-08-17,4,Subject Matter Specialist | Technical Specialist
Emily Hachmer,Emily Hachmer,2024-10-30,2024-10-30,1,Research Analyst
Emily Haji,Emily Haji,2023-09-22,2023-09-22,1,Senior Trade Advisor
Emily Harris,Emily Harris,2016-05-31,2016-06-01,2,Assistant to the Parliamentary Secretary
Emily Harrison,Emily Harrison,2018-10-23,2018-10-23,1,Acting Vice President
Emily Hartman,Emily Hartman,2020-06-09,2025-03-27,147,Director of Policy
Emily Hartmann,Emily Hartmann,2024-04-10,2024-12-04,2,Policy Analyst
Emily Heffernan,Emily Heffernan,2018-02-15,2023-05-21,11,"Deputy Director, Communications"
Emily Hillstrom,Emily Hillstrom,2016-04-07,2016-04-07,1,Communications Officer
Emily Hillstron,Emily Hillstron,2017-01-24,2017-01-24,1,Press Secretary
Emily Hogeveen,Emily Hogeveen,2014-03-04,2014-03-04,1,Press Secretary to the Minister of Agriculture and Agri-Food
Emily Hollink,Emily Hollink,2021-01-14,2021-01-14,1,Acting Director
Emily Honorowitsch,Emily Honorowitsch,2020-08-25,2020-08-25,1,Senior Advisor
Emily Horonoswitch,Emily Horonoswitch,2022-09-14,2022-09-14,1,Policy Advisor
Emily Horonowitsch,Emily Horonowitsch,2019-05-07,2023-08-01,52,Special Assistant
Emily Horonwitsch,Emily Horonwitsch,2021-06-23,2021-06-23,1,Special Assistant
Emily Jewell,Emily Jewell,2023-09-18,2023-09-18,1,Policy Analyst
Emily Jovic,Emily Jovic,2021-07-21,2021-07-21,1,Senior Research Advisor
Emily Keogh,Emily Keogh,2021-12-02,2022-03-08,2,Senior Communications Advisor
Emily Krispis,Emily Krispis,2022-04-05,2022-05-25,2,Constituency Assistant
Emily Lo,Emily Lo,2024-05-24,2024-05-24,1,Program Engineer
Emily Lowan,Emily Lowan,2022-03-02,2022-03-02,1,Parliamentary Assistant
Emily Mackenzie,Emily Mackenzie,2020-08-20,2020-08-20,1,Trade Commissioner
Emily Martin,Emily Martin,2024-11-19,2024-11-19,1,Assistant
Emily Mcauley,Emily Mcauley,2022-01-10,2022-01-10,1,Acting Director
Emily Mccarthy,Emily Mccarthy,2014-12-10,2014-12-10,1,"Assistant Commissioner, Complaints Resolution and Compliance"
Emily Mccullough,Emily Mccullough,2023-06-08,2023-06-08,1,Chief of Staff
Emily Mckenzie,Emily Mckenzie,2020-11-19,2020-11-19,1,"Regional Director, Global Affairs"
Emily Mclaughlin,Emily Mclaughlin,2022-02-01,2022-04-13,2,Director
Emily Mctaggart,Emily Mctaggart,2016-10-05,2016-10-05,1,Policy Analyst
Emily Ouelllette,Emily Ouelllette,2024-11-19,2024-11-19,1,Policy Advisor
Emily Paradis,Emily Paradis,2021-04-26,2023-02-14,2,"Senior Policy Advisor, Office of the Federal Housing Advocate"
Emily Pearce,Emily Pearce,2014-11-25,2014-11-25,1,Executive Assistant
Emily Peckham,Emily Peckham,2021-06-01,2021-06-01,1,Parliamentary Secretary
Emily Raab,Emily Raab,2023-01-30,2023-01-30,1,Trade Commissioner
Emily Robertson,Emily Robertson,2022-04-26,2022-04-26,1,Policy Analyst
Emily Shorrock,Emily Shorrock,2020-05-28,2022-06-14,2,Senior Analyst
Emily Silk,Emily Silk,2020-11-19,2025-01-29,9,Director
Emily Singer,Emily Singer,2018-09-18,2018-09-18,1,"Senior Policy Analyst, Preclearance"
Emily Smits,Emily Smits,2024-02-28,2024-02-28,1,Science Advisor
Emily Taylor,Emily Taylor,2024-06-11,2024-06-20,2,Senior Policy Advisor
Emily Thibert,Emily Thibert,2018-02-08,2019-05-06,4,Committees Coordinator
Emily Thom,Emily Thom,2023-07-18,2023-07-18,3,Policy Intern
Emily Walkins,Emily Walkins,2015-05-26,2015-05-26,1,Director of Research
Emily Walsh,Emily Walsh,2022-11-17,2024-02-06,8,Special Assistant
Emily Warkins,Emily Warkins,2015-03-12,2015-03-12,1,Member of Parliament
Emily Watkins,Emily Watkins,2010-12-02,2015-09-22,35,"Director, Outreach and Stakeholder Relations"
Emily Watt,Emily Watt,2015-06-24,2015-06-24,1,"International Analysis, Reporting and Coordination"
Emily Wehbi,Emily Wehbi,2024-07-26,2025-01-16,3,Director General
Emily White,Emily White,2019-05-09,2022-03-03,3,Senior Policy Analyst
Emily Williams,Emily Williams,2020-09-01,2025-05-15,10,Senior Communications Manager
Emily Woods,Emily Woods,2024-11-04,2025-02-27,2,Director General
Emily York,Emily Yorke,2016-05-06,2019-03-13,10,Policy Advisor
Emily Yorke,Emily Yorke,2016-04-28,2019-05-31,216,Policy Advisor
Emma Burger,Emma Burger,2022-04-01,2022-04-01,1,Junior Analyst | Economist
Emma Carver,Emma Carver,2016-12-13,2018-05-23,10,Policy Advisor
Emma Crane,Emma Crane,2023-09-07,2023-09-07,1,Senior Policy Analyst
Emma Drake,Emma Drake,2023-08-14,2024-05-07,63,Policy Advisor
Emma Fernandes,Emma Fernandes,2022-08-09,2022-08-09,1,Program Officer
Emma Haynes,Emma Haynes,2022-12-13,2025-02-18,19,"Director, Parliamentary Affairs"
Emma Hopper,Emma Hopper,2024-07-10,2024-07-10,1,"Senior Advisor, Parliamentary Affairs"
Emma Jia,Emma Jia,2020-02-04,2020-02-04,1,Policy Officer
Emma Kenny,Emma Kenny,2024-05-01,2024-05-01,1,Advisor
Emma Kristensen,Emma Kristensen,2018-01-15,2020-04-23,8,Special Assistant
Emma Meldrum,Emma Meldrum,2022-05-12,2024-07-09,7,Parliamentary Affairs Advisor
Emma Moore,Emma Moore,2024-11-19,2024-11-19,1,Policy Advisor
Emma Morris,Emma Morris,2024-05-31,2024-05-31,1,Market Development Advisor
Emma Orawiec,Emma Orawiec,2022-07-27,2023-12-20,4,"Director General, Procurement Services"
Emma Thuot,Emma Thuot,2020-11-17,2021-04-08,5,Junior Business Analyst
Emma Vandermeer,Emma Vandermeer,2023-04-24,2023-04-24,1,Parliamentary Assistant
Emmaleigh Munro,Emmaleigh Munro,2021-07-21,2025-05-21,34,Policy Advisor
Emmaleigh Munroe,Emmaleigh Munro,2023-09-22,2023-09-22,1,Policy Advisor
Emmaline English,Emmaline English,2016-09-22,2019-04-01,27,Policy and Regional Affairs Advisor
Emmaneul Kamarianakis,Emmaneul Kamarianakis,2019-04-02,2019-04-02,1,Director General
Emmaneulle Sajous,Emmanuelle Sajous,2021-03-01,2021-03-01,1,Assistant Deputy Minister
Emmanual Duborg,Emmanuel Dubourg,2014-10-09,2014-10-09,1,Member of Parliament
Emmanueal Dubourg,Emmanuel Dubourg,2020-03-12,2020-03-12,1,Member of Parliament
Emmanuel,Emmanuel,2019-08-20,2019-08-20,1,Advisor to Gerard Deltell
Emmanuel Chabot,Emmanuel Chabot,2015-03-11,2020-12-03,3,"Chief, Aviation Security Policy"
Emmanuel Dion Weiss,Emmanuel Dion Weiss,2019-08-28,2019-08-28,2,Legislative Assistant
Emmanuel Dion-weiss,Emmanuel Dion-weiss,2018-06-20,2019-01-09,2,Advisor to Member of Parliament
Emmanuel Drake,Emmanuel Drake,2023-10-04,2023-10-04,1,Policy Advisor
Emmanuel Dubourg,Emmanuel Dubourg,2014-04-03,2024-11-25,61,Member of Parliament
Emmanuel Kamarianakis,Emmanuel Kamarianakis,2018-10-15,2024-10-21,13,Director General
Emmanuel Kamarlanakis,Emmanuel Kamarlanakis,2024-01-19,2024-01-19,1,Ambassador to Brazil
Emmanuel St-aubin,Emmanuel St-aubin,2019-05-27,2024-05-16,3,"Acting Director General, Critical Infrastructure"
Emmanuel Xxx Nom De Famille Inconnu,Emmanuel Xxx Nom De Famille Inconnu,2019-08-27,2019-08-27,1,Political Advisor
Emmanuela Lambropoulos,Emmanuella Lambropoulos,2020-02-27,2020-02-27,1,Member of Parliament
Emmanuella Lambropoulos,Emmanuella Lambropoulos,2017-05-18,2024-11-18,65,Member of Parliament
Emmanuella Mckennirrey,Emmanuella Mckennirrey,2023-11-07,2024-02-12,4,"Unit Head, Regulatory Development and Analysis"
Emmanuelle Bahl,Emmanuelle Bahl,2025-02-12,2025-02-12,1,Specialist
Emmanuelle Ducharme,Emmanuelle Ducharme,2021-05-21,2021-06-17,7,Policy Advisor
Emmanuelle Guay,Emmanuelle Guay,2023-12-11,2024-01-09,2,Counsel
Emmanuelle Kakou,Emmanuelle Kakou,2024-02-06,2024-02-06,2,Communications Advisor
Emmanuelle Lambropoulos,Emmanuella Lambropoulos,2021-02-10,2021-02-10,1,Member of Parliament
Emmanuelle Lamoureux,Emmanuelle Lamoureux,2017-01-20,2024-06-10,7,Director General
Emmanuelle Page Richer,Emmanuelle Page Richer,2013-11-07,2014-10-06,3,"Assistant to the Assistant Deputy Minister, Safety and Security"
Emmanuelle Sajous,Emmanuelle Sajous,2021-03-01,2025-01-17,12,Assistant Deputy Minister
Emmerson Vandenberg,Emerson Vandenberg,2023-03-28,2023-03-28,1,Director of Policy
Emmerson Vandenburg,Emerson Vandenberg,2022-05-05,2022-05-05,1,Director of Policy
Emmiline English,Emmiline English,2017-05-10,2017-05-10,1,Policy and Regional Affairs Advisor
Emond Laura,Emond Laura,2021-11-08,2021-11-17,4,"Manager, Aerospace, Defence and Marine Branch"
Emrys Graefe,Emrys Graefe,2012-11-02,2012-11-02,1,Staffer to Member of Parliament
Ena Cimic,Ena Cimic,2024-10-04,2024-10-04,1,Senior Program Officer
Engy Azouz,Engy Azouz,2022-10-14,2022-10-14,1,Acting Senior Regulatory Policy and Risk Management Advisor
Enkhjin Enzo Zorigtbaatar,Enkhjin Enzo Zorigtbaatar,2022-08-03,2024-11-05,6,Policy Advisor
Enkhjin Zorigtbaata,Enkhjin Zorigtbaata,2024-04-03,2024-04-03,1,Policy Advisor
Enkhjin Zorigtbaatar,Enkhjin Zorigtbaatar,2022-10-14,2024-11-29,42,Policy Advisor
Enrick Rainville,Enrick Rainville,2023-09-18,2023-09-18,1,Communications Assistant
Enzo Zorigtbaatar,Enzo Zorigtbaatar,2023-11-07,2024-11-05,5,Policy Advisor
Eppo Maertens,Eppo Maertens,2022-08-03,2022-08-03,1,Director of Policy
Eram Rashid,Eram Rashid,2021-01-14,2021-01-14,1,Acting Regulatory Affairs Specialist
Eric Advocaat,Eric Advocaat,2018-11-13,2018-11-13,1,Senior Director
Eric Advokaat,Eric Advokaat,2013-11-29,2021-08-27,10,"Director, Operations Eastern Canada"
Eric Amyot,Eric Amyot,2017-02-28,2024-07-31,90,Regional Advisor for Quebec
Eric Aubin,Eric Aubin,2013-03-20,2013-03-20,1,National Manager
Eric Baril,Eric Baril,2019-02-05,2023-07-07,4,Director General
Eric Barker,Eric Barker,2019-05-27,2023-10-19,4,Manager
Eric Bastien,Eric Bastien,2013-08-06,2022-07-27,11,Director
Eric Beaulieu,Eric Beaulieu,2020-08-24,2021-04-06,12,"Senior Advisor, Regional Affairs"
Eric Belair,Eric Belair,2020-08-06,2024-01-31,89,Associate Assistant Deputy Minister
Eric Belaire,Eric Belaire,2022-11-15,2022-11-15,1,"Associate Assistant Deputy Minister, Strategic Policy"
Eric Belzile,Eric Belzile,2024-01-09,2024-01-09,1,Director General
Eric Bertram,Eric Bertram,2017-03-10,2017-04-11,2,"Deputy Director, Political"
Eric Bisaillon,Eric Bisaillon,2020-09-23,2022-03-22,3,Director General
Eric Blair,Eric Belair,2022-08-02,2022-08-02,1,Associate Assistant Deputy Minister
Eric Blouin,Eric Blouin,2022-03-28,2022-03-28,1,Policy Analyst
Eric Boulton,Eric Boulton,2014-09-22,2019-09-14,21,Issue Coordinator
Eric Bourbonnais,Eric Bourbonnais,2020-02-28,2024-04-30,25,Director
Eric Brouillette,Eric Brouillette,2022-08-25,2025-06-05,4,"Advisor, Industrial Technology"
Eric Campbell,Eric Campbell,2018-08-30,2018-08-30,1,Director of Communications
Eric Cappon,Eric Cappon,2024-06-04,2024-06-04,1,Program Analyst
Eric Charlebois,Eric Charlebois,2021-08-19,2021-08-19,1,Senior Policy Analyst
Eric Chouinard,Eric Chouinard,2024-10-22,2024-10-22,1,Senior Director
Eric Cloutier,Eric Cloutier,2008-08-08,2017-02-07,8,Senior Investment Analyst
Eric Corneau,Eric Corneau,2020-10-06,2024-10-30,12,"Section Head, Measures Development and Sector Analyses"
Eric Costen,Eric Costen,2014-11-24,2025-05-29,292,Senior Assistant Deputy Minister
Eric Coston,Eric Costen,2022-03-07,2022-03-07,1,Senior Assistant Deputy Minister
Eric Couture,Eric Couture,2018-01-12,2025-02-06,10,Staffer
Eric Cragg,Eric Cragg,2016-08-24,2023-11-21,3,Manager | Senior Policy Advisor
Eric Croisetiere,Eric Croisetiere,2016-03-30,2016-03-30,1,Defect Investigator
Eric Dagenais,Eric Dagenais,2009-05-08,2025-03-31,911,Senior Assistant Deputy Minister
Eric Dagenias,Eric Dagenias,2009-05-20,2016-08-09,4,Director General
Eric Dalke,Eric Dalke,2015-04-21,2015-04-21,1,Policy Advisor
Eric Degenais,Eric Degenais,2009-07-15,2016-11-21,5,Director General
Eric Depenau,Eric Depenau,2021-03-05,2021-03-17,4,"Executive Assistant, Regional"
Eric Dionne,Eric Dionne,2017-10-25,2017-10-25,1,Trade Commissioner
Eric Ducharme,Eric Ducharme,2012-01-23,2012-01-23,1,"Assistant Deputy Minister, Economic"
Eric Duncan,Eric Duncan,2019-11-28,2025-04-14,97,Member of Parliament
Eric Ferguson,Eric Ferguson,2022-02-07,2023-06-15,5,Director of Operations
Eric Ferron,Eric Ferron,2009-04-03,2009-04-03,1,Senior Competition Law Officer
Eric Forest,Eric Forest,2017-05-10,2025-04-10,90,Senator
Eric Foret,Eric Forest,2020-11-13,2020-11-13,1,Senator
Eric Fournier,Eric Fournier,2018-10-10,2022-04-01,4,Director General
Eric Fraser,Eric Fraser,2019-05-09,2019-05-09,1,"Senior Trade Policy Officer, Technical Barriers and Regulations"
Eric Fresque,Eric Fresque,2011-11-01,2011-11-01,1,Director
Eric G-l Gagnon,Eric G-l Gagnon,2018-09-26,2018-09-26,1,Policy Advisor
Eric Gagne,Eric Gagne,2012-10-29,2019-05-07,7,Director General
Eric Gagnon,Eric Gagnon,2018-10-17,2024-02-29,11,Advisor
Eric Gilbert,Eric Gilbert,2018-02-12,2019-09-10,6,Director General
Eric Gingras,Eric Gingras,2009-07-09,2021-06-09,2,"Acting Manager, Industrial Programs"
Eric Giroux,Eric Giroux,2023-11-23,2024-06-19,4,Acting Chief
Eric Godrow,Eric Godrow,2015-06-24,2015-06-24,1,"Sergeant, International Capacity Building"
Eric Grant,Eric Grant,2016-03-24,2016-03-24,1,Acting Director
Eric Guernsey,Eric Guernsey,2019-02-15,2019-02-15,1,Senior Advisor
Eric Gustavon,Eric Gustavson,2023-01-16,2023-01-16,1,Policy Advisor
Eric Gustavson,Eric Gustavson,2020-01-27,2024-07-18,119,Policy Advisor
Eric Holdrinet,Eric Holdrinet,2023-06-01,2023-06-01,1,"Advisor, Industrial Technology"
Eric Hopkins,Eric Hopkins,2017-05-30,2017-05-30,1,Manager
Eric Hoskins,Eric Hoskins,2018-06-28,2018-10-02,3,"Chair, Advisory Council on the Implementation of National Pharmacare"
Eric Joyce,Eric Joyce,2023-08-15,2024-06-19,3,Chief of Staff
Eric Kavcic,Eric Kavcic,2021-05-28,2021-05-28,1,Junior Policy Analyst
Eric Kenny,Eric Kenny,2022-11-08,2025-05-28,13,Lieutenant General
Eric Laliberte,Eric Laliberte,2013-09-25,2022-12-09,7,"Director General, Space Utilization"
Eric Lam,Eric Lam,2023-06-07,2024-02-13,4,Senior Policy Advisor
Eric Landry,Eric Landry,2010-03-11,2025-02-26,79,Vice President
Eric Lariviere,Eric Lariviere,2020-10-08,2023-06-22,4,Assistant Director
Eric Laundry,Eric Laundry,2023-03-01,2023-03-01,1,Vice President
Eric Leclair,Eric Leclair,2022-08-25,2024-05-14,3,Client Engagement Advisor
Eric Leclerc,Eric Leclerc,2022-09-06,2022-09-06,1,"Advisor, Client Engagement"
Eric Lefebvre,Eric Lefebvre,2021-08-09,2025-02-21,3,Business Advisor
Eric Legresley,Eric Legresley,2019-04-10,2019-04-11,2,Parliamentary Assistant
Eric Levesque,Eric Levesque,2025-03-25,2025-03-25,1,Assistant Director
Eric Madueno,Eric Madueno,2015-02-17,2015-06-25,2,Acting Chief
Eric Magnuson,Eric Magnuson,2013-11-01,2017-01-26,15,"Director General, Strategic Initiatives"
Eric Marion,Eric Marion,2016-12-09,2016-12-09,1,"Senior Director, Fiscal Relations Unit"
Eric Marr,Eric Marr,2020-11-06,2024-05-29,2,Senior Policy Analyst
Eric Meilillo,Eric Melillo,2022-11-22,2022-11-22,1,Member of Parliament
Eric Melillo,Eric Melillo,2020-02-04,2025-03-05,160,Member of Parliament
Eric Mellilo,Eric Melillo,2024-02-27,2024-02-27,1,Member of Parliament
Eric Meloche,Eric Meloche,2023-03-08,2023-03-08,1,"Section Head, Motorcycle and Small Engine Regulations"
Eric Muellejans,Eric Muellejans,2016-06-27,2016-06-27,1,Policy Assistant
Eric Napier Strong,Eric Napier Strong,2020-12-18,2020-12-18,1,Executive Assistant
Eric Neudorf,Eric Neudorf,2020-11-16,2024-02-13,3,"Manager, Advocacy"
Eric Nichol,Eric Nichol,2022-01-21,2024-06-27,5,Assistant
Eric Nicol,Eric Nicol,2022-05-05,2025-02-28,21,"Regional Advisor, Ontario"
Eric Nicole,Eric Nicole,2023-06-12,2023-06-12,1,"Advisor, Ontario"
Eric Nielsen,Eric Nielsen,2018-12-17,2022-07-06,3,Senior Counsel
Eric O'toole,Eric Otoole,2013-02-05,2013-02-05,1,Member of Parliament
Eric Parsons,Eric Parsons,2018-04-04,2019-07-18,3,Senior Director
Eric Pemberton,Eric Pemberton,2024-08-08,2024-08-19,2,Senior Associate Deputy Minister
Eric Petersson,Eric Petersson,2011-10-21,2011-10-21,1,"First Secretary, Academic Relations"
Eric Pongs,Eric Pongs,2023-05-12,2023-05-12,1,Director of Portfolio Innovation
Eric Primeau,Eric Primeau,2022-08-30,2022-08-30,1,Project Manager
Eric Provencher,Eric Provencher,2017-01-30,2017-01-30,1,Auditor
Eric Rancourt,Eric Rancourt,2023-03-03,2023-05-10,3,Assistant Chief Statistician
Eric Sabourin,Eric Sabourin,2022-09-08,2025-02-24,16,Senior Investment Analyst
Eric Sanacartier,Eric Sanacartier,2023-11-20,2023-11-20,1,"Director, Energy and Economics Analysis Division"
Eric Sancartier,Eric Sanscartier,2024-10-17,2024-10-17,1,Senior Director
Eric Sanscartier,Eric Sanscartier,2017-11-07,2025-05-21,18,Senior Director
Eric Santo,Eric Santo,2014-08-14,2014-08-14,1,"Chief, International Economic Analysis"
Eric Santor,Eric Santor,2013-09-27,2024-05-06,6,"Chief, International Economic Analysis"
Eric Savard,Eric Savard,2022-06-03,2022-06-03,1,Administrative Assistant
Eric Sheik,Eric Sheik,2023-06-07,2023-06-07,1,"Director, Support Vehicle Program Management"
Eric Siegal,Eric Siegel,2009-05-09,2009-05-09,1,Chief Executive Officer
Eric Siegel,Eric Siegel,2009-02-12,2009-05-26,3,Chief Executive Officer
Eric Slinn,Eric Slinn,2015-04-22,2020-09-24,2,Assistant Commissioner
Eric Smith,Eric Smith,2013-03-28,2025-02-20,71,Director
Eric Snow,Eric Snow,2017-06-06,2025-01-29,7,Deputy Director
Eric Souillac,Eric Souillac,2020-02-12,2022-02-17,3,Advisor
Eric Souillar,Eric Souillac,2017-02-03,2017-03-14,2,Advisor
Eric St-amand,Eric St-amand,2010-11-05,2024-10-24,2,Advisor
Eric St-amant,Eric St-amant,2017-05-02,2024-02-28,6,Staffer
Eric St. Pierre,Eric St. Pierre,2025-05-17,2025-05-17,2,Member of Parliament
Eric Sutherland,Eric Sutherland,2022-01-18,2022-09-08,3,"Executive Director, Pan-Canadian Health Data Strategy"
Eric Theis,Eric Theis,2014-05-17,2014-05-17,1,Issues Manager
Eric Thies,Eric Thies,2014-11-18,2014-11-18,1,Advisor and Issues Manager
Eric Tremblay,Eric Tremblay,2014-03-17,2014-03-17,1,Major General
Eric Tuer,Eric Tuer,2013-02-13,2016-05-03,5,Director
Eric Vachon,Eric Vachon,2024-02-09,2024-09-17,6,Chief Financial Officer
Eric Vandenberg,Eric Vandenberg,2022-06-02,2022-06-02,1,Brigadier General
Eric Waddel,Erik Waddell,2010-05-31,2011-02-08,3,Senior Policy Advisor
Eric Waddell,Eric Waddell,2010-11-23,2011-03-29,6,Policy Advisor
Eric Walsh,Eric Walsh,2017-02-01,2021-06-28,5,Director General
Eric Ward,Eric Ward,2009-06-24,2009-06-24,1,Policy Advisor
Eric Widdowson,Eric Widdowson,2023-11-27,2023-11-27,1,Competition Law Officer
Eric-aime Patry,Eric-aime Patry,2020-11-02,2020-11-02,1,Manager
Eric-antoine Menard,Eric-antoine Menard,2016-07-27,2016-07-27,1,Director of Policy
Eric-pascal Ciaburro,Eric-pascal Ciaburro,2020-05-27,2021-07-12,2,Advisor
Erica Berg,Erica Berg,2017-12-04,2024-08-08,3,Senior Policy Analyst
Erica Da Silva Miranda,Erica Da Silva Miranda,2024-05-29,2024-05-29,1,Policy Analyst
Erica Evely,Erica Evely,2024-06-19,2024-11-26,3,Special Assistant Advisor
Erica Fraser,Erica Fraser,2024-10-30,2024-10-30,1,Director
Erica Furtado,Erica Furtado,2014-11-07,2014-11-07,1,Director of Communications
Erica Hendry,Erica Hendry,2014-09-23,2017-06-02,8,Economist
Erica Johnson,Erica Johnson,2017-03-29,2017-04-17,2,Journalist
Erica Kohos,Erica Kohos,2024-06-27,2024-09-19,3,"Deputy Director, Indigenous, Intergovernmental and Stakeholder Affairs"
Erica Meekes,Erica Meekes,2015-03-03,2015-03-03,1,Director of Communications
Erica Pashley,Erica Pashley,2016-04-12,2016-04-12,1,"Senior Analyst, Patent Policy Directorate"
Erica Robibero,Erica Robibero,2020-06-10,2023-06-13,4,Policy Analyst
Erica Spracklin,Erica Spracklin,2016-06-30,2016-08-02,2,Constituency Assistant
Erica Tao,Erica Tao,2018-05-18,2025-04-08,3,"Acting Assistant Deputy Minister, Multiculturalism and Anti-Racism"
Erica Van Wyngaarden,Erica Van Wyngaarden,2014-03-18,2017-10-31,10,"Special Assistant, Policy and Research"
Erica Wyngaarden,Erica Wyngaarden,2014-10-28,2014-10-28,1,"Special Assistant, Policy and Research"
Erice Forest,Eric Forest,2024-06-06,2024-06-06,1,Senator
Erich Cripton,Erich Cripton,2013-09-25,2013-09-25,2,Advisor
Erich Harvey,Erich Harvey,2018-01-19,2020-03-25,11,Executive Assistant
Erick Saint-laurent,Erick Saint-laurent,2016-03-30,2016-05-18,2,Regional Director
Erick St-laurent,Erick St-laurent,2016-01-14,2016-06-22,2,Director General
Erick Waddell,Erik Waddell,2011-02-09,2011-02-09,1,Senior Policy Advisor
Ericka Tulloch,Ericka Tulloch,2024-11-18,2025-03-12,2,Director
Ericka Van Egmond,Ericka Van Egmond,2024-11-18,2024-11-18,1,Director
Erik Allain,Erik Allain,2020-02-06,2020-02-06,1,"Director, Lands"
Erik Anderson,Erik Anderson,2017-05-15,2017-05-15,1,Manager
Erik Bainbridge,Erik Bainbridge,2023-05-08,2023-12-12,3,Senior Policy Analyst
Erik Blache,Erik Blache,2016-08-11,2016-08-11,1,Liaison
Erik Brunet,Erik Brunet,2016-06-08,2016-06-08,1,Senior Analyst
Erik Carey,Erik Carey,2019-06-13,2019-06-13,1,Legislative Assistant
Erik Ens,Erik Ens,2024-01-29,2024-01-29,1,"Director, Senior Policy"
Erik Furu,Erik Furu,2020-02-05,2020-02-05,1,"Minister Counsellor, Deputy Head of Mission"
Erik Menna,Erik Menna,2017-03-07,2017-03-07,1,Project Officer
Erik Mistal,Erik Mistal,2017-03-09,2018-05-29,15,Parliamentary Secretary Assistant
Erik Mistral,Erik Mistral,2017-05-09,2017-05-09,1,Parliamentary Assistant
Erik N. Waddell,Erik N. Waddell,2011-10-26,2011-10-26,1,Senior Policy Advisor
Erik Nosaluk,Erik Nosaluk,2020-04-30,2024-02-29,8,"Special Assistant, Communications"
Erik Stenlund,Erik Stenlund,2020-11-05,2024-05-22,4,Acting Director
Erik Waddell,Erik Waddell,2009-01-06,2012-04-12,67,Senior Policy Advisor
Erik Wadell,Erik Waddell,2010-11-18,2010-11-18,1,Senior Policy Advisor
Erik Windfeld,Erik Windfeld,2016-07-21,2019-05-01,2,Policy Analyst
Erika Cook,Erika Cook,2023-05-11,2024-11-14,11,Senior Project Leader
Erika Kirsten-easton,Erika Kirsten-easton,2017-05-29,2017-05-29,1,"Director General, Communications"
Erika Korven,Erika Korven,2023-02-21,2023-02-21,1,Policy Advisor
Erika Lashbrook Knutson,Erika Lashbrook Knutson,2017-12-12,2017-12-12,1,Parliamentary Assistant
Erika Mcclelland,Erika Mcclelland,2009-08-14,2009-08-14,1,Special Assistant to the Parliamentary Secretary
Erika Nahm,Erika Nahm,2018-06-27,2018-06-27,1,"Director, Wellness Policy and Programs"
Erika Shaw,Erika Shaw,2016-02-02,2017-05-17,5,Policy Analyst
Erika Taves,Erika Taves,2024-05-13,2024-05-13,1,Acting Director
Erika Uchmanowicz,Erika Uchmanowicz,2019-05-21,2023-05-03,7,Senior Policy Advisor
Erika Van Neste,Erika Van Neste,2017-05-16,2024-11-21,10,Deputy Director
Erika Wagner,Erika Wagner,2024-11-06,2024-11-06,1,Director General
Erika-kirsten Easton,Erika-kirsten Easton,2024-02-28,2025-03-10,5,"Chief Data Officer | Director General, Enterprise Service, Data and Architecture"
Erin Anderson,Erin Anderson,2012-03-09,2014-09-03,9,"Director, Parliamentary Affairs and Issues Management"
Erin Belair,Erin Belair,2021-11-24,2021-11-24,1,Assistant Deputy Minister
Erin Bonokoski,Erin Bonokoski,2013-10-11,2014-03-27,3,"Deputy Director, Strategic Communications"
Erin Brady,Erin Brady,2024-04-03,2024-04-03,1,General Counsel
Erin Bronokowski,Erin Bonokoski,2014-01-30,2014-01-30,1,"Deputy Director, Strategic Communications"
Erin Bureau,Erin Bureau,2022-02-08,2022-02-08,1,Acting Deputy Director
Erin Campbell,Erin Campbell,2019-11-27,2024-02-26,4,Director
Erin Cato,Erin Cato,2023-07-26,2023-07-26,1,Senior Director
Erin Cato (lamoureux,Erin Cato (lamoureux,2022-08-09,2022-08-09,1,"Director, Document and Visa Policy"
Erin Cimino,Erin Cimino,2023-08-04,2024-07-10,3,Director General
Erin Connell,Erin Connell,2014-08-21,2024-12-10,12,Director
Erin Corneau,Erin Corneau,2024-10-30,2024-10-30,1,Manager
Erin Davidge,Erin Davidge,2024-08-14,2024-08-14,1,Trade Commissioner
Erin Down,Erin Down,2023-11-27,2023-11-27,1,No valid job title detected
Erin Elgersma,Erin Elgersma,2022-11-01,2024-04-10,5,Legislative Assistant
Erin Erin Obrien,Erin Erin Obrien,2023-10-04,2023-10-04,1,"Assistant Deputy Minister, Fuels Sectors"
Erin Estey,Erin Estey,2024-04-10,2024-04-10,1,Project Manager
Erin Feeney,Erin Feeney,2018-07-24,2018-07-24,1,Director
Erin Filliter,Erin Filliter,2010-05-12,2012-11-01,6,Director of Communications
Erin Flagna,Erin Flagna,2019-07-17,2019-07-17,1,Director of Policy
Erin Flanagan,Erin Flanagan,2018-02-28,2024-10-07,675,"Director, Climate, Energy and Regulatory Affairs"
Erin Flanagan Erin Flanagan,Erin Flanagan Erin Flanagan,2019-04-23,2019-04-23,1,Director of Policy
Erin Flanagin,Erin Flannagan,2020-07-02,2020-07-02,1,"Director, Climate, Energy and Regulatory Affairs"
Erin Flanegan,Erin Flannagan,2020-04-27,2020-04-27,1,"Director, Climate, Energy and Regulatory Affairs"
Erin Flangan,Erin Flangan,2018-03-14,2018-05-30,2,Director of Policy
Erin Flannagan,Erin Flannagan,2019-03-01,2020-03-23,4,"Director, Climate, Energy and Regulatory Affairs"
Erin Flannigan,Erin Flannigan,2020-08-18,2020-08-18,1,Director
Erin Fowler,Erin Fowler,2015-06-17,2015-06-17,1,Softwood Lumber Division
Erin Gillepsie,Erin Gillepsie,2023-09-07,2024-10-09,2,Director
Erin Gillespie,Erin Gillepsie,2024-02-26,2024-08-01,2,Director
Erin Gilmer,Erin Gilmer,2024-05-21,2024-05-21,1,"Manager, Legislative and Regulatory Affairs"
Erin Gorman,Erin Gorman,2013-05-14,2020-05-12,5,Policy Advisor
Erin Gregg,Erin Gregg,2022-10-25,2022-10-25,1,Assistant Deputy Minister
Erin Groulx,Erin Groulx,2020-04-28,2020-04-28,1,Director
Erin Groulz,Erin Groulz,2013-11-29,2013-11-29,1,"Chief, Client Services Unit"
Erin Heatherington,Erin Hetherington,2022-06-29,2022-06-29,1,Director
Erin Henry,Erin Henry,2020-08-25,2025-02-25,6,Director General
Erin Hetherington,Erin Hetherington,2022-09-07,2024-02-15,6,Director
Erin Hunt,Erin Hunt,2019-07-17,2024-11-08,17,Director General
Erin Jackson,Erin Jackson,2025-03-04,2025-03-04,2,Deputy Director
Erin Koeing,Erin Koeing,2017-03-22,2017-03-22,2,Advisor to the Assistant Deputy Minister
Erin Krzyzanowski,Erin Krzyzanowski,2023-02-10,2023-02-10,1,Manager
Erin Kumar,Erin Kumar,2024-02-20,2024-03-27,2,Acting Deputy Minister
Erin L Schock,Erin L Schock,2022-04-21,2022-06-15,2,"Acting Executive Director, Governance and Strategic Integration"
Erin Landry,Erin Landry,2017-10-24,2017-10-24,1,Director General
Erin Lynch,Erin Lynch,2016-09-01,2025-06-03,75,Director General
Erin Malley,Erin Malley,2024-06-26,2024-06-26,1,"Manager, Policy and Operations"
Erin Marchington,Erin Marchington,2018-08-24,2018-08-24,1,Senior Policy Advisor
Erin Mcclelland,Erin Mcclelland,2009-05-28,2010-11-29,8,Parliamentary Secretary
Erin Mcdonald,Erin Mcdonald,2019-01-23,2019-01-23,1,"Director, Intake and Complaint Analysis"
Erin Mckee,Erin Mckee,2021-02-23,2021-02-23,1,Western Newfoundland and Labrador Field Unit
Erin Mclean,Erin Mclean,2014-06-05,2014-08-08,4,Senior Nutrition Advisor
Erin Mclelland,Erin Mclelland,2011-01-31,2011-01-31,1,Exempt Staff
Erin Mierdel,Erin Mierdel,2023-10-17,2023-10-17,1,Policy Analyst
Erin Miller,Erin Miller,2017-04-20,2017-04-20,1,Senior Policy Advisor
Erin Mostovac,Erin Mostovac,2012-11-14,2013-05-07,3,Senior Director
Erin O'brian,Erin Obrien,2024-07-24,2024-07-24,1,Assistant Deputy Minister
Erin O'brien,Erin Obrien,2011-11-02,2025-05-27,452,Assistant Deputy Minister
Erin O'gorman,Erin Ogorman,2012-09-27,2025-06-05,79,Assistant Deputy Minister
Erin O'toole,Erin Otoole,2013-02-05,2023-06-14,423,Member of Parliament
Erin Obrien,Erin Obrien,2013-12-17,2024-02-06,9,Assistant Deputy Minister
Erin Ogorman,Erin Ogorman,2015-04-09,2024-05-07,2,Assistant Deputy Minister
Erin Otoole,Erin Otoole,2014-05-29,2021-03-30,12,Member of Parliament
Erin Pietrykowski,Erin Pietrykowski,2015-09-09,2015-09-18,2,Senior Policy Advisor
Erin Quevillon,Erin Quevillon,2024-04-29,2024-11-20,14,Policy Advisor
Erin Reid,Erin Reid,2016-08-26,2016-08-26,1,Manager
Erin Schock,Erin Schock,2021-11-24,2023-12-12,8,Director General
Erin Silsbe,Erin Silsbe,2019-05-23,2021-04-28,4,Deputy Director
Erin Ussery,Erin Ussery,2020-10-20,2020-10-20,1,Research Scientist
Erin Weir,Erin Weir,2016-02-01,2019-05-27,73,Member of Parliament
Erin Weird,Erin Weir,2016-02-02,2016-02-02,1,Member of Parliament
Erin Wheal,Erin Wheal,2016-08-22,2016-08-22,1,Senior Policy Advisor
Erin Wilson,Erin Wilson,2024-12-03,2025-04-09,2,Senior Policy Advisor
Erin Woods,Erin Woods,2023-10-31,2023-10-31,3,Issues Advisor
Erin Yantzi,Erin Yantzi,2022-04-04,2022-04-04,1,Policy Analyst
Erle Lamothe,Erle Lamothe,2022-11-08,2023-02-16,2,Policy Analyst
Ermias Kefelegn,Ermias Kefelegn,2022-07-18,2022-07-18,1,Trade Commissioner
Ermioni Tomaras,Ermioni Tomaras,2021-01-14,2021-01-14,1,Parliamentary Affairs Advisor
Ernest Loevinsohn,Ernest Loevinsohn,2009-10-30,2009-10-30,1,Director General
Ernie Briard,Ernie Briard,2020-08-27,2020-08-27,1,Acting President and CEO
Ernie Gladstone,Ernie Gladstone,2012-10-05,2024-12-02,3,"Executive Director, Indigenous Affairs"
Ernie Hardeman,Ernie Hardeman,2019-01-07,2019-01-07,1,Member of Parliament
Ernie Hudson,Ernie Hudson,2011-11-08,2011-11-08,1,Executive Assistant to Minister
Ernie Klassen,Ernie Klassen,2025-06-03,2025-06-03,1,Member of Parliament
Ernie Tam,Ernie Tam,2021-08-05,2021-09-17,2,Policy Analyst
Erskine-smith Nathaniel,Erskine-smith Nathaniel,2020-09-16,2020-09-16,1,Member of Parliament
Erwan Rieussec,Erwan Rieussec,2024-05-16,2024-05-16,1,"Coordinator, Indicators"
Esha Tandon,Esha Tandon,2021-05-11,2021-05-11,1,Executive Assistant
Eshan Naik,Eshan Naik,2021-02-24,2025-03-19,213,Director of Policy
Eshan Nalk,Eshan Nalk,2022-10-25,2022-10-25,1,Director of Policy
Estela Henriquez,Estela Henriquez,2020-03-04,2020-03-04,1,Executive Assistant
Estelle Couture,Estelle Couture,2023-12-20,2023-12-20,2,National Manager
Esther Dusabe-richards,Esther Dusabe-richards,2024-02-15,2024-02-15,1,Senior Partnership Lead
Esther Fox,Esther Fox,2017-02-07,2017-02-07,1,Senior Analyst
Esther Richards,Esther Richards,2023-05-05,2023-05-05,1,Senior Partnership Lead
Esther Rubenstein,Esther Rubenstein,2011-08-29,2024-09-16,2,Manager
Esther Salvano,Esther Salvano,2017-10-26,2017-12-12,3,Director
Esther Stewart,Esther Stewart,2016-06-23,2017-04-05,4,Scheduler
Esther Yang,Esther Yang,2023-03-17,2023-03-17,1,Senior Advisor
Eszter Sipos,Eszter Sipos,2016-02-19,2016-05-31,12,Policy Advisor to Parliamentary Secretary
Etana Cain,Etana Cain,2011-11-29,2011-11-29,2,Advisor
Ethan Carley,Ethan Carley,2023-06-08,2023-06-08,1,Parliamentary Intern
Ethan Howieson,Ethan Howieson,2024-05-10,2024-05-23,2,Policy and Economic Officer
Ethan Kelly,Ethan Kelly,2024-01-29,2025-06-11,7,Legislative Assistant
Ethel Cochran,Ethel Cochran,2011-11-22,2011-11-22,1,Senator
Ethel Cochrane,Ethel Cochran,2011-11-22,2011-11-22,1,Senator
Ethel M. Cochrane,Ethel Cochran,2011-10-27,2011-10-27,1,Senator
Ethen Cory,Ethen Cory,2022-06-22,2022-06-22,1,Chief Executive Officer
Ethier Ghislain,Ethier Ghislain,2015-01-12,2015-01-12,1,Advisor
Etienne Arnoux Hebert,Etienne Arnoux Hebert,2018-12-04,2018-12-04,1,Staffer to Senator
Etienne Boisjoli,Etienne Boisjoli,2016-02-18,2025-02-26,9,Senior Trade Policy Officer
Etienne Couture,Etienne Couture,2016-05-03,2016-09-26,12,Parliamentary Assistant
Etienne Gabrysz-forget,Etienne Gabrysz-forget,2015-02-26,2015-02-26,1,Legislative Assistant
Etienne Gerard,Etienne Gerard,2017-03-23,2017-03-23,1,Vice President
Etienne Giroux,Etienne Giroux,2015-08-18,2016-09-28,2,Portfolio Manager
Etienne Giroux-leveille,Etienne Giroux-leveille,2016-06-28,2016-06-28,1,Senior Trader
Etienne Lapalme,Etienne Lapalme,2018-02-06,2018-02-06,2,Trade Commissioner
Etienne Lepage,Etienne Lepage,2022-10-24,2022-10-24,1,Deputy Director
Etienne Massie,Etienne Massie,2022-02-22,2022-02-22,1,Director General
Etienne Ouimette,Etienne Ouimette,2013-04-11,2019-12-19,5,Director General
Etienne Rainville,Etienne Rainville,2015-07-20,2015-07-20,1,"Special Assistant, Parliamentary Affairs and Correspondence"
Etienne Rene Massie,Etienne Rene Massie,2015-01-14,2015-02-18,2,"Director, Programs Division"
Etienne Rene-massie,Etienne-rene Massi,2024-10-28,2024-10-28,1,Assistant Deputy Minister
Etienne Savoie,Etienne Savoie,2017-03-14,2017-03-14,2,Deputy Director
Etienne Tremblay,Etienne Tremblay,2020-11-23,2020-11-23,2,Real Estate Project Officer
Etienne-rene Massi,Etienne-rene Massi,2024-04-15,2024-04-15,1,Assistant Deputy Minister
Etienne-rene Massie,Etienne-rene Massie,2013-11-13,2025-06-03,91,Director General
Ettore Fiorani Denegri,Ettore Fiorani Denegri,2018-12-04,2018-12-04,2,Legislative Assistant
Eugene Bolduc,Eugene Bolduc,2020-02-11,2020-02-11,1,"Chief Engineer, Rail Safety Operations"
Eugene Chown,Eugene Chown,2016-09-19,2016-09-19,1,"Director, Engineering Assets Portfolio"
Eugene Filipovich,Eugene Filipovich,2013-06-13,2013-06-13,1,Senior Policy Analyst
Eugene Gourevitch,Eugene Gourevitch,2024-12-04,2024-12-04,1,"Director, Performance and Impact Analysis"
Eugene Lang,Eugene Lang,2011-10-19,2011-10-19,1,Senator
Eugene Tso,Eugene Tso,2019-02-25,2025-02-27,3,Trade Policy Officer
Eugenia Perez Pena,Eugenia Perez Pena,2023-11-05,2023-11-05,1,"Trade Commissioner, Forestry and Wood Products and Mining"
Eugenia Roumeliotis,Eugenia Roumeliotis,2022-06-06,2022-11-10,2,Chief of Staff
Eulalie Touffet,Eulalie Touffet,2014-10-29,2014-10-29,1,Intern
Eva Audy,Eva Audy,2023-04-13,2023-04-26,2,Senior Economist
Eva Berton,Eva Berton,2017-09-25,2023-07-05,11,Senior Policy Advisor
Eva Lazar,Eva Lazar,2023-06-15,2024-12-10,7,Executive Director
Eva Mcgrath,Eva Mcgrath,2024-10-30,2024-10-30,1,Policy Manager
Eva Nasif,Eva Nassif,2016-10-18,2016-10-18,1,Member of Parliament
Eva Nasiff,Eva Nassif,2018-11-06,2018-11-06,1,Member of Parliament
Eva Nassif,Eva Nassif,2016-02-02,2019-04-04,92,Member of Parliament
Eva Peclet,Eve Peclet,2015-05-07,2015-05-07,1,Member of Parliament
Evan Baker,Evan Baker,2008-07-07,2015-11-26,34,Policy Advisor
Evan Brick,Evan Brick,2023-09-26,2024-05-29,11,Operations Assistant
Evan Buie,Evan Buie,2023-02-07,2023-02-07,1,Trade Commissioner
Evan Capeluck,Evan Capeluck,2018-10-23,2018-10-23,1,Director
Evan Cathcart,Evan Cathcart,2018-11-01,2021-01-07,7,Parliamentary Affairs Advisor
Evan Cinq-mars,Evan Cinq-mars,2024-05-15,2024-05-15,1,Senior Advisor
Evan Holt,Evan Holt,2020-08-21,2020-08-21,1,Assistant
Evan Lewis,Evan Lewis,2016-11-24,2024-06-17,4,Deputy Director
Evan Macintosh,Evan Macintosh,2025-01-21,2025-01-21,1,"Counsellor, Climate and Energy"
Evan Mackintosh,Evan Mackintosh,2022-07-26,2024-03-18,3,"Counsellor, Environment and Energy"
Evan Nassif,Eva Nassif,2016-10-14,2016-10-14,1,Member of Parliament
Evan Sambasivam,Evan Sambasivam,2023-04-25,2024-05-03,23,Regional Advisor
Evan Sambassivam,Evan Sambasivam,2023-11-21,2023-11-21,1,Regional Advisor
Evan Siddal,Evan Siddall,2014-01-28,2019-06-25,3,President and CEO
Evan Siddall,Evan Siddall,2013-03-06,2020-12-05,36,President and CEO
Evan Soloman,Evan Solomon,2025-05-19,2025-05-19,1,Minister
Evan Solomon,Evan Solomon,2025-05-15,2025-05-29,4,Minister
Evan Travers,Evan Travers,2016-04-04,2016-04-04,1,Advisor
Evan Wiseman,Evan Wiseman,2016-10-05,2016-10-05,1,Executive Assistant
Evangeline Ducas,Evangeline Ducas,2024-11-07,2024-11-07,1,Senior Policy Analyst
Eve Adams,Eve Adams,2011-06-14,2015-05-05,74,Member of Parliament
Eve Giguere,Eve Giguere,2025-05-06,2025-05-06,1,"Deputy Director, Automotive, Infrastructure, Oil and Gas Sectors"
Eve Grebert,Eve Grebert,2024-07-17,2024-07-17,1,Strategic Advisor
Eve Laurence Gasse,Eve Laurence Gasse,2019-05-15,2019-05-15,1,Research and Issues Coordinator
Eve Marie Thai Thi Lac,Eve-mary Thai Thi Lac,2011-03-23,2011-03-23,1,Member of Parliament
Eve Michaud,Eve Michaud,2012-06-03,2012-06-03,1,Member of Parliament
Eve Peclet,Eve Peclet,2011-08-16,2014-11-06,29,Member of Parliament
Eve-laurence C. Gasse,Eve-laurence C. Gasse,2018-11-26,2018-11-26,1,Researcher and Issue Coordinator
Eve-laurence Gasse,Eve-laurence Gasse,2018-08-22,2019-07-23,9,Researcher and Issue Coordinator
Eve-marie Bordeleau,Eve-marie Bordeleau,2022-03-03,2022-03-03,1,Regulatory Affairs Specialist
Eve-marie Thai Thi Lac,Eve-mary Thai Thi Lac,2010-10-27,2011-03-23,2,Member of Parliament
Eve-mary Thai Thi Lac,Eve-mary Thai Thi Lac,2010-10-26,2011-03-08,7,Member of Parliament
Evelia Manac'h,Evelia Manach,2021-06-07,2021-11-30,3,Deputy Director
Evelyn Dabire,Evelyn Dabire,2025-03-31,2025-04-01,2,Head of Cooperation | Head of Office
Evelyn Dancey,Evelyn Dancey,2013-06-06,2025-03-03,102,Associate Assistant Deputy Minister
Evelyn Dancy,Evelyn Dancy,2017-05-01,2020-01-21,4,Associate Deputy Minister
Evelyn Daney,Evelyn Daney,2020-01-30,2020-01-30,2,Associate Assistant Deputy Minister
Evelyn Marcoux,Evelyn Marcoux,2008-07-21,2008-08-11,2,Executive Director
Evelyn Soo,Evelyn Soo,2018-05-22,2024-11-21,13,Executive Director
Evelyne Coulombe,Evelyne Coulombe,2021-12-17,2025-04-02,2,Advisor
Evelynn Soo,Evelyn Soo,2024-06-04,2024-06-04,1,Executive Director
Evenlyn Chagnon,Evenlyn Chagnon,2022-06-14,2022-06-16,2,Senior Policy Analyst
Everett Palmer,Everett Palmer,2017-04-04,2025-04-17,2,Manager | Senior Policy Advisor
Everson Kaitlin,Everson Kaitlin,2015-02-05,2015-02-05,1,Policy Advisor
Ewa Madey,Ewa Madey,2012-01-04,2012-01-04,1,National Manager
Ewan Dunn,Ewan Dunn,2014-11-17,2023-11-07,11,Staffer to Senator
Excellency David Macnaughton,Excellency David Macnaughton,2018-01-23,2018-01-23,1,"Ambassador, Canada to the United States"
Excellency Julie Payette,Excellency Julie Payette,2018-11-26,2018-11-26,1,Governor General of Canada
Excellency Kevin Vickers,Excellency Kevin Vickers,2017-03-02,2017-03-02,1,"Ambassador, Canada to Ireland"
Eyking Mark,Eyking Mark,2013-10-30,2018-11-08,2,Member of Parliament
Ezechiel Nana,Ezechiel Nana,2024-05-14,2024-09-05,4,Policy Advisor
Ezio Di Emanuele,Ezio Di Emanuele,2009-03-26,2009-03-26,1,"Director, Ontario Region"
