raw name,cleaned name,first_appearance,last_appearance,count,title
Habib Massoud,Habib Massoud,2011-12-23,2013-09-24,8,Assistant Director
Hadeel April Aziz,Hadeel April Aziz,2023-02-09,2025-01-31,54,"Special Assistant, Ontario"
Hadeel Aziz,Hadeel Aziz,2021-12-06,2025-01-28,24,"Special Assistant, Ontario"
Hadell Aziz,Hadell Aziz,2023-03-01,2023-03-01,1,Regional Advisor
Hafeez A Shaikh,Hafeez A Shaikh,2012-01-13,2012-01-13,1,Industrial Technology Advisor
Haidn Barbara,Haidn Barbara,2023-09-01,2023-09-01,1,"Senior Advisor, Policy and Partnership"
Haidy Tadros,Haidy Tadros,2017-04-04,2017-04-04,1,Director General
Haig Mccarrell,Haig Mccarrell,2023-08-16,2023-08-16,1,Director
Hailey Rumbolt,Hailey Rumbolt,2017-05-30,2017-05-30,1,Staffer
Hailey Short,Hailey Short,2023-09-06,2023-11-14,2,Senior Communications Advisor
Hajaleh Hersi,Hujaleh Hersi,2017-12-08,2017-12-08,1,Policy Advisor
Hajdu Patricia,Patty Hajdu,2018-05-01,2018-05-01,1,Minister
Hajdu Patty,Patty Hajdu,2022-10-19,2022-10-19,1,Minister
Haley Hodgson,Haley Hodgson,2022-01-17,2023-04-13,3,Press Secretary
Haley Juniper,Haley Juniper,2022-01-12,2024-05-10,6,Communications Advisor
Haley Maziarski,Haley Maziarski,2022-09-20,2022-09-20,1,Policy Analyst
Haley Quipp,Haley Quipp,2022-01-14,2022-01-14,1,Staffer
Halima Meyers,Halima Meyers,2023-02-20,2024-07-24,2,Investment Analyst
Hall Karen,Hall Karen,2018-01-11,2018-01-11,1,Director General
Hall Mathew,Hall Mathew,2025-02-28,2025-02-28,1,Senior Policy Advisor
Hallan Jasraj Singh,Hallan Jasraj Singh,2023-02-09,2023-02-09,1,Member of Parliament
Halleh Koleyni,Halleh Koleyni,2021-06-28,2021-08-31,2,"Deputy Director, G20"
Hallie Stacey-sullivan,Hallie Stacey-sullivan,2023-04-03,2023-04-03,1,"Advisor, Issues and Parliamentary Affairs"
Halucha Paul,Halucha Paul,2018-01-17,2024-12-18,4,Deputy Clerk
Halverson Soren,Halverson Soren,2019-02-28,2019-02-28,1,Associate Assistant Deputy Minister
Hamid Mohamed,Hamid Mohamed,2009-06-29,2009-06-29,1,Assistant Program Director
Hamid Mohammed,Hamid Mohammed,2024-09-18,2024-09-18,1,Executive Assistant
Hamid Ould Brahim,Hamid Ould Brahim,2012-05-15,2013-09-16,5,CTI
Hamid Sarreshtehdari,Hamid Sarreshtehdari,2023-10-13,2023-10-13,1,Advisor
Hamish Wright,Hamish Wright,2022-01-14,2022-12-08,49,Policy Advisor
Hamzawi Nancy,Hamzawi Nancy,2022-02-11,2022-02-11,1,Assistant Deputy Minister
Han Dong,Han Dong,2020-01-29,2024-08-01,106,Member of Parliament
Hana Abramovici,Hana Abramovici,2018-02-21,2018-02-21,1,"Manager, Science Division"
Hana Button,Hanna Button,2017-05-17,2017-05-17,1,Director of Policy
Hana Kokanovic,Hana Kokanovic,2016-08-25,2019-07-16,46,Senior Policy Advisor
Hana Maqsood,Hana Maqsood,2023-10-19,2024-12-06,4,Acting Manager
Hana Mihaldz,Hana Mihaldz,2022-02-01,2022-02-01,1,"Desk Officer, Central America"
Hanan Abramovici,Hanan Abramovici,2019-07-29,2020-10-01,3,Manager
Hanan Harb,Hanan Harb,2019-06-03,2020-11-12,5,"Director, Community and Stakeholder Relations"
Hanan Salama,Hanan Salama,2023-06-01,2023-06-01,2,Constituency Assistant
Hanen Nanaa,Hanen Nanaa,2022-02-22,2022-09-28,2,"Regional Advisor, Ontario"
Hang Dong,Han Dong,2020-02-20,2020-02-20,1,Member of Parliament
Hanif Mawji,Hanif Mawji,2020-07-22,2023-07-27,3,"Associate Director, Operations"
Hanife Masoomi,Hanife Masoomi,2019-06-04,2019-06-04,1,Parliamentary Assistant
Hank Trim,Hank Trim,2022-09-22,2022-09-22,1,Senior Policy Analyst
Hanna Abla,Hanna Abla,2019-07-04,2020-01-30,2,Senior Director
Hanna Bartool,Hanna Bartool,2024-04-11,2024-04-11,1,"Policy Advisor to the Minister of Diversity, Inclusion and Persons with Disabilities"
Hanna Batool,Hanna Batool,2023-03-29,2024-04-11,5,"Regional Advisor, Ontario"
Hanna Button,Hanna Button,2016-04-19,2023-01-26,227,Director of Policy
Hanna Classen,Hanna Classen,2012-11-06,2012-11-06,1,Policy Analyst
Hanna Hughes,Hanna Hughes,2020-11-12,2021-04-21,3,Intern
Hanna Kambo,Hanna Kambo,2016-02-17,2021-05-06,28,"Senior Advisor, West and North"
Hanna Kokavonic,Hanna Kokavonic,2019-03-29,2019-03-29,1,Senior Policy Advisor
Hanna Lange-chenier,Hanna Lange-chenier,2020-02-18,2020-02-18,1,Communications Advisor
Hanna Zhang,Hanna Zhang,2024-04-02,2024-04-02,1,Briefing Officer
Hanna Zheng,Hanna Zheng,2023-03-15,2023-03-15,1,Executive Assistant
Hannaan Hassan,Hannaan Hassan,2022-01-14,2022-01-14,1,Special Assistant
Hannah Anderson,Hannah Anderson,2016-03-10,2023-12-11,4,Legislative Assistant
Hannah Batool,Hannah Batool,2023-12-08,2023-12-08,1,"Advisor, Ontario Regional Affairs and Outreach"
Hannah Button,Hanna Button,2016-03-31,2020-07-09,8,Director of Policy
Hannah Ehler,Hannah Ehler,2023-05-24,2023-05-29,2,Intern
Hannah Hodson,Hannah Hodson,2020-11-03,2022-02-09,12,Special Assistant
Hannah Hughes,Hannah Hughes,2021-02-16,2021-02-16,1,Parliamentary Assistant
Hannah J. Johnston,Hannah J. Johnston,2019-03-04,2019-03-12,2,Staffer to Member of Parliament
Hannah Jensen,Hannah Jensen,2020-09-30,2020-11-30,3,Parliamentary Assistant
Hannah Kambo,Hanna Kambo,2020-01-28,2021-11-05,3,"Senior Advisor, West and North"
Hannah Kokanovic,Hana Kokanovic,2016-08-11,2016-08-11,1,Senior Policy Advisor
Hannah Rogers,Hannah Rogers,2016-06-21,2016-06-21,1,Director
Hannah Stafl,Hannah Stafl,2023-10-24,2023-10-26,2,Senior Investment Analyst
Hannah Wieler,Hannah Wieler,2022-07-07,2025-03-04,2,"Director, Parliamentary Affairs"
Hannah Wilson,Hannah Wilson,2018-10-16,2025-03-19,651,Policy Advisor
Hannan Hassan,Hannan Hassan,2024-11-04,2024-11-04,1,Senior Communications Advisor
Hannoush Andre,Hannoush Andre,2015-07-13,2015-07-13,1,Policy Advisor
Hans Jung,Hans Jung,2011-09-06,2011-09-06,1,Surgeon General
Hans Pierre,Hans Pierre,2023-03-22,2023-03-22,1,Chief Information Officer
Hans Yu,Hans Yu,2024-11-15,2024-11-15,1,Executive Director
Hantz Prosper,Hantz Prosper,2022-05-26,2024-10-04,6,Director General
Haong Mai,Hoang Mai,2012-02-03,2012-02-13,2,Member of Parliament
Harb Abed,Harb Abed,2017-08-10,2017-11-21,2,Senior Policy Advisor
Harbinder Gill,Harbinder Gill,2025-06-11,2025-06-11,1,Member of Parliament
Hardave Birk,Hardave Birk,2016-06-07,2016-06-07,1,Director of Policy
Harder Peter,Harder Peter,2018-05-09,2018-05-09,1,Senator
Hardie Ken,Hardie Ken,2018-02-06,2018-02-06,1,Member of Parliament
Hardie Rath-wilson,Hardie Rath-wilson,2014-08-21,2017-05-16,7,Legislative Assistant
Hargrove Glen,Hargrove Glen,2021-04-08,2021-04-08,1,Assistant Deputy Minister
Hari Kukenthiran,Hari Kukenthiran,2023-03-07,2023-03-07,1,Policy Advisor
Harijit Saijan,Harijit Saijan,2016-11-23,2016-11-23,1,Member of Parliament
Harjit S Sajjan,Harjit Sajjan,2017-07-04,2017-07-04,1,Minister
Harjit S. Sajjan,Harjit Sajjan,2017-04-04,2025-01-01,7,Minister
Harjit Saajan,Harijit Saijan,2018-02-06,2018-02-06,1,Member of Parliament
Harjit Sadjin,Harjit Sadjin,2017-05-23,2017-05-23,1,"Minister, National Defence"
Harjit Saijan,Harjit Saijan,2016-03-08,2016-03-08,1,"Minister, Defence"
Harjit Sajan,Harjit Sajan,2018-12-13,2018-12-13,1,Minister
Harjit Sajin,Harijit Saijan,2020-05-23,2020-05-23,1,Member of Parliament
Harjit Sajjan,Harjit Sajjan,2015-11-27,2024-12-17,234,Minister
Harjit Sin Sajjan,Harjit Sajjan,2019-10-01,2019-10-01,1,Minister
Harjit Singh,Harjit Singh,2016-05-11,2016-05-11,1,Minister
Harjit Singh Sajjan,Harjit Sajjan,2015-11-13,2024-09-12,6,Minister
Harjit Singh Sarjjan,Harjit Singh Sarjjan,2016-03-08,2016-03-08,1,Minister of National Defence
Harjitt Sajjan,Harjit Sajan,2017-11-28,2017-11-28,1,Minister
Harley Juniper,Harley Juniper,2022-05-26,2022-05-26,1,"Manager, Communications and Community Engagement"
Harnoor Kochar,Harnoor Kochar,2018-06-07,2018-06-07,1,Summer Intern
Harold Alberecht,Harold Albrecht,2017-02-14,2017-02-14,1,Member of Parliament
Harold Albrecht,Harold Albrecht,2008-12-18,2019-07-15,424,Member of Parliament
Harold Albrect,Harold Albrecht,2014-10-08,2015-04-28,3,Member of Parliament
Harold Albreicht,Harold Albrecht,2017-02-07,2017-02-07,1,Member of Parliament
Harold Albretch,Harold Albrecht,2012-06-19,2012-11-20,2,Member of Parliament
Harold Albrtecht,Harold Albrecht,2018-06-07,2018-06-07,1,Member of Parliament
Harold Boies,Harold Boies,2016-06-01,2022-10-07,21,"Director, Periodical Policy and Programs"
Harold Boudreau,Harold Boudreau,2010-03-25,2010-03-25,1,Pharmacy Consultant
Harold Deck,Harold Deck,2013-11-12,2013-11-12,1,"Senior Manager, Industrial Development"
Harold Dremin,Harold Dremin,2024-06-04,2025-03-04,4,Chief of Investor Services
Harold Gallagher,Harold Gallagher,2020-11-19,2020-11-19,2,"Director, Financial Stability Retail Payments Oversight"
Harold Leadlay,Harold Leadlay,2013-04-23,2013-11-29,2,Environment Assessment Officer
Harold Wetston,Harold Wetston,2017-06-20,2017-06-20,1,Senator
Haroon Sritharan,Haroon Sritharan,2021-05-04,2023-04-20,3,Constituency Assistant
Harpeet Kochhar,Harpeet Kochhar,2016-10-17,2020-05-01,2,Associate Deputy Minister
Harper Stephen,Harper Stephen,2009-02-26,2009-02-26,1,Prime Minister of Canada
Harpreet Kachhar,Harpreet Kachhar,2017-02-16,2017-02-16,1,Vic
Harpreet Kocchar,Harpreet Kochar,2021-03-25,2024-10-01,5,Associate Deputy Minister
Harpreet Kochaar,Harpeet Kochhar,2021-01-07,2021-01-07,1,Associate Deputy Minister
Harpreet Kochar,Harpreet Kochar,2015-12-04,2024-10-31,14,Associate Deputy Minister
Harpreet Kochbar,Harpreet Kochbar,2021-01-20,2021-01-20,1,"Associate Deputy Minister, Health"
Harpreet Kochhar,Harpreet Kochhar,2011-07-14,2025-05-01,178,President
Harpreet Kochlar,Harpreet Kochhar,2017-10-10,2022-06-06,4,President
Harpreet S Kochhar,Harpreet Kochar,2020-06-12,2024-03-11,2,Associate Deputy Minister
Harpreet S. Kochhar,Harpreet Kochhar,2015-11-20,2024-01-15,2,President
Harri Viksstedt,Harri Viksstedt,2018-06-25,2018-06-25,1,Canadian Foreign Exchange Committee
Harri Vikstedt,Harri Vikstedt,2016-04-19,2017-08-24,4,Senior Director
Harriet Jackson,Harriet Jackson,2019-08-27,2024-05-28,4,Chief of Staff and Advisor to Senior Deputy Governor
Harriet Roos,Harriet Roos,2022-07-13,2025-01-20,2,Deputy Director
Harriet Roose,Harriet Roos,2025-03-26,2025-03-26,1,Deputy Director
Harris Berton,Harris Berton,2020-09-04,2020-09-04,1,Senior Advisor
Harris Qureshi,Harris Qureshi,2019-02-05,2019-02-05,1,Legislative Assistant
Harrison Andruschak,Harrison Andruschak,2022-07-07,2025-05-23,50,Special Advisor
Harrison Andrushchak,Harrison Andruschak,2022-08-15,2022-08-31,2,Special Advisor
Harrison Paul,Harrison Paul,2022-02-04,2024-03-19,9,Legislative Assistant
Harry Borlase,Harry Borlase,2013-10-01,2013-10-08,2,Policy and Stakeholder Relations
Harry Burton,Harry Burton,2018-05-29,2025-06-13,81,Director of Operations
Harry Gill,Harry Gill,2016-08-22,2024-10-11,5,Assistant Commissioner and Agency Security Officer
Harry Mcguire,Harry Mcguire,2024-12-05,2025-03-19,3,Legislative Assistant
Harry Olbach-miller,Harry Olbach-miller,2021-11-08,2021-11-08,1,Policy and Cabinet Affairs Advisor
Harry Orbach Miller,Harry Orbach Miller,2023-11-06,2024-02-28,2,Policy Advisor
Harry Orbach-miller,Harry Orbach-miller,2020-05-11,2024-10-24,286,Policy Advisor and Senior Coordinator
Harry Orback-miller,Harry Orbach Miller,2023-04-14,2023-04-14,2,Policy Advisor
Hartley Ben,Hartley Ben,2017-05-11,2017-05-11,1,Senior Advisor to the Parliamentary Secretary
Hartley Whitten,Hartley Whitten,2022-08-17,2022-08-17,1,Executive Assistant
Hartley Witten,Hartley Witten,2022-09-20,2024-08-28,3,Exempt Staff
Harun Jasarevic,Harun Jasarevic,2017-11-02,2021-04-09,5,Parliamentary Assistant
Haruna,Haruna,2020-02-13,2020-02-13,1,"Executive Vice Chair | Chief Executive Officer, Naseni"
Harvey Vardy,Harvey Vardy,2021-03-11,2021-03-11,1,"Assistant Commissioner, Coast Guard Atlantic Region"
Harvey Wong,Harvey Wong,2011-01-28,2011-12-01,3,Director of Tourism
Harwood Phil,Harwood Phil,2012-09-26,2012-09-26,1,Policy Advisor
Hasan Hutchinson,Hasan Hutchinson,2009-08-06,2017-08-14,16,Director General
Hasan Hutchison,Hasan Hutchison,2009-11-19,2018-08-22,33,Director General
Hasan Huthison,Hasan Hutchinson,2010-07-08,2010-07-08,1,Director General
Haseeb Hassaan,Haseeb Hassaan,2020-09-24,2023-06-22,21,Policy Advisor
Haseeb Hassan,Haseeb Hassan,2021-02-04,2021-05-04,2,Policy Advisor
Hasina Haq-alam,Hasina Haq-alam,2016-09-27,2016-09-27,1,"Officer, Arbitration"
Hassan Amjoun,Hassan Amjoun,2024-10-30,2024-10-30,1,Senior Project Engineer
Hassan Yussuf,Hassan Yussuff,2021-08-03,2023-11-22,4,Senator
Hassan Yussuff,Hassan Yussuff,2021-11-18,2025-06-11,95,Senator
Hassen Mohammed,Hassen Mohammed,2023-02-14,2023-02-14,1,Consultant
Hatem Khouaja,Hatem Khouaja,2019-08-23,2019-08-23,1,Lead Technical Advisor
Hatton Terry,Hatton Terry,2023-03-28,2023-03-28,1,Director General
Hau Sing Tse,Hau Sing Tse,2010-09-17,2010-10-06,3,Senior Vice President
Hauke Harms,Hauke Harms,2023-01-30,2023-10-20,2,"Trade Commissioner, Embassy of Canada"
Havelin Anand,Havelin Anand,2009-06-15,2009-06-15,2,Director General
Hawkins Bill,Hawkins Bill,2011-08-24,2013-10-28,4,Chief of Staff
Hawn Laurie,Hawn Laurie,2011-11-15,2011-11-15,1,Member of Parliament
Hayden Gowan,Hayden Gowan,2020-11-26,2023-10-05,4,Parliamentary Assistant
Hayden Moher,Hayden Moher,2016-11-22,2024-01-22,12,Staffer
Hayden Trenholm,Hayden Trenholm,2008-10-30,2016-10-18,3,Director of Policy
Haydon Place,Haydon Place,2012-06-11,2012-06-11,1,Assistant
Hayley Jean Rahman,Hayley Jean Rahman,2017-11-14,2017-11-14,1,Trade Commissioner
Hayley Provost,Hayley Provost,2025-03-26,2025-03-26,1,Junior Advisor
Hayley Quipp,Hayley Quipp,2020-02-27,2023-10-24,4,Legislative Assistant
Heasi Hujaleh,Hersi Hujaleh,2016-10-06,2016-10-06,1,Policy Advisor
Heath Lariviere,Heath Lariviere,2024-11-06,2024-11-06,2,Director
Heath Macdonald,Heath Macdonald,2021-12-14,2025-06-05,111,Member of Parliament
Heath Mcdonald,Heath Mcdonald,2022-10-18,2023-11-28,3,Member of Parliament
Heather Anderson,Heather Anderson,2009-09-30,2016-03-22,9,Senior Policy Advisor
Heather Arbuckle,Heather Arbuckle,2019-09-27,2024-06-07,28,"Manager, Horticulture Commodities"
Heather Bradley,Heather Bradley,2016-08-31,2016-08-31,1,Director of Communications
Heather Brown,Heather Brown,2020-06-26,2023-05-31,6,National Manager
Heather Bystryk,Heather Bystryk,2012-03-03,2025-03-19,7,Trade Commissioner
Heather Calvert,Heather Calvert,2024-12-12,2024-12-12,1,Policy Advisor
Heather Cameron,Heather Cameron,2010-11-02,2013-08-19,3,"Director General, Programming"
Heather Carriere,Heather Carriere,2021-12-17,2021-12-29,2,"Executive Director, Oversight"
Heather Chaisson,Heather Chaisson,2017-10-26,2017-10-26,1,Special Assistant
Heather Chiasson,Heather Chiasson,2016-03-24,2018-09-10,11,Special Assistant
Heather Crowe,Heather Crowe,2024-11-25,2024-11-25,1,Chief of Staff
Heather Cruden,Heather Cruden,2009-06-22,2011-07-19,2,"Minister Counsellor, Development | Head of Aid"
Heather Culbert,Heather Culbert,2020-04-03,2020-05-25,2,Director
Heather Cuthbert,Heather Cuthbert,2020-11-12,2020-11-12,1,Vice Chair
Heather Darch,Heather Darch,2016-08-09,2016-09-27,2,Evaluation Specialist
Heather Dauphinee,Heather Dauphinee,2008-11-28,2008-11-28,2,"Chief of Staff | Executive Advisor, Materiel Group"
Heather De Santis,Heather De Santis,2018-04-18,2018-10-19,2,Chief of Staff
Heather Deehan,Heather Deehan,2021-01-06,2025-03-24,5,Director
Heather Domerackyj,Heather Domerackyj,2011-01-25,2011-01-25,1,Press Secretary
Heather Domereckyj,Heather Domerackyj,2014-04-29,2014-04-29,1,Press Secretary
Heather Dryburgh,Heather Dryburgh,2019-05-08,2019-05-08,1,Acting Director General
Heather Dryden,Heather Dryden,2017-06-13,2017-06-13,1,Senior Policy Advisor
Heather Earle,Heather Earle,2022-11-03,2024-11-05,3,Manager
Heather Egan,Heather Egan,2023-10-31,2024-02-15,2,Office Manager and Finance Administrator
Heather Elliot,Heather Elliot,2024-08-08,2024-08-08,1,Senior Business Analyst
Heather Elliott,Heather Elliott,2019-11-25,2019-11-25,1,Senior Advisor to Deputy Minister Champion
Heather Finn,Heather Finn,2011-11-22,2011-11-22,1,Member of Parliament
Heather Foley Melvin,Heather Foley Melvin,2012-11-02,2015-07-23,8,"Director, Regional Affairs"
Heather Foley-melvin,Heather Foley Melvin,2013-10-28,2014-11-28,5,"Director, Regional Affairs"
Heather Forsyth,Heather Forsyth,2018-12-04,2020-02-25,4,Policy Advisor
Heather Gordon,Heather Gordon,2023-08-10,2023-08-10,2,"Manager, Canadian Water Agency Transition Office"
Heather Hall,Heather Hall,2011-09-09,2017-07-25,6,Associate Director
Heather Harpell,Heather Harpell,2023-05-30,2023-05-30,1,Environmental Assessment Specialist
Heather Heather Sheehy,Heather Heather Sheehy,2018-07-16,2018-07-16,1,"Associate Assistant Deputy Minister, Strategic Service Policy"
Heather Holland,Heather Holland,2023-09-14,2023-10-03,2,National Manager
Heather Hossle,Heather Hossle,2024-05-13,2024-05-13,1,Director
Heather James,Heather James,2009-06-01,2009-06-01,1,"Chief, Pacific Operations"
Heather Jefferey,Heather Jefferey,2021-11-05,2021-11-05,1,Associate Deputy Minister
Heather Jefferies,Heather Jefferies,2016-09-08,2016-09-08,1,Director General
Heather Jeffrey,Heather Jeffrey,2012-05-09,2024-04-30,114,Assistant Deputy Minister
Heather Jeffreys,Heather Jeffreys,2016-04-06,2020-03-20,2,Assistant Deputy Minister
Heather Kay,Heather Kay,2012-09-07,2013-04-09,3,Senior Economist
Heather Knudsen,Heather Knudsen,2021-08-30,2021-09-29,2,Team Leader
Heather Leclerc,Heather Leclerc,2017-07-14,2017-07-14,1,Chief
Heather Limburg,Heather Limburg,2021-06-24,2021-06-24,1,Epidemiologist
Heather Loth-bown,Heather Loth-bown,2017-04-13,2017-04-13,1,Vice President
Heather Lunn,Heather Lunn,2021-01-28,2021-01-28,1,Program Officer
Heather Lynch,Heather Lynch,2021-05-12,2024-04-18,3,Manager | Senior Policy Advisor
Heather Macdonald,Heather Macdonald,2021-06-30,2022-08-15,4,Advisor
Heather Maclean,Heather Maclean,2023-04-24,2023-04-24,1,Assistant to the Deputy Minister
Heather Macphail,Heather Macphail,2023-03-03,2023-07-28,4,Regional Executive
Heather Macpherson,Heather Mcpherson,2020-05-04,2025-02-24,4,Member of Parliament
Heather Mcbride,Heather Mcbride,2024-05-22,2024-05-22,1,"Acting Deputy Director, Nutrition"
Heather Mccready,Heather Mccready,2018-05-29,2024-11-06,7,"Director General, Legislative and Regulatory Affairs"
Heather Mclean,Heather Mclean,2019-02-07,2024-07-29,19,Assistant Deputy Minister
Heather Mcpherson,Heather Mcpherson,2019-12-09,2025-06-03,364,Member of Parliament
Heather Mcvetty,Heather Mcvetty,2023-08-15,2023-08-15,1,"Advisor, Telecommunications"
Heather Meek,Heather Meek,2020-07-30,2022-03-23,5,Senior Policy Analyst
Heather Messera,Heather Messera,2024-01-09,2024-01-09,1,Congressional Relations Officer
Heather Michaud,Heather Michaud,2021-04-09,2022-01-24,2,Assistant Director
Heather Miller,Heather Miller,2017-07-28,2017-07-28,1,Director
Heather Moriarty,Heather Moriarty,2016-02-18,2023-09-26,8,Director
Heather Mustoe,Heather Mustoe,2021-09-23,2021-10-18,2,Senior Partnership Lead
Heather O'mara,Heather Omara,2021-09-08,2022-08-24,11,Counsel
Heather Patterson,Heather Patterson,2023-02-10,2023-06-14,3,"Deputy Director, Middle East, Europe and North Africa"
Heather Pherson,Heather Pherson,2020-02-04,2020-02-04,1,Member of Parliament
Heather Poitras,Heather Poitras,2023-08-31,2023-08-31,1,Elder in Residence
Heather Porter,Heather Porter,2018-03-28,2018-05-17,5,Policy Advisor
Heather Primeau,Heather Primeau,2014-10-01,2014-10-01,1,Director General
Heather Ryan,Heather Ryan,2018-11-28,2018-11-28,1,Policy and Program Analyst
Heather Shearer,Heather Shearer,2022-01-28,2024-11-20,4,Policy and Program Manager
Heather Sheehy,Heather Sheehy,2018-05-25,2019-09-11,5,Associate Assistant Deputy Minister
Heather Simmons,Heather Simmons,2020-08-20,2020-08-20,1,"Director, Product Assessment and Environmental Assessment Directorate"
Heather Smeeton,Heather Smeeton,2024-04-19,2024-04-19,1,"First Secretary, Finance Counsellor"
Heather Smith,Heather Smith,2009-06-29,2018-11-06,106,"Vice President, Operations"
Heather Spencer,Heather Spencer,2016-01-21,2016-01-21,1,Senior Policy Advisor
Heather Stager,Heather Stager,2021-07-14,2021-07-14,1,Senior Analyst
Heather Throop,Heather Throop,2010-12-07,2010-12-07,1,Director General
Heather Upton-roy,Heather Upton-roy,2020-12-10,2020-12-10,1,Constituency Assistant
Heather Watson,Heather Watson,2020-03-23,2023-04-19,2,Senior Program Officer
Heather Wood,Heather Wood,2021-01-07,2024-06-28,4,"Director, International Fisheries Policy"
Heather Woods,Heather Wood,2024-07-12,2024-07-12,1,"Director, International Fisheries Policy"
Heather Zaleski,Heather Zaleski,2023-05-25,2023-05-25,1,Parliamentary Assistant
Heba Jibril,Heba Jibril,2020-02-18,2022-10-28,6,Parliamentary Assistant
Hector Lopez-negrete,Hector Lopez-negrete,2017-08-15,2017-08-15,1,Executive Assistant
Hector Vera,Hector Vera,2014-06-03,2018-05-29,6,Parliamentary Assistant
Heddy Fry,Hedy Fry,2011-10-20,2012-02-08,3,Member of Parliament
Hedi Fry,Hedy Fry,2011-10-04,2011-10-04,1,Member of Parliament
Hedrik Brakel,Hendrick Brakel,2018-02-13,2018-02-13,1,Senior Policy Advisor
Hedy Church,Hedy Church,2013-11-05,2013-11-05,1,Member of Parliament
Hedy Frey,Hedy Fry,2014-03-07,2014-03-07,1,Member of Parliament
Hedy Fry,Hedy Fry,2009-02-10,2025-03-03,472,Member of Parliament
Heidi Craswell,Heidi Craswell,2020-06-24,2020-06-24,1,Manager | Senior Policy Advisor
Heidi Ertl,Heidi Ertl,2023-06-15,2023-06-15,1,Assistant Director
Heidi Hofstad,Heidi Hofstad,2015-01-23,2015-01-23,1,Communications Manager
Heidi Hulan,Heidi Hulan,2022-06-06,2024-06-07,13,Assistant Deputy Minister
Heidi Jackson,Heidi Jackson,2018-02-20,2018-02-20,1,Executive Director
Heidi Kirby,Heidi Kirby,2020-01-16,2020-01-16,1,Constituency Assistant
Heidi Macdonald,Heidi Macdonald,2023-10-25,2023-10-25,1,Manager
Heidy Kirby,Heidy Kirby,2021-02-09,2021-02-09,2,Assistant
Helaine Michaud,Helaine Michaud,2014-02-04,2014-02-04,2,Member of Parliament
Helem Mcdonald,Helen Mcdonald,2009-10-16,2009-10-16,1,Assistant Deputy Minister
Helen Barret,Helen Barret,2012-01-25,2012-01-25,1,Program Officer
Helen Borges,Helena Borges,2011-10-18,2015-10-09,2,Associate Deputy Minister
Helen Broom,Helen Broom,2020-09-22,2023-09-28,5,Economist | Advisor
Helen Brown,Helen Brown,2010-03-10,2010-03-10,2,Director General
Helen C Kennedy,Helen Kennedy,2016-07-14,2016-07-14,1,Director General
Helen C. Kennedy,Helen C. Kennedy,2010-10-21,2013-05-10,3,Deputy Director General
Helen Cassie,Helen Cassie,2018-01-30,2018-01-30,1,Member's Assistant
Helen Cutts,Helen Cutts,2011-05-13,2016-04-12,34,Vice President
Helen Davies,Helen Davies,2022-05-06,2022-05-06,1,"Executive Director, British Columbia and Yukon"
Helen El-koura,Helen El-koura,2021-06-24,2021-06-24,1,Senior Advisor to Assistant Deputy Minister
Helen Gao,Helen Gao,2019-02-07,2025-03-12,165,Policy Advisor
Helen Gosselin,Helen Gosselin,2010-02-16,2010-02-16,1,Deputy Minister
Helen Graham,Helen Graham,2009-03-26,2009-03-26,1,"Acting Director, Economic Development"
Helen Harrison,Helen Harrison,2024-10-24,2024-10-24,3,Manager
Helen Joseph,Helen Joseph,2010-09-14,2013-10-04,10,Director
Helen Kennedy,Helen Kennedy,2009-06-09,2018-04-17,13,Director General
Helen Lam,Helen Lam,2016-05-03,2016-05-03,2,Policy Analyst
Helen Laurendeau,Helene Laurendeau,2014-03-03,2019-09-27,4,Deputy Minister
Helen Laverdiere,Helen Laverdiere,2011-09-28,2017-11-29,5,Member of Parliament
Helen Levesque,Helen Levesque,2010-03-18,2010-03-18,1,Migratory Birds Regulations Specialist
Helen Macdonald,Helen Macdonald,2009-02-12,2012-02-28,9,Assistant Deputy Minister
Helen Mcdonald,Helen Mcdonald,2008-09-29,2012-11-14,129,Assistant Deputy Minister
Helen Mcdonlad,Helen Mcdonald,2011-01-18,2011-01-18,1,Assistant Deputy Minister
Helen Mcelroy,Helen Mcelroy,2009-06-16,2018-10-11,15,Director General
Helen Nowers,Helen Nowers,2019-06-11,2019-06-11,1,Special Advisor
Helen Picard,Helene Picard,2022-09-26,2022-09-26,1,Director General
Helen Rayn,Helen Ryan,2021-06-01,2021-06-01,1,Associate Assistant Deputy Minister
Helen Ryan,Helen Ryan,2009-09-09,2023-08-09,174,Associate Assistant Deputy Minister
Helen Smiley,Helen Smiley,2010-05-28,2024-12-10,5,Director General
Helen Wong,Helen Wong,2015-11-17,2017-03-07,20,Senior Supervisor
Helena Borges,Helena Borges,2008-07-02,2017-12-04,163,Associate Deputy Minister
Helena Borgis,Helena Borgis,2010-10-05,2010-10-05,1,Acting Associate Deputy Minister
Helena Botelho,Helena Botelho,2020-06-04,2024-12-18,11,Manager
Helena Botelho Botelho,Helena Botelho Botelho,2023-06-01,2023-06-01,1,Executive Assistant
Helena Geurgis,Helena Geurgis,2011-02-10,2011-02-10,1,Member of Parliament
Helena Guergis,Helena Guergis,2008-07-28,2010-02-28,9,Minister of State
Helena Jacek,Helena Jaczek,2024-05-07,2024-05-07,1,Member of Parliament
Helena Jaczek,Helena Jaczek,2019-12-16,2025-06-12,150,Member of Parliament
Helena Jaczyk,Helena Jaczek,2020-02-06,2020-02-06,2,Member of Parliament
Helena Kojo,Helena Kojo,2021-04-26,2024-09-11,8,Advance
Helena Konanz,Helena Konanz,2025-06-11,2025-06-11,1,Member of Parliament
Helena Olivas-bosquet,Helena Olivas-bosquet,2022-08-11,2022-08-11,1,Special Advisor
Helene Girard,Helene Girard,2015-04-20,2015-05-04,2,"Director, Africa, Middle East and Europe"
Helene Giroux,Helene Giroux,2011-03-01,2013-01-29,8,Director General
Helene Gosselin,Helene Gosselin,2009-09-29,2016-07-27,28,"Deputy Minister, Labour"
Helene Laurendau,Helene Laurendeau,2020-04-07,2020-04-07,1,Deputy Minister
Helene Laurendeau,Helene Laurendeau,2010-11-25,2021-02-18,48,Deputy Minister
Helene Laurendeaux,Helene Laurendeau,2017-10-23,2017-10-23,1,Deputy Minister
Helene Lavardiere,Helen Laverdiere,2013-06-12,2013-06-12,1,Member of Parliament
Helene Lavenrdiere,Helen Laverdiere,2014-09-23,2014-09-23,1,Member of Parliament
Helene Laverdiere,Helene Laverdiere,2011-08-16,2019-05-29,136,Member of Parliament
Helene Laverdiere Ndp Foreign Affairs C,Helene Laverdiere Ndp Foreign Affairs C,2018-02-07,2018-02-07,1,Foreign Affairs Critic
Helene Laveridere,Helene Laveridere,2017-12-07,2017-12-07,1,Member of Parliament
Helene Lavierdere,Helene Laveridere,2013-11-19,2013-11-19,1,Member of Parliament
Helene Leblanc,Helene Leblanc,2011-08-16,2015-06-04,151,Member of Parliament
Helene Leblance,Helene Leblanc,2012-02-28,2012-02-28,1,Member of Parliament
Helene Marquis,Helene Marquis,2011-11-30,2020-02-28,7,"Acting Director General, Ecosystems Management Directorate"
Helene Mcdonald,Helen Mcdonald,2008-10-24,2008-10-24,1,Assistant Deputy Minister
Helene Michaud,Helaine Michaud,2013-02-05,2013-02-05,1,Member of Parliament
Helene Payette,Helene Payette,2023-03-30,2023-10-30,6,Director
Helene Pepin,Helene Pepin,2020-09-09,2025-06-05,76,"Advisor, Industrial Technology"
Helene Picard,Helene Picard,2020-08-12,2023-02-16,3,Director General
Helene Renaud,Helene Renaud,2010-09-01,2010-09-01,4,Advisor
Helene Robichaud,Helene Robichaud,2020-05-04,2020-05-11,2,"Director General, Trade, Investment and Growth"
Hella Chkir,Hella Chkir,2017-07-12,2024-06-07,13,"Senior Investment Analyst, Strategic Innovation Fund, Operations Directorate"
Heloise Levesque-guitard,Heloise Levesque-guitard,2022-05-11,2024-11-19,3,Manager
Hema Paupiah,Hema Paupiah,2023-10-13,2023-10-13,1,Digital Transformation Lead
Hena Masjedee,Hena Masjedee,2023-02-06,2023-09-21,2,"Desk Officer, El Salvador"
Hendric Brakel,Hendric Brakel,2019-03-22,2019-03-22,1,Senior Economic Advisor
Hendrick Brake,Hendrick Brake,2019-02-04,2019-02-04,1,"Special Assistant and Stakeholder Relations Advisor, Office of the Leader of the Opposition"
Hendrick Brakel,Hendrick Brakel,2018-09-18,2021-07-23,10,Senior Policy Advisor
Hendrick Taulin,Hendrik Taulin,2025-03-31,2025-03-31,1,Senior Investment Officer
Hendrik Brackel,Henrik Brakel,2021-11-02,2021-11-02,1,Chief Economic Advisor
Hendrik Bracker,Hendrik Bracker,2021-02-17,2021-02-17,1,Senior Policy Advisor
Hendrik Brakel,Hendrik Brakel,2017-11-28,2022-03-31,212,Senior Policy Advisor
Hendrik Brakell,Hendrick Brakel,2019-02-22,2019-02-22,1,Senior Policy Advisor
Hendrik Braker,Hendrik Bracker,2020-08-11,2020-08-11,1,Senior Policy Advisor
Hendrik Brakle,Hendrik Brakle,2019-05-06,2019-05-06,2,Senior Economic Advisor
Hendrik Brokei,Hendrik Brokei,2021-02-16,2021-02-16,1,Chief Economic Advisor
Hendrik Hendrik Brakel,Hendrik Hendrik Brakel,2021-01-07,2021-01-07,1,Senior Economic Advisor
Hendrik J. Kuipers,Hendrik J. Kuipers,2017-11-08,2017-11-08,1,First Secretary and Trade Commissioner
Hendrik Taulin,Hendrik Taulin,2021-08-17,2025-03-31,3,Senior Investment Officer
Henri Borque,Henri Borque,2018-09-07,2018-09-07,1,Parliamentary Affairs Advisor
Henri Bourque,Henri Bourque,2018-08-30,2018-09-19,2,Policy Advisor
Henri Huard,Henri Huard,2021-03-19,2021-03-19,1,Senior Program Advisor
Henri Sader,Henri Sader,2011-06-08,2012-05-07,3,Legislative Affairs
Henri Sadr,Henri Sadr,2017-03-20,2017-03-20,1,Staffer to Member of Parliament
Henrik Brackel,Hendrick Brakel,2018-04-16,2018-04-16,1,Senior Policy Advisor
Henrik Brakel,Henrik Brakel,2018-02-14,2021-01-08,4,Chief Economic Advisor
Henrique Santos,Henrique Santos,2018-08-22,2018-08-22,1,"Manager, Industry and Technological Benefits"
Henry Adlam,Henry Adlam,2023-06-19,2023-06-19,1,Policy Analyst
Henry Orbach-miller,Henry Orbach-miller,2022-02-24,2022-02-24,1,Policy Analyst
Henry Paiken,Henry Paiken,2019-02-26,2019-02-26,1,Parliamentary Research Assistant
Henry Paikin,Henry Paikin,2019-04-10,2020-09-01,2,Parliamentary Affairs Advisor
Henry Smith,Henry Smith,2016-12-02,2016-12-02,1,"Senior Policy Analyst, Climate Change Analysis and Resilience"
Henry Trim,Henry Trim,2022-05-11,2022-05-11,1,Economist
Henry Wells,Henry Wells,2017-08-30,2017-08-30,1,Senior Political and Economic Relations Officer
Henry Wright,Henry Wright,2016-12-01,2018-06-07,4,Staffer
Herbert Lussier,Hubert Lussier,2016-01-27,2016-01-27,1,Assistant Deputy Minister
Heremenegilde Twagiramungu,Heremenegilde Twagiramungu,2011-07-26,2011-07-26,1,"Manager, Water Sector"
Herman Cheung,Herman Cheung,2009-11-13,2009-11-13,2,Technology and Advertising and Market Research Unit
Hermel Vienneau,Hermel Vienneau,2008-12-23,2008-12-23,1,"Vice President, New Brunswick"
Hermenegilde Twagiramungu,Hermenegilde Twagiramungu,2011-06-07,2011-10-07,5,Head
Hermine Landry,Hermine Landry,2025-03-04,2025-03-04,1,Press Attaché
Herscha Goldberg,Herscha Goldberg,2018-09-26,2018-09-26,1,Policy Advisor
Hersha Goldberg,Hersha Goldberg,2018-04-25,2018-09-26,2,Assistant to the Chief of Staff
Hersi Hajaleh,Hersi Hujaleh,2016-02-23,2016-10-18,4,Policy Advisor
Hersi Hajulah,Hersi Hajulah,2017-02-02,2017-02-02,1,"Policy Advisor, Finance Canada"
Hersi Hajuleh,Hersi Hujaleh,2016-11-30,2017-01-18,2,Policy Advisor
Hersi Halujeh,Hersi Halujeh,2016-07-19,2016-07-19,1,Policy Advisor
Hersi Helujah,Hersi Halujeh,2016-11-16,2016-11-16,1,Policy Advisor
Hersi Herjaleh,Hersi Herjaleh,2016-09-20,2016-09-20,1,Policy Advisor
Hersi Hujaleh,Hersi Hujaleh,2015-11-30,2018-10-23,286,Policy Advisor
Hersi Hujeleh,Hersi Hujaleh,2016-09-19,2016-10-27,2,Policy Advisor
Herve Dery,Herve Dery,2013-07-04,2013-07-04,1,Acting Librarian and Archivist of Canada
Hervieux-payette Celine,Hervieux-payette Celine,2014-11-18,2014-11-18,1,Senator
Hester Soles,Hester Soles,2024-05-17,2024-05-17,1,Policy and Economic Officer
Heuts Paul,Heuts Paul,2013-08-15,2015-03-09,3,Policy Advisor
Hewitt Ted,Hewitt Ted,2016-04-28,2016-04-28,1,President
Hiba Khalife,Hiba Khalife,2023-10-31,2023-10-31,1,Officer
Hibo Abdillahi,Hibo Abdillahi,2022-07-18,2022-07-18,1,Departmental Liaison
Hiilary Geller,Hillary Geller,2012-04-24,2012-04-24,1,Assistant Deputy Minister
Hilary Childs-adams,Hilary Childs-adams,2014-03-05,2014-03-05,1,Ambassador
Hilary Davis,Hilary Davis,2017-09-26,2017-09-26,3,"Special Assistant, Policy"
Hilary Dawson,Hilary Dawson,2016-06-10,2016-06-10,1,Executive Assistant
Hilary Esmonde-white,Hilary Esmonde-white,2016-01-06,2016-06-09,3,"Director, Clean Tech, Infrastructure and Life Sciences"
Hilary Flett,Hilary Flett,2021-09-04,2021-09-04,1,Executive Director
Hilary Gellar,Hilary Geller,2012-07-12,2020-02-12,6,Assistant Deputy Minister
Hilary Geller,Hilary Geller,2011-03-04,2024-04-15,186,Assistant Deputy Minister
Hilary Geller Geller,Hilary Geller Geller,2017-06-19,2017-06-19,1,"Assistant Deputy Minister, Strategic Policy"
Hilary Glller,Hillary Geller,2020-11-25,2020-11-25,1,Assistant Deputy Minister
Hilary Hedriks,Hilary Hedriks,2023-06-07,2023-06-07,1,Special Assistant to Policy and Operations | Executive Assistant to the Chief of Staff
Hilary Hendrick,Hilary Hendriks,2025-02-20,2025-02-20,1,Policy Advisor
Hilary Hendricks,Hilary Hendricks,2023-05-17,2025-02-20,5,Policy Advisor
Hilary Hendriks,Hilary Hendriks,2020-03-03,2024-11-06,10,Policy Advisor
Hilary Hove,Hilary Hove,2022-09-28,2023-10-31,6,Senior Policy Advisor
Hilary Hunter,Hilary Hunter,2021-01-27,2021-01-27,1,Environment Officer
Hilary Ibey,Hilary Ibey,2020-02-24,2024-11-06,2,Indigenous Justice Program
Hilary Lawson,Hilary Lawson,2020-04-14,2020-04-14,1,Parliamentary Secretary’s Assistant
Hilary Leftick,Hilary Leftick,2016-02-23,2025-05-29,44,"Advisor, Youth Affairs"
Hilary Martin,Hilary Martin,2023-01-10,2023-08-10,2,"Manager, Research"
Hilary Morgan,Hilary Morgan,2018-03-21,2025-03-07,19,Parliamentary Secretary
Hilary Oakman,Hilary Oakman,2023-10-25,2024-02-08,2,"Director, Aquatic Invasive Species and Species at Risk"
Hilary Paulin,Hilary Paulin,2019-03-18,2019-03-18,1,Policy Advisor
Hilary Pearce,Hilary Peirce,2025-04-03,2025-04-03,1,Policy Advisor
Hilary Peirce,Hilary Peirce,2017-02-07,2025-06-05,239,Policy Advisor
Hilary Perice,Hilary Perice,2021-03-23,2021-03-23,1,Policy Advisor
Hilary Pierce,Hilary Peirce,2020-01-29,2025-01-20,18,Policy Advisor
Hilary Thatcher,Hilary Thatcher,2021-03-31,2021-03-31,1,"Senior Director, Project Development Indigenous Infrastructure"
Hilary Travis,Hilary Travis,2016-10-18,2021-11-04,476,Senior Policy Advisor
Hill Margaret,Hill Margaret,2013-05-02,2013-05-02,1,Legislative Counsel
Hillary Flett,Hilary Flett,2021-09-03,2021-09-03,1,Executive Director
Hillary Geller,Hillary Geller,2011-09-09,2023-08-09,14,Assistant Deputy Minister
Hillary Hendricks,Hilary Hendriks,2024-10-30,2024-10-30,1,Policy Advisor
Hillary Hove,Hilary Hove,2023-10-12,2024-05-01,2,Senior Policy Advisor
Hillary Leftick,Hillary Leftick,2016-03-01,2016-07-25,2,Staffer to Minister
Hillary Morgan,Hillary Morgan,2020-02-06,2024-12-09,102,Policy Advisor
Hillary Peirce,Hillary Peirce,2020-03-19,2024-10-09,2,Senior Policy Advisor
Hillary Pierce,Hillary Pierce,2022-02-03,2024-10-04,3,Director of Policy
Hillary Thatcher,Hillary Thatcher,2018-07-25,2024-10-22,9,Executive Director
Hillary Travis,Hillary Travis,2016-11-16,2020-06-04,13,Policy Advisor
Hillman Kirsten,Hillman Kirsten,2013-05-10,2013-05-10,1,Director General
Hisham El-bihbety,Hisham El-bihbety,2019-06-10,2019-06-18,2,Chief Information Security Officer
Hissein Hirji,Hissein Hirji,2023-11-03,2023-11-03,1,Political Section
Hitesh Jain,Hitesh Jain,2012-02-07,2012-02-07,1,Manager
Hivda Morissette,Hivda Morissette,2019-04-01,2019-04-01,1,Project Finance Manager
Ho. Tony Clement,Ho. Tony Clement,2010-12-13,2010-12-13,1,"Minister, Industry"
Hoang Mai,Hoang Mai,2011-09-21,2015-09-18,83,Member of Parliament
Hoang May,Hoang Mai,2015-02-03,2015-02-03,1,Member of Parliament
Hoback Randy,Hoback Randy,2011-09-27,2020-01-30,4,Member of Parliament
Hobbs Sarah,Hobbs Sarah,2011-11-02,2011-11-02,1,Financial Economist
Hobbs Steven,Hobbs Steven,2013-09-24,2013-09-24,1,Chief of Staff
Hoda Mroue,Hoda Mroue,2023-03-03,2024-10-25,3,"Senior Programs Officer, IHA"
Hoffman Abby,Hoffman Abby,2011-10-25,2011-10-25,1,"Assistant Deputy Minister, Strategic Policy"
Hollie Fischer,Hollie Fischer,2021-04-08,2022-10-20,13,Special Advisor
Hollie Mclean,Hollie Mclean,2020-12-17,2020-12-17,1,Senior Advisor to the Vice President
Holly Cooper,Holly Cooper,2022-03-10,2022-03-10,1,"Vice President, Indigenous Relations"
Holly Dugan,Holly Dugan,2021-01-21,2022-05-17,4,Stakeholder Relations Advisor
Holly Duggan,Holly Duggan,2020-10-20,2025-05-28,225,Stakeholder Relations Advisor
Holly Duggen,Holly Duggen,2021-05-14,2021-05-27,3,Stakeholder Relations Advisor
Holly Flowers-code,Holly Flowers-code,2021-05-12,2021-05-12,2,Assistant Deputy Minister
Holly Grenier,Holly Grenier,2022-01-20,2024-04-18,5,Chief of Staff
Holly Herald,Holly Herald,2014-12-04,2014-12-04,1,Special Advisor
Holly Hunter,Holly Hunter,2009-01-21,2017-02-24,18,Policy Advisor
Holly Johnson,Holly Johnson,2024-07-31,2024-07-31,1,Special Assistant
Holly Lightfoot,Holly Lightfoot,2021-02-23,2021-02-23,1,Parks Canada
Holly Mayer,Holly Mayer,2020-04-06,2024-10-10,6,Manager
Holly Mccoubrey,Holly Mccoubrey,2019-08-22,2022-01-10,4,"Director, Americas Division"
Holly Mccourbrey,Holly Mccourbrey,2022-01-28,2022-01-28,1,Director
Holly Mccracken,Holly Mccracken,2019-05-01,2025-02-27,7,Director
Holly Mcmanus,Holly Mcmanus,2019-01-23,2019-01-23,1,General Counsel
Holly Michalchuk,Holly Michalchuk,2013-11-21,2019-05-06,5,Staffer
Holly Palen,Holly Palen,2022-01-07,2022-01-07,1,Director
Holly Pallen,Holly Pallen,2021-10-21,2021-10-21,1,Acting Director
Holly Smith,Holly Smith,2009-02-23,2009-06-25,4,Special Assistant
Holly Stardom,Holly Stardom,2019-12-19,2020-01-13,2,"Manager, Policy Development"
Hon.candice Bergen,Hon.candice Bergen,2016-02-03,2016-02-03,1,Member of Parliament
Hon.lawrence Macaulay,Hon.lawrence Macaulay,2021-04-05,2021-04-05,1,Minister
Honey Walsh,Honey Walsh,2020-06-24,2020-06-24,1,"Acting Chief, National Pleasure Craft Operator Competency Program"
Hong Mai,Hoang Mai,2012-11-06,2012-11-06,1,Member of Parliament
Hong-won Yu,Hong-won Yu,2016-01-20,2021-06-23,4,Deputy Director
Honoruable Percy Mockler,Honoruable Percy Mockler,2017-02-14,2017-02-14,1,Senator
Honourablel Dan Vandal,Honourablel Dan Vandal,2020-04-09,2020-04-09,1,"Minister, Northern Affairs"
Hoonourable Rene Cormier,Hoonourable Rene Cormier,2024-02-01,2024-02-01,1,Senator
Hoori Hamboyan,Hoori Hamboyan,2023-06-22,2023-06-22,2,Senior Policy Advisor
Horourable Lawrence Macaulay,Horourable Lawrence Macaulay,2014-02-04,2014-02-04,1,Member of Parliament
Horvath Steve,Horvath Steve,2013-02-26,2013-02-26,1,President and Chief Executive
Hosai Halim,Hosai Halim,2024-04-16,2024-11-26,5,Policy Advisor
Hosai Zurmati Halim,Hosai Zurmati Halim,2022-10-17,2024-11-28,6,Policy Advisor
Hosaizurmati Halim,Hosaizurmati Halim,2024-07-12,2024-07-12,1,Analyst
Hosaizurmati Harim,Hosaizurmati Halim,2024-06-19,2024-06-19,1,Analyst
Hossain Bianca,Hossain Bianca,2020-10-09,2023-06-28,2,Policy Advisor
Hossein Behzadi,Hossein Behzadi,2021-10-22,2021-10-22,1,"Chief, Audit and Evaluation Executive"
Houle Marie-josee,Houle Marie-josee,2023-02-15,2023-02-15,1,Federal Housing Advocate
Houngtry Thomas,Houngtry Thomas,2025-03-14,2025-03-14,1,Parliamentary Secretary
Houston Meding,Houston Meding,2016-11-22,2016-11-22,1,Policy Advisor
Hovan Baghdassarian,Hovan Baghdassarian,2024-03-05,2024-03-05,1,Executive Director
Howard Albrect,Howard Albrect,2015-04-01,2015-04-01,1,Member of Parliament
Howard Alper,Howard Alper,2008-07-10,2015-03-24,24,Chair
Howard Anglin,Howard Anglin,2011-02-24,2015-10-15,85,Chief of Staff
Howard Englin,Howard Anglin,2011-09-28,2011-09-28,1,Chief of Staff
Howard Greene,Howard Greene,2009-07-16,2009-07-16,1,Assistant Deputy Minister
Howard Jeff,Howard Jeff,2011-02-23,2011-02-23,1,Policy Advisor
Howard Migie,Howard Migie,2009-07-08,2009-07-08,3,Special Advisor
Howard Njoo,Howard Njoo,2010-10-13,2022-12-09,18,Deputy Chief Public Health Officer
Howard Pike,Howard Pike,2012-05-10,2012-05-10,1,"Manager, Operations"
Howard Sapers,Howard Sapers,2016-06-06,2016-11-24,2,Corrections Advisor
Howard Weston,Howard Wetston,2017-11-28,2020-10-26,3,Senator
Howard Wetson,Howard Wetston,2018-03-21,2019-02-19,3,Senator
Howard Wetston,Howard Wetston,2017-02-14,2022-02-01,68,Senator
Howard Wong,Howard Wong,2022-12-15,2023-06-13,3,Director
Hozai Zurmati,Hozai Zurmati,2025-01-16,2025-01-16,1,Policy Advisor
Huard Ryan,Huard Ryan,2022-07-26,2022-07-26,1,Executive Director
Hubbs Jamey,Hubbs Jamey,2018-07-10,2018-07-10,1,Assistant Superintendent
Hubert Drolet,Hubert Drolet,2016-12-07,2017-03-28,2,Team Leader
Hubert Lacroix,Hubert Lacroix,2014-05-14,2014-05-14,1,President and Chief Executive Officer
Hubert Laferriere,Hubert Laferriere,2019-01-14,2019-01-14,1,"Director, Strategic Management Division"
Hubert Lussier,Hubert Lussier,2010-05-19,2018-03-27,74,Assistant Deputy Minister
Hubert Pichet,Hubert Pichet,2009-03-10,2009-03-10,1,Policy Advisor
Hubert Saindon,Hubert Saindon,2014-08-26,2023-02-03,3,Departmental Liaison
Hubert Villeneuve,Hubert Villeneuve,2023-12-11,2024-01-09,2,Senior Policy Advisor
Hugh Adsett,Hugh Adsett,2016-11-01,2016-11-02,2,Deputy Legal Advisor and Director General
Hugh Cheetham,Hugh Cheetham,2016-01-22,2016-01-22,4,General Counsel
Hugh Hicks,Hugh Hicks,2017-12-19,2018-12-12,8,"Manager, Economic Development"
Hugh Jones,Hugh Jones,2021-07-23,2021-07-23,2,Intern
Hugh Langley,Hugh Langley,2016-12-14,2022-06-15,2,"Coordinator, Scientific Programs"
Hugh Pouliot,Hugh Pouliot,2014-10-03,2016-05-17,3,Staffer
Hugh Robertson,Hugh Robertson,2020-11-13,2020-11-13,1,Director General
Hugh Segal,Hugh Segal,2010-10-05,2014-05-27,24,Senator
Hughe Vaillancourt,Hughe Vaillancourt,2016-05-03,2016-05-03,1,"Chief of Finance, Payments"
Hughes Carol,Hughes Carol,2017-02-01,2017-02-01,1,Member of Parliament
Hughes Morand,Hughes Morand,2020-09-28,2020-09-28,1,Deputy Director
Hughes St-pierre,Hughes St-pierre,2020-11-02,2020-11-02,1,Chief Financial Officer and Comptroller
Hughes Vaillancourt,Hughes Vaillancourt,2015-09-10,2018-06-26,5,"Director, Payment Policy"
Hugo Alvarez,Hugo Alvarez,2024-05-01,2024-05-01,1,Press Secretary and Communications Advisor
Hugo Berthiaume,Hugo Berthiaume,2018-10-24,2018-12-11,6,Staffer
Hugo Berthiaume Berthiaume,Hugo Berthiaume Berthiaume,2021-03-17,2021-03-17,1,Parliamentary Secretary
Hugo Fontaine,Hugo Fontaine,2012-05-29,2014-09-24,6,Member's Assistant
Hugo Gherbavaz,Hugo Gherbavaz,2014-11-18,2014-11-18,1,Environmental Assessment Advisor
Hugo Gherbavez,Hugo Gherbavez,2013-11-29,2013-11-29,1,Environment Assessment Advisor
Hugo Hamel,Hugo Hamel,2021-01-26,2021-01-26,1,Acting Manager
Hugo Lalonde,Hugo Lalonde,2024-11-26,2024-11-26,1,Senior Director
Hugo Morand,Hugo Morand,2020-07-24,2021-03-09,3,Deputy Director
Hugo Page,Hugo Page,2022-06-29,2024-02-16,4,Assistant Commissioner and Chief Financial Officer
Hugo Paquette,Hugo Paquette,2016-10-13,2016-10-13,1,Staffer
Hugo Robillard,Hugo Robillard,2024-05-29,2024-05-29,2,Senior Program Engineer
Hugues Gilbert,Hugues Gilbert,2009-01-12,2009-03-12,2,"Director, Policy and External Relations"
Hugues Leroux,Hugues Leroux,2009-02-18,2014-11-10,3,Trade Officer
Hugues Vaillaincourt,Hugues Vaillancourt,2024-07-24,2024-07-24,1,Director General
Hugues Vaillancourt,Hugues Vaillancourt,2016-03-31,2024-10-21,41,Director General
Hugues Villancourt,Hugues Villancourt,2021-10-13,2021-10-13,1,"Director General, Social Policy Directorate"
Huguette Beaupre,Huguette Beaupre,2011-05-19,2011-10-13,2,Program Manager
Huguette Labelle,Huguette Labelle,2018-05-29,2018-06-18,2,"Independent Advisory Board, Senate Appointment"
Hui Hang,Hui Hang,2024-08-01,2024-08-28,2,"Director of Operations, Western Operations"
Hui Peng,Hui Peng,2018-10-10,2018-10-10,1,Senior Program Engineer
Hujaleh Hersi,Hujaleh Hersi,2016-02-23,2016-06-06,2,Policy Advisor
Humayun Soomro,Humayun Soomro,2019-08-13,2019-08-13,1,Economist
Humna Shaikh,Humna Shaikh,2018-03-29,2020-07-03,4,Parliamentary Secretary
Hunter Lindsay,Hunter Lindsay,2016-10-25,2016-10-25,1,Ontario Regional Desk
Hunter Too Too,Hunter Tootoo,2016-03-21,2016-03-21,1,Member of Parliament
Hunter Tootoo,Hunter Tootoo,2015-11-17,2019-05-07,68,Member of Parliament
Huntley Johnston,Huntley Johnston,2024-02-23,2024-02-23,1,Permits Officer
Hurl David,Hurl David,2013-05-14,2013-05-14,1,"Policy Advisor, Opposition Research"
Hursh Jaswal,Hursh Jaswal,2012-02-22,2023-02-10,52,Chief of Staff
Husain Aboghodieh,Husain Aboghodieh,2021-12-06,2023-05-30,70,Policy Advisor
Hussain Aboghodieh,Husain Aboghodieh,2022-02-10,2022-02-10,2,Policy Advisor
Hussey Richard,Hussey Richard,2019-10-11,2019-10-11,1,Director
Huzaif Qaisar,Huzaif Qaisar,2022-10-17,2024-01-18,5,"Special Assistant, Communications"
Hyon Ju Li,Hyon Ju Yi,2023-02-06,2023-02-06,1,Trade Commissioner
Hyon Ju Yi,Hyon Ju Yi,2023-01-30,2024-08-21,2,Trade Commissioner
Hyonju Yi,Hyon Ju Yi,2023-02-24,2023-02-24,1,Trade Commissioner
