raw name,cleaned name,first_appearance,last_appearance,count,title
I Foucher,I Foucher,2017-07-17,2017-07-17,1,Senior Policy Advisor
I. Shugart,I. Shugart,2008-09-03,2008-09-03,1,Associate Deputy Minister
Iain Huddleston,Iain Huddleston,2021-01-21,2021-01-21,1,"Director General, Air Readiness"
Iain Mcphee,Iain Mcphee,2017-11-23,2017-11-23,1,Parliamentary Assistant
Iain Stewart,Iain Stewart,2008-09-11,2023-12-04,454,President
Iain Stewart Stewart,Iain Stewart Stewart,2019-05-06,2019-05-06,1,President
Iain Stuart,Iain Stewart,2018-06-12,2018-06-12,1,President
Iain Tyrell,Iain Tyrell,2015-11-03,2024-05-07,4,Manager | Senior Policy Advisor
Iain Tyrrell,Iain Tyrrell,2014-10-28,2021-11-30,15,Manager | Senior Policy Advisor
Iam Hamilton,Ian Hamilton,2022-02-23,2022-02-23,1,Senior Policy Advisor
Ian Alexander,Ian Alexander,2010-09-13,2022-10-24,11,Executive Director
Ian Anderson,Ian Anderson,2019-03-26,2019-03-26,1,Director General
Ian Baggley,Ian Baggley,2018-02-26,2023-06-28,7,Director General
Ian Birney,Ian Birney,2010-11-18,2010-12-16,2,Associate Deputy Minister
Ian Boelens,Ian Boelens,2020-08-04,2024-10-30,7,Project Engineer
Ian Boucher,Ian Faucher,2024-04-10,2024-04-10,1,Chief of Staff
Ian Brodie,Ian Brodie,2015-04-17,2015-04-17,1,Chief of Staff
Ian Burch,Ian Burch,2020-11-19,2023-01-20,7,Senior Analyst
Ian Burchett,Ian Burchett,2016-11-29,2019-09-06,5,Director General
Ian Burchette,Ian Burchette,2019-08-20,2019-08-20,1,Assistant Deputy Minister
Ian Burk Cameron,Ian Burk Cameron,2021-08-03,2021-08-03,1,Press Secretary
Ian Burney,Ian Burney,2008-10-23,2019-10-08,139,Assistant Deputy Minister
Ian C. Poulter,Ian C. Poulter,2010-09-20,2010-09-20,1,Deputy Chief of Staff
Ian Cameron,Ian Cameron,2020-06-29,2023-06-15,33,Press Secretary
Ian Campbell,Ian Campbell,2010-08-17,2011-11-14,2,Assistant Director
Ian Carr,Ian Carr,2021-11-17,2021-11-18,2,Director of Communications
Ian Chatwell,Ian Chatwell,2022-10-26,2024-02-06,3,Regional Director
Ian Christensen,Ian Christensen,2013-12-10,2013-12-10,1,"Assistant Chief, Financial Stability Department"
Ian Cooper,Ian Cooper,2013-11-12,2013-11-12,1,"Senior Analyst, Team Lead"
Ian Crump,Ian Crump,2023-10-17,2023-10-17,1,Policy Advisor
Ian D Mac,Ian D Mac,2008-10-16,2008-10-16,1,Director General
Ian Dahlman,Ian Dahlman,2016-08-24,2018-01-18,3,Analyst
Ian Denis,Ian Denis,2019-04-09,2019-04-30,2,Parliamentary Assistant
Ian Dhalman,Ian Dahlman,2018-01-18,2018-01-18,3,Analyst
Ian Disend,Ian Disend,2017-03-23,2023-12-19,6,Expert Advisor
Ian Donaldson,Ian Donaldson,2024-01-11,2024-05-14,2,Director
Ian Dunbar,Ian Dunbar,2025-05-06,2025-05-06,1,Chief of Staff
Ian Fall,Ian Fall,2009-10-01,2021-06-08,21,"Director, Investment Management"
Ian Faucher,Ian Faucher,2016-09-23,2024-02-09,10,Chief of Staff
Ian Fouccher,Ian Fouccher,2017-05-01,2017-05-01,1,Senior Policy Advisor
Ian Foucer,Ian Foucer,2018-09-28,2018-09-28,1,"Deputy Director, Financial Sector Policy"
Ian Fouche,Ian Fouche,2016-08-17,2016-08-17,1,"Policy Advisor, Financial Sector"
Ian Foucher,Ian Foucher,2015-12-07,2025-06-05,1671,Chief of Staff
Ian Fouchere,Ian Foucher,2017-05-11,2017-05-11,1,Chief of Staff
Ian Founcher,Ian Fouccher,2018-07-25,2018-07-25,1,Senior Policy Advisor
Ian Fournier,Ian Fournier,2019-07-02,2019-07-02,1,Director of Policy
Ian G West,Ian West,2012-02-15,2012-02-15,1,Chief of Staff
Ian G. West,Ian West,2013-12-03,2013-12-03,1,Chief of Staff
Ian Gallagher,Ian Gallagher,2015-04-01,2015-06-08,5,"Special Assistant, Policy"
Ian Genno,Ian Genno,2019-10-24,2025-04-30,4,Strategic Advisor
Ian Gillespie,Ian Gillespie,2013-02-21,2023-06-16,17,Director
Ian Gillespie - Gillespie,Ian Gillespie - Gillespie,2021-08-30,2021-08-30,1,Director
Ian Glen,Ian Glen,2011-08-11,2011-08-11,1,Chair
Ian Graham,Ian Graham,2008-11-28,2011-12-01,3,Vice President
Ian H.c. Todd,Ian Todd,2009-05-06,2009-05-06,1,Chief of Staff
Ian Hamilton,Ian Hamilton,2021-03-30,2022-09-14,5,Senior Policy Advisor
Ian Highbottom,Ian Highbottom,2023-05-10,2023-05-10,1,Deputy Director
Ian Hodges,Ian Hodges,2016-08-31,2016-08-31,1,Senior Advisor
Ian J. Burchette,Ian J. Burchette,2013-05-13,2013-05-13,1,Consul General
Ian Jack,Ian Jack,2009-01-26,2009-01-26,1,"Deputy Commissioner, Competition"
Ian Kenney,Ian Kenney,2017-09-27,2025-02-10,2,Special Advisor
Ian Kenny,Ian Kenny,2017-08-31,2017-08-31,1,"Executive Director, Youth"
Ian Kerr,Ian Kerr,2022-02-10,2022-04-06,3,"Vice President, Operations Transformation"
Ian Ketcheson,Ian Ketcheson,2008-09-11,2024-11-28,43,Director General
Ian Ketchinson,Ian Ketchinson,2023-06-09,2023-06-09,1,"Vice President, Indigenous Relations Sector"
Ian Ketchson,Ian Ketcheson,2024-06-25,2024-06-25,1,Director General
Ian Mack,Ian Mack,2009-07-10,2016-03-10,24,"Director General, Major Project Delivery"
Ian Mackay,Ian Mackay,2019-09-03,2019-09-03,1,Chief Executive Officer
Ian Matheson,Irene Mathyssen,2008-09-29,2010-01-26,7,Member of Parliament
Ian Mccowan,Ian Mccowan,2017-09-01,2021-10-15,19,"Deputy Secretary to the Cabinet, Governance"
Ian Mccowen,Ian Mccowen,2017-10-19,2017-10-19,1,Deputy Secretary to the Cabinet
Ian Mckay,Ian Mckay,2018-06-05,2025-02-06,43,Chief Executive Officer
Ian Mcleod,Ian Mcleod,2020-08-27,2020-08-31,2,Vice President
Ian Murdoch,Ian Murdoch,2023-01-30,2023-01-30,1,Trade Commissioner
Ian Myles,Ian Myles,2015-02-20,2015-07-07,7,Senior Director
Ian Patten,Ian Patten,2021-09-01,2021-09-01,1,Policy Analyst
Ian Plante,Ian Plante,2015-03-04,2015-03-04,1,Chief of Staff
Ian Potter,Ian Potter,2008-07-08,2016-07-12,18,Vice President
Ian Poulter (mgen,Ian Poulter (mgen,2010-01-21,2010-03-23,2,Acting Chief of Staff
Ian Pourlter (mgen,Ian Poulter (mgen,2009-12-09,2009-12-09,1,Acting Chief of Staff
Ian Rogalski,Ian Rogalski,2020-02-24,2020-04-16,2,Senior Analyst
Ian S. Mackay,Ian S. Mackay,2010-10-21,2010-10-21,1,Member
Ian Sargeant,Ian Sargeant,2011-11-02,2011-11-02,1,Assistant Secretary
Ian Schugart,Ian Schugart,2010-06-08,2010-06-08,1,Deputy Minister
Ian Scott,Ian Scott,2017-10-05,2022-12-12,100,Chairman and CEO
Ian Sheppart,Ian Sheppart,2010-07-08,2010-07-08,1,Deputy Minister
Ian Shgart,Ian Schugart,2009-03-22,2009-03-22,1,Deputy Minister
Ian Shugart,Ian Shugart,2008-07-22,2023-11-15,222,Deputy Minister
Ian Shuggart,Ian Schugart,2008-07-22,2008-07-22,1,Deputy Minister
Ian Shughart,Ian Shughart,2014-03-10,2018-09-24,4,"Deputy Minister, Foreign Affairs"
Ian Stewart,Iain Stewart,2012-06-21,2018-11-08,8,President
Ian Stiskin,Ian Stiskin,2023-02-07,2024-02-26,4,Legislative Assistant
Ian Stones,Ian Stones,2017-03-08,2017-03-08,1,"Analyst, Space and Marine Directorate"
Ian Todd,Ian Todd,2008-12-22,2025-04-08,60,Chief of Staff
Ian Tyrrell,Ian Tyrrell,2016-09-27,2016-09-27,1,Senior Policy Advisor
Ian Wallace,Ian Wallace,2013-05-29,2013-05-29,1,Manager
Ian West,Ian West,2010-02-10,2015-04-02,123,Chief of Staff
Ian Widgett,Ian Widgett,2017-10-14,2020-07-22,2,Senior Trade Policy Analyst
Ian Wright,Ian Wright,2014-11-25,2018-01-29,4,"Chief, Financial Crimes - Domestic"
Iann Todd,Ian Todd,2009-05-21,2009-05-21,1,Chief of Staff
Iannick Lamirande,Iannick Lamirande,2013-11-29,2013-11-29,1,Senior Advisor
Ibrahim Berrada,Ibrahim Berrada,2016-02-17,2016-02-17,1,Special Assistant
Ibrahim Konare,Ibrahim Konare,2019-06-10,2019-10-16,18,Charities Analyst
Ibrahim Mayssam,Ibrahim Mayssam,2022-03-09,2022-03-09,1,Policy Advisor
Ibrahim Yimer,Ibrahim Yimer,2021-08-09,2025-05-28,14,Vice President
Ibrahim Yimmer,Ibrahim Yimmer,2025-04-16,2025-05-29,2,Vice President
Ibrahima Sow,Ibrahima Sow,2016-10-05,2025-05-14,62,Executive Director
Idee Inyandogour,Idee Inyandogour,2014-03-05,2014-03-05,1,Director of Policy
Idee Inyangador,Idee Inyangador,2013-03-05,2013-03-05,1,Senior Policy Advisor
Idee Inyangadour,Idee Inyangudor,2014-06-26,2014-11-05,2,Director of Policy and Stakeholder Relations
Idee Inyangodur,Idee Inyangudor,2013-10-04,2013-10-04,1,Director of Policy and Stakeholder Relations
Idee Inyangudo,Idee Inyangudo,2014-12-17,2014-12-17,1,"Director of Policy, Stakeholder Relations"
Idee Inyangudoor,Idee Inyangudoor,2011-11-10,2011-11-10,1,Advisor to Minister on Food Security and Africa
Idee Inyangudor,Idee Inyangudor,2009-09-09,2015-08-06,160,Director of Policy and Stakeholder Relations
Idee Inyangudur,Idee Inyangudor,2014-05-01,2014-05-01,1,Director of Policy and Stakeholder Relations
Idee Inyanqudor,Idee Inyanqudor,2015-06-25,2015-06-25,1,Policy Advisor
Idzva Tsatsakotwas,Idzva Tsatsakotwas,2021-12-17,2021-12-17,1,Policy Analyst
Ifan Thomas,Ifan Thomas,2021-04-22,2021-04-22,1,"Director, Wood Buffalo Action Plan"
Igneski Jasmine,Igneski Jasmine,2008-09-05,2008-09-05,1,Policy Advisor
Igra Khalid,Iqra Khalid,2018-10-23,2018-10-23,1,Member of Parliament
Iian Goldenblatt,Iian Goldenblatt,2019-12-04,2019-12-04,1,Constituency Assistant
Iian Stewart,Iian Stewart,2014-01-30,2014-01-30,1,Assistant Deputy Minister
Iiona Rehberg,Ilona Rehberg,2016-11-01,2016-11-01,1,Director General
Ikra Khalid,Iqra Khalid,2018-10-23,2018-10-23,1,Member of Parliament
Ikram Belbahri,Ikram Belbahri,2020-07-16,2020-07-16,1,Constituency Assistant
Ila Gupta,Ila Gupta,2024-01-12,2024-04-11,2,Claims Verification Officer
Ilona Rehberg,Ilona Rehberg,2012-05-02,2018-04-26,47,Director General
Ilyad Kaghad,Iyad Kaghad,2024-03-05,2024-03-05,1,Policy Advisor
Ima Okonny,Ima Okonny,2024-06-06,2024-06-06,2,Chief Data Officer
Imaan Sandhu,Imaan Sandhu,2024-01-11,2024-01-11,1,Policy Advisor
Imane Hamdani,Imane Hamdani,2024-10-17,2025-05-27,6,Standards Engineer
Imi Waljee,Imi Waljee,2020-07-22,2024-05-17,6,"Regional Director, Civil Aviation - Ontario"
Immaculate Byaruhanga,Immaculate Byaruhanga,2022-01-21,2022-01-21,1,Business Officer
Imraan Bashir,Imraan Bashir,2017-07-28,2019-12-02,11,CSO
Imran Bashir,Imran Bashir,2018-08-31,2018-08-31,1,Senior Director
Imran Damani,Imran Damani,2020-07-17,2020-07-17,1,Economic Analyst
Indee Inyangudor,Idee Inyangudor,2011-11-01,2014-12-10,2,Director of Policy and Stakeholder Relations
Indrani Hallan,Indrani Hallan,2008-08-07,2008-08-07,1,Head
Indrani Hulan,Indrani Hulan,2017-02-23,2021-08-05,33,"Director, Rail Policy Analysis and Legislative Initiatives"
Ines Kwan,Ines Kwan,2020-10-03,2020-10-03,1,Counsel
Ines Walther,Ines Walther,2023-09-27,2023-09-27,1,Veterinarian
Inez Nevelle,Inez Nevelle,2017-10-05,2017-10-05,1,Policy Advisor
Inez Neville,Inez Neville,2024-12-03,2025-04-01,3,Chief of Staff
Inga-lill Olsson,Inga-lill Olsson,2023-01-30,2025-04-07,5,Trade Commissioner
Ingrid Arcand,Ingrid Arcand,2025-02-13,2025-02-13,1,Advisor
Ingrid Burgetz,Ingrid Burgetz,2022-05-04,2022-10-24,2,Acting Director
Ingrid De Freitas,Ingrid De Freitas,2022-02-10,2023-09-14,2,"Director, Inbound International Investment"
Ingrid Defreitas,Ingrid Defreitas,2021-07-28,2023-09-06,5,Director
Ingrid Defretias,Ingrid Defreitas,2023-02-15,2023-02-15,1,Director
Ingrid Defrietas,Ingrid Defrietas,2024-09-05,2024-09-05,1,Tax Policy Officer
Ingrid Neubert,Ingrid Neubert,2015-02-03,2016-08-12,4,Administrative Assistant
Ingrid Pringle,Ingrid Pringle,2008-08-18,2014-02-05,3,Assistant to the Regional Director
Ingrid Schenk,Ingrid Schenk,2011-03-30,2011-07-26,6,Acting Director
Ingrida Darasaite,Ingrida Darasaite,2024-11-05,2024-11-05,1,"Counsellor, Trade"
Inna Ilienko,Inna Ilienko,2023-01-05,2024-08-28,5,Business Analyst
Inta Koltins,Inta Koltins,2015-01-20,2015-01-20,1,"Special Assistant, Case Management"
Inyangudor Idee,Inyangudor Idee,2013-06-20,2013-12-11,2,Director of Policy and Stakeholder Relations
Ioanna Sahas Martin,Ioanna Sahas Martin,2014-04-16,2020-02-04,2,Director
Ionna Sahas Martin,Ionna Sahas Martin,2022-12-06,2022-12-06,1,"Executive Director, Pan Africa and Regional Development"
Ioulia Mish,Ioulia Mish,2023-11-01,2023-11-01,2,Director
Iqbal Sultani,Iqbal Sultani,2022-09-28,2023-06-16,27,Special Assistant
Iqra Kahlid,Iqra Kahlid,2023-02-07,2023-02-07,1,Member of Parliament
Iqra Khalid,Iqra Khalid,2016-01-15,2025-06-11,206,Member of Parliament
Iqwinder Gaheer,Iqwinder Gaheer,2021-11-09,2025-06-03,144,Member of Parliament
Ira Khadkar,Ira Khadkar,2023-09-11,2023-09-11,1,"Advisor, Atlantic Canada"
Ira Khedkar,Ira Khedkar,2023-06-14,2024-02-08,18,Communications and Atlantic Advisor
Irek Kusmeirczyk,Irek Kusmeirczyk,2020-05-01,2020-05-25,2,Parliamentary Secretary
Irek Kusmerczyk,Irek Kusmeirczyk,2020-03-24,2020-03-24,1,Parliamentary Secretary
Irek Kusmericzyk,Irek Kusmierczyk,2024-09-23,2024-09-23,1,Member of Parliament
Irek Kusmiercayk,Irek Kusmierczyk,2020-11-23,2020-11-23,1,Member of Parliament
Irek Kusmierczky,Irek Kusmierczyk,2020-10-29,2020-10-29,2,Member of Parliament
Irek Kusmierczyk,Irek Kusmierczyk,2019-11-28,2025-03-20,171,Member of Parliament
Irek Kuzmierczyk,Irek Kusmeirczyk,2020-02-20,2020-02-20,1,Parliamentary Secretary
Irena Spasovska,Irena Spasovska,2020-06-23,2020-06-23,1,Senior Special Assistant
Irene Brueckner-irwin,Irene Brueckner-irwin,2020-11-20,2021-03-03,6,Legislative Assistant
Irene Cheung,Irene Cheung,2018-09-25,2021-11-16,208,Policy Advisor
Irene Chung,Irene Chung,2018-11-13,2019-05-10,6,Policy Advisor
Irene Coyle,Irene Coyle,2009-09-30,2009-09-30,1,Research Engineer
Irene Irene Makary-abourizk,Irene Irene Makary-abourizk,2023-03-16,2023-03-16,1,Principal Analyst
Irene Kusmierczyk,Irek Kusmierczyk,2020-03-09,2020-03-09,1,Member of Parliament
Irene Makary-abourizk,Irene Makary-abourizk,2023-03-09,2023-11-23,5,Principal Analyst
Irene Matheson,Irene Mathyssen,2014-04-07,2014-04-07,1,Member of Parliament
Irene Mathyseen,Irene Mathyssen,2015-03-26,2015-03-26,1,Member of Parliament
Irene Mathysen,Irene Mathyssen,2017-02-14,2017-02-14,1,Member of Parliament
Irene Mathyson,Irene Mathyssen,2014-10-06,2014-10-06,1,Member of Parliament
Irene Mathyssen,Irene Mathyssen,2010-09-21,2021-03-04,220,Member of Parliament
Irene Mathysson,Irene Mathyssen,2011-11-29,2017-11-07,3,Member of Parliament
Irene Mathysssen,Irene Mathyssen,2012-06-04,2012-06-04,1,Member of Parliament
Irene Mattyson,Irene Mathyssen,2012-10-18,2012-10-18,1,Member of Parliament
Irene Mikawoz,Irene Mikawoz,2011-08-23,2024-02-27,2,Deputy Director
Irene Serry,Irene Serry,2017-12-12,2018-02-01,5,Assistant to the Minister
Irina Petrova,Irina Petrova,2017-02-07,2017-03-21,3,Commerce Officer
Iris G. Petten,Iris Petten,2023-10-03,2024-11-19,5,Senator
Iris Petten,Iris Petten,2023-06-07,2025-06-11,13,Senator
Irving Gerstein,Irving Gerstein,2009-03-23,2015-12-09,19,Senator
Irving R. Gerstein,Irving Gerstein,2012-01-12,2012-01-12,1,Senator
Irwin Bess,Irwin Bess,2012-08-17,2021-03-25,4,Director General
Irwin Colter,Irwin Colter,2013-11-26,2013-11-26,1,Member of Parliament
Irwin Cotler,Irwin Cotler,2010-11-26,2023-08-30,39,Member of Parliament
Iryna Pryhara,Iryna Pryhara,2020-02-21,2020-02-26,2,Policy Analyst
Iryna Zamchevska,Iryna Zamchevska,2022-03-08,2022-03-08,1,Program Advisor
Isa Gros-louis,Isa Gros-louis,2017-07-17,2017-07-17,1,"Director, Strategic Policy, Planning and Portfolio Affairs"
Isa Tobas,Isa Tobas,2024-09-18,2024-09-18,1,Senior Advisor
Isa Tobpas,Isa Tobpas,2021-06-02,2021-06-02,1,"Regional Advisor, Ontario"
Isa Topbas,Isa Topbas,2021-04-06,2025-02-05,114,Policy Advisor
Isaac Breadner,Isaac Breadner,2008-08-26,2008-09-05,3,Executive Assistant to the Minister
Isaac Cockburn,Isaac Cockburn,2017-11-07,2017-11-07,1,Chief of Staff
Isabel Agolini,Isabel Agolini,2024-11-26,2025-05-14,4,Program Coordinator
Isabel Davis,Isabel Davis,2021-06-02,2021-06-02,3,Intern
Isabel Giardino,Isabel Giardino,2021-01-14,2024-12-09,3,Manager
Isabel Hernando,Isabel Hernando,2024-09-16,2024-09-16,1,"Senior International Assistance Officer, Development Cooperation"
Isabel Jaen Raasch,Isabel Jaen Raasch,2016-06-07,2020-12-09,2,General Counsel
Isabel Mainville,Isabel Mainville,2022-05-12,2022-05-25,3,Deputy Director
Isabel Morin,Isabelle Morin,2014-11-05,2014-11-05,1,Member of Parliament
Isabel O'rourke,Isabel Orourke,2021-01-15,2021-01-15,1,Administrative Officer
Isabel Ranger,Isabel Ranger,2020-10-06,2020-10-06,1,Director
Isabel Simon,Isabel Simon,2012-06-11,2012-06-11,1,Assistant
Isabel-alissa Jenish,Isabel-alissa Jenish,2022-10-04,2022-10-04,1,"Stakeholder Relations Analyst, Bank of Canada"
Isabell Laliberte,Isabelle Laliberte,2023-11-28,2023-11-28,1,Policy Advisor
Isabella An,Isabella An,2023-02-22,2023-02-22,1,"Assistant Secretary to the Cabinet, Social Development Policy"
Isabella Brisson,Isabella Brisson,2022-03-02,2022-04-21,3,"Acting Director, Communications | Press Secretary"
Isabella Chan,Isabella Chan,2020-10-09,2025-05-27,114,Senior Assistant Deputy Minister
Isabella Jimenez,Isabella Jimenez,2022-07-05,2022-07-05,1,Research Officer
Isabella Merola,Isabella Merola,2021-07-08,2021-07-08,1,Analyst
Isabella Orozco-madison,Isabella Orozco-madison,2018-10-31,2018-10-31,1,Special Assistant
Isabelle Aubin,Isabelle Aubin,2020-08-25,2021-10-15,6,Senior Advisor to the Associate Assistant Deputy Minister
Isabelle Beauchamp,Isabelle Beauchamp,2024-10-22,2024-10-22,1,Assistant
Isabelle Berand,Isabelle Berand,2009-03-10,2009-03-10,1,Director
Isabelle Berard,Isabelle Berard,2010-09-17,2020-10-22,13,Director General
Isabelle Blain,Isabelle Blain,2008-11-05,2012-05-16,13,Vice President
Isabelle Blaine,Isabelle Blain,2010-05-05,2010-05-05,1,Vice President
Isabelle Blair,Isabelle Blain,2009-04-28,2009-04-28,1,Vice President
Isabelle Bouchard,Isabelle Bouchard,2009-09-10,2024-01-25,7,Policy Advisor
Isabelle Bourassa,Isabelle Bourassa,2013-10-01,2013-10-01,1,Parliamentary Assistant
Isabelle Brault,Isabelle Brault,2010-10-07,2024-06-21,4,"Chief, Employment and Education"
Isabelle Bucanan,Isabelle Buchannan,2024-08-02,2024-08-02,1,Senior Policy Advisor
Isabelle Buchanan,Isabelle Buchanan,2023-09-19,2025-05-27,122,"Special Assistant, Policy"
Isabelle Buchannan,Isabelle Buchannan,2024-01-10,2024-01-22,2,Senior Policy Advisor
Isabelle Charest,Isabelle Charest,2021-05-21,2021-05-21,1,Member of Parliament
Isabelle Cholette,Isabelle Cholette,2023-03-15,2023-03-15,1,Acting Senior Program Analyst
Isabelle Courchesne,Isabelle Courchesne,2024-11-22,2024-11-22,5,Policy Advisor
Isabelle Daoust,Isabelle Daoust,2017-05-15,2025-02-27,4,Senior Policy Advisor
Isabelle Depault,Isabelle Depault,2022-01-28,2023-10-18,2,Senior Policy Analyst
Isabelle Desjardins,Isabelle Desjardins,2024-10-30,2024-10-30,1,Controls Development Engineer
Isabelle Desmarrais,Isabelle Desmarrais,2018-10-29,2018-10-29,1,"Assistant Deputy Minister, Science and Technology"
Isabelle Desmarti,Isabelle Desmarti,2022-06-28,2022-06-28,1,Assistant Deputy Minister
Isabelle Desmartis,Isabelle Desmartis,2018-04-09,2020-06-19,7,"Chief Executive Officer | Assistant Deputy Minister, Science and Technology"
Isabelle Doucet,Isabelle Doucet,2024-02-01,2024-02-01,1,Deputy Chief of Staff
Isabelle Genest,Isabelle Genest,2020-07-06,2020-07-06,1,Advisor
Isabelle Gervais,Isabelle Gervais,2022-08-30,2025-01-21,9,"Deputy Commissioner, Compliance"
Isabelle Gingras,Isabelle Gingras,2016-06-08,2016-06-08,1,Vice President
Isabelle Grenier,Isabelle Grenier,2021-07-07,2024-03-20,35,"Senior Advisor, Regional Affairs"
Isabelle Hddon,Isabelle Hddon,2023-04-19,2023-04-19,1,President and CEO
Isabelle Hudon,Isabelle Hudon,2019-06-26,2022-11-04,11,Ambassador of Canada to France
Isabelle Hurley,Isabelle Hurley,2022-01-10,2025-05-30,306,"Special Assistant, ATL Desk"
Isabelle Isabelle,Isabelle Isabelle,2024-02-21,2024-02-21,1,"Special Assistant, Policy"
Isabelle Jacob,Isabelle Jacob,2016-07-29,2016-10-26,7,Parliamentary Secretary
Isabelle Jacque,Isabelle Jacques,2022-01-27,2022-01-27,1,Assistant Deputy Minister
Isabelle Jacques,Isabelle Jacques,2021-09-16,2023-05-10,66,Assistant Deputy Minister
Isabelle Jaques,Isabelle Jacques,2022-07-18,2022-09-07,2,Assistant Deputy Minister
Isabelle Julien,Isabelle Julien,2015-03-16,2023-04-25,3,Director
Isabelle Laberge,Isabelle Laberge,2018-06-29,2022-12-01,4,Senior Director
Isabelle Laliberte,Isabelle Laliberte,2023-10-30,2025-01-23,39,Policy Advisor
Isabelle Landry,Isabelle T. Landry,2023-07-31,2023-07-31,1,Senior Program Officer
Isabelle Lapointe,Isabelle Lapointe,2020-05-21,2020-05-21,1,"Director, Parliamentary Affairs"
Isabelle Latulippe,Isabelle Latulippe,2024-09-10,2024-09-10,1,Director
Isabelle Laurin,Isabelle Laurin,2023-05-12,2023-10-04,2,Policy Advisor
Isabelle Mainville,Isabelle Mainville,2016-03-22,2016-03-22,1,"Advisor, Department"
Isabelle Major,Isabelle Major,2008-09-19,2008-09-19,1,Program Officer
Isabelle Mcleod,Isabelle Mcleod,2021-02-22,2021-02-22,1,Chief of Staff
Isabelle Michaud-germain,Isabelle Michaud-germain,2023-12-12,2023-12-12,1,Senior Trade Policy Analyst
Isabelle Mondou,Isabelle Mondou,2020-07-29,2025-05-15,193,Deputy Minister
Isabelle Mondu,Isabelle Mondou,2025-02-25,2025-02-25,1,Deputy Minister
Isabelle Moo Sang,Isabelle Moo Sang,2012-07-26,2012-07-26,1,Policy Officer
Isabelle Morin,Isabelle Morin,2011-09-02,2015-06-03,64,Member of Parliament
Isabelle Nimick,Isabelle Nimick,2021-07-08,2021-07-08,1,Intern
Isabelle Ouellet,Isabelle Ouellet,2018-05-28,2018-05-28,1,"Director, IM/IT Security"
Isabelle Paroulx,Isabelle Paroulx,2024-07-31,2024-08-12,2,"Manager, External Relations"
Isabelle Pilote,Isabelle Pilote,2024-06-20,2024-06-20,1,Section Head
Isabelle Pouliot-cotnoir,Isabelle Pouliot-cotnoir,2023-11-18,2023-11-18,1,Senior Manager
Isabelle Poupart,Isabelle Poupart,2023-02-20,2024-08-07,2,"Director General, European Affairs"
Isabelle Prolux,Isabelle Prolux,2024-12-12,2024-12-12,1,"Manager, External Relations"
Isabelle Proulx,Isabelle Paroulx,2024-08-09,2024-08-09,1,"Manager, External Relations"
Isabelle Quintal,Isabelle Quintal,2012-06-29,2018-12-05,2,Chief of Staff and Senior Advisor
Isabelle Ranger,Isabelle Ranger,2019-04-29,2021-02-01,14,Director
Isabelle Remillard,Isabelle Remillard,2023-12-04,2023-12-18,2,Senior Policy Analyst
Isabelle Ringuet,Isabelle Ringuet,2022-01-07,2022-06-03,2,Director
Isabelle Roy,Isabelle Roy,2019-03-20,2019-03-20,1,Senior Information and Communication Technology Specialist
Isabelle Sabourin,Isabelle Sabourin,2013-03-21,2025-01-13,13,Legislative Assistant
Isabelle Schryer,Isabelle Schryer,2021-11-26,2022-02-17,6,Executive Assistant
Isabelle Skalski,Isabelle Skalski,2022-06-16,2022-06-16,1,Senior Policy Analyst
Isabelle Slight,Isabelle Slight,2023-05-04,2023-05-04,1,Senior Policy Analyst
Isabelle T. Landry,Isabelle T. Landry,2023-10-20,2025-02-17,6,Senior Program Officer
Isabelle Tardif,Isabelle Tardif,2024-05-29,2024-05-29,2,Senior Regulatory Analyst
Isabelle Touchette,Isabelle Touchette,2024-10-09,2024-10-09,1,"Director, Health and Rights of Women, Adolescents and Children"
Isabelle Tranpanier,Isabelle Tranpanier,2009-08-19,2009-08-19,1,"Director, National Air Services"
Isabelle Tremblay,Isabelle Tremblay,2023-02-23,2023-02-23,1,"Director, Astronauts, Life Science and Space Medicine"
Isabelle Turcotte,Isabelle Turcotte,2022-03-04,2025-05-29,45,Senior Project Manager
Isabelle Valois,Isabelle Valois,2017-05-30,2024-02-13,9,Ambassador to Uruguay
Isabelle Verbisky,Isabelle Verbisky,2024-06-06,2024-06-06,1,Manager
Isabelle Wallace,Isabelle Wallace,2024-05-24,2024-05-24,1,Policy Analyst
Iseult Heureux Hubert,Iseult Lheureux-hubert,2023-05-15,2023-05-15,1,Staffer
Iseult L'heaureux-hubert,Iseult Lheureux-hubert,2019-05-02,2019-05-02,1,Staffer
Iseult L'heureux Hubert,Iseult Lheureux Hubert,2024-04-29,2024-04-29,1,Staffer to Member of Parliament
Iseult L'heureux-hebert,Iseult Lheureux-hubert,2024-04-29,2024-04-29,1,Staffer
Iseult L'heureux-hubert,Iseult Lheureux-hubert,2018-09-27,2025-01-29,37,Staffer
Iseult Lheureux-hubert,Iseult Lheureux-hubert,2019-05-28,2022-12-20,3,Staffer
Ishwara Prematunga,Ishwara Prematunga,2023-07-18,2023-07-18,1,Parliamentary Assistant
Isis Bozzano-bae,Isis Bozzano-bae,2024-02-06,2024-12-02,11,Senior Policy Advisor
Ismael Karidio,Ismael Karidio,2021-09-16,2021-09-16,1,Investment Analyst
Ismail Tasha,Ismail Tasha,2017-01-23,2019-01-30,2,Director of Operations
Ismar Fejzic,Ismar Fejzic,2016-06-20,2016-06-20,1,Senior Financial Management Advisor
Ismat Mccosham,Ismat Mccosham,2025-04-01,2025-04-01,2,Senior Policy Analyst
Ismene Akiteretse,Ismene Akiteretse,2020-09-17,2020-09-17,1,Parliamentary Assistant
Ivan Bastasic,Ivan Bastasic,2008-08-14,2008-08-14,1,Director
Ivan Godin,Ivan Godin,2010-10-18,2010-10-18,1,Member of Parliament
Ivan Roberts,Ivan Roberts,2013-03-26,2013-03-26,1,Ambassador
Ivan Zinger,Ivan Zinger,2008-10-20,2016-11-24,2,Correctional Investigator
Ivana Kosarac,Ivana Kosarac,2021-01-18,2021-08-05,2,Manager
Ivana Ndikuriyo,Ivana Ndikuriyo,2023-06-06,2023-06-06,1,Senior Director
Ivana Spasovska,Ivana Spasovska,2020-02-05,2021-08-06,114,"Senior Special Assistant, Regional Affairs"
Ivanna Spasovska,Ivanna Spasovska,2020-04-08,2020-09-01,2,Policy Advisor
Iwrin Cotler,Iwrin Cotler,2011-10-23,2011-10-23,1,Member of Parliament
Iyad Dakka,Iyad Dakka,2016-06-07,2021-06-23,2,Manager
Iyad Kaghad,Iyad Kaghad,2019-05-14,2024-12-05,43,Policy Advisor
Iyma Lamarche,Iyma Lamarche,2021-12-17,2022-03-11,2,Legislative Assistant
Izabel Cruzoj-shulman,Izabel Czuzoj-shulman,2024-04-09,2024-04-09,1,Director of Policy
Izabel Czuzoj-shulman,Izabel Czuzoj-shulman,2016-09-08,2024-12-11,18,Director of Policy
Izabel Hurley,Izabel Hurley,2024-10-07,2024-10-07,1,Advisor
Izak Weinstein,Izak Weinstein,2023-07-21,2023-07-21,1,Policy Analyst
Izzidine El-mufti,Izzidine El-mufti,2023-11-17,2023-11-17,1,Parliamentary Affairs Advisor and Issues Manager
