CleanName_version3,CleanTitle_version3,first_appearance,last_appearance,count,dpoh_name_raw
Habib Massoud,Assistant Director,2011-12-23,2013-09-24,8,Habib Massoud
Hadeel April Aziz,"Special Assistant, Ontario",2023-02-09,2025-01-31,54,Hadeel April Aziz
Hadeel Aziz,"Special Assistant, Ontario",2021-12-06,2025-01-28,24,"Hadeel  Aziz, Hadeel Aziz"
Hadell Aziz,Regional Advisor,2023-03-01,2023-03-01,1,Hadell Aziz
Hafeez A Shaikh,Industrial Technology Advisor,2012-01-13,2012-01-13,1,Hafeez A Shaikh
Haidn Barbara,"Senior Advisor, Policy and Partnership",2023-09-01,2023-09-01,1,Haidn Barbara
Haidy Tadros,Director General,2017-04-04,2017-04-04,1,Haidy Tadros
Haig Mccarrell,Director,2023-08-16,2023-08-16,1,Haig McCarrell
Hailey Rumbolt,Staffer,2017-05-30,2017-05-30,1,Hailey Rumbolt
Hailey Short,Senior Communications Advisor,2023-09-06,2023-11-14,2,Hailey Short
Haley Hodgson,Press Secretary,2022-01-17,2023-04-13,3,"Haley  Hodgson, Haley Hodgson"
Haley Juniper,Communications Advisor,2022-01-12,2024-05-10,6,"Haley  Juniper, Haley Juniper"
Haley Maziarski,Policy Analyst,2022-09-20,2022-09-20,1,Haley Maziarski
Haley Quipp,Staffer,2022-01-14,2022-01-14,1,Haley Quipp
Halima Meyers,Investment Analyst,2023-02-20,2024-07-24,2,Halima Meyers
Hall Karen,Director General,2018-01-11,2018-01-11,1,Hall Karen
Hall Mathew,Senior Policy Advisor,2025-02-28,2025-02-28,1,Hall Mathew
Hallan Jasraj Singh,Member of Parliament,2023-02-09,2023-02-09,1,Hallan Jasraj Singh
Halleh Koleyni,"Deputy Director, G20",2021-06-28,2021-08-31,2,Halleh Koleyni
Hallie Stacey-sullivan,"Advisor, Issues and Parliamentary Affairs",2023-04-03,2023-04-03,1,Hallie Stacey-Sullivan
Halucha Paul,Deputy Clerk,2018-01-17,2024-12-18,4,Halucha Paul
Halverson Soren,Associate Assistant Deputy Minister,2019-02-28,2019-02-28,1,halverson Soren
Hamid Mohamed,Assistant Program Director,2009-06-29,2009-06-29,1,Hamid Mohamed
Hamid Mohammed,Executive Assistant,2024-09-18,2024-09-18,1,Hamid Mohammed
Hamid Ould Brahim,CTI,2012-05-15,2013-09-16,5,Hamid Ould Brahim
Hamid Sarreshtehdari,Advisor,2023-10-13,2023-10-13,1,Hamid Sarreshtehdari
Hamish Wright,Policy Advisor,2022-01-14,2022-12-08,49,"Hamish  Wright, Hamish Wright, hamish Wright"
Hamzawi Nancy,Assistant Deputy Minister,2022-02-11,2022-02-11,1,Hamzawi  Nancy 
Han Dong,Member of Parliament,2020-01-29,2024-08-01,107,"Han Dong, Hang Dong"
Hanan Abramovici,Manager,2018-02-21,2020-10-01,4,"Hana Abramovici, Hanan Abramovici"
Hana Kokanovic,Senior Policy Advisor,2016-08-11,2019-07-16,47,"Hana Kokanovic, Hannah Kokanovic"
Hana Maqsood,Acting Manager,2023-10-19,2024-12-06,4,Hana Maqsood
Hana Mihaldz,"Desk Officer, Central America",2022-02-01,2022-02-01,1,Hana Mihaldz
Hanan Harb,"Director, Community and Stakeholder Relations",2019-06-03,2020-11-12,5,Hanan Harb
Hanan Salama,Constituency Assistant,2023-06-01,2023-06-01,2,Hanan Salama
Hanen Nanaa,"Regional Advisor, Ontario",2022-02-22,2022-09-28,2,Hanen Nanaa
Hanif Mawji,"Associate Director, Operations",2020-07-22,2023-07-27,3,Hanif Mawji
Hanife Masoomi,Parliamentary Assistant,2019-06-04,2019-06-04,1,Hanife Masoomi
Hank Trim,Senior Policy Analyst,2022-09-22,2022-09-22,1,Hank Trim
Hanna Abla,Senior Director,2019-07-04,2020-01-30,2,Hanna Abla
Hanna Bartool,"Policy Advisor to the Minister of Diversity, Inclusion and Persons with Disabilities",2024-04-11,2024-04-11,1,Hanna Bartool
Hanna Batool,"Regional Advisor, Ontario",2023-03-29,2024-04-11,5,"Hanna  Batool , Hanna Batool"
Hanna Button,Director of Policy,2016-03-31,2023-01-26,236,"Hana Button, Hanna  Button , Hanna Button, Hanna Button , Hanna Button,, Hannah Button"
Hanna Classen,Policy Analyst,2012-11-06,2012-11-06,1,Hanna Classen
Hanna Hughes,Intern,2020-11-12,2021-04-21,3,Hanna Hughes
Hanna Kambo,"Senior Advisor, West and North",2016-02-17,2021-11-05,31,"Hanna Kambo, Hannah Kambo"
Hanna Kokavonic,Senior Policy Advisor,2019-03-29,2019-03-29,1,Hanna Kokavonic
Hanna Lange-chenier,Communications Advisor,2020-02-18,2020-02-18,1,Hanna Lange-Chenier
Hanna Zhang,Briefing Officer,2024-04-02,2024-04-02,1,Hanna Zhang
Hanna Zheng,Executive Assistant,2023-03-15,2023-03-15,1,Hanna Zheng
Hannaan Hassan,Special Assistant,2022-01-14,2022-01-14,1,Hannaan Hassan
Hannah Anderson,Legislative Assistant,2016-03-10,2023-12-11,4,Hannah Anderson
Hannah Batool,"Advisor, Ontario Regional Affairs and Outreach",2023-12-08,2023-12-08,1,Hannah Batool
Hannah Ehler,Intern,2023-05-24,2023-05-29,2,Hannah Ehler
Hannah Hodson,Special Assistant,2020-11-03,2022-02-09,12,Hannah Hodson
Hannah Hughes,Parliamentary Assistant,2021-02-16,2021-02-16,1,Hannah Hughes
Hannah J. Johnston,Staffer to Member of Parliament,2019-03-04,2019-03-12,2,Hannah J. Johnston
Hannah Jensen,Parliamentary Assistant,2020-09-30,2020-11-30,3,Hannah Jensen
Hannah Rogers,Director,2016-06-21,2016-06-21,1,Hannah Rogers
Hannah Stafl,Senior Investment Analyst,2023-10-24,2023-10-26,2,Hannah Stafl
Hannah Wieler,"Director, Parliamentary Affairs",2022-07-07,2025-03-04,2,Hannah Wieler
Hannah Wilson,Policy Advisor,2018-10-16,2025-03-19,651,"Hannah  Wilson, Hannah  Wilson , Hannah WIlson, Hannah Wilson"
Hannan Hassan,Senior Communications Advisor,2024-11-04,2024-11-04,1,Hannan Hassan
Hannoush Andre,Policy Advisor,2015-07-13,2015-07-13,1,Hannoush Andre
Hans Jung,Surgeon General,2011-09-06,2011-09-06,1,Hans Jung
Hans Pierre,Chief Information Officer,2023-03-22,2023-03-22,1,Hans La Pierre
Hans Yu,Executive Director,2024-11-15,2024-11-15,1,Hans Yu
Hantz Prosper,Director General,2022-05-26,2024-10-04,6,Hantz Prosper
Harb Abed,Senior Policy Advisor,2017-08-10,2017-11-21,2,Harb Abed
Harbinder Gill,Member of Parliament,2025-06-11,2025-06-11,1,Harbinder Gill
Hardave Birk,Director of Policy,2016-06-07,2016-06-07,1,Hardave Birk
Harder Peter,Senator,2018-05-09,2018-05-09,1,Harder Peter
Hardie Ken,Member of Parliament,2018-02-06,2018-02-06,1,Hardie Ken
Hardie Rath-wilson,Legislative Assistant,2014-08-21,2017-05-16,7,Hardie Rath-Wilson
Hargrove Glen,Assistant Deputy Minister,2021-04-08,2021-04-08,1,Hargrove Glen
Hari Kukenthiran,Policy Advisor,2023-03-07,2023-03-07,1,Hari Kukenthiran
Harijit Saijan,Member of Parliament,2016-11-23,2020-05-23,3,"Harijit Saijan, Harjit Saajan, Harjit Sajin"
Harjit Sajjan,Minister,2015-11-13,2025-01-01,253,"Harjit  Sajjan, Harjit  Sajjan , Harjit  Singh Sajjan , Harjit S Sajjan, Harjit S. Sajjan, Harjit Sadjin, Harjit Saijan, Harjit Sajan, Harjit Sajjan, Harjit Sajjan , Harjit Sin Sajjan, Harjit Singh Sajjan, Harjitt Sajjan, Hon. Harjit S. Sajjan, Hon. Harjit Sajjan, Honourable Harjit Sajjan, The Hon Harjit S. Sajjan, The Honourable Harjit S. Sajjan, harjit sajjan"
Harjit Singh,Minister,2016-05-11,2016-05-11,1,Harjit Singh
Harjit Singh Sarjjan,Minister of National Defence,2016-03-08,2016-03-08,1,Harjit Singh Sarjjan
Harley Juniper,"Manager, Communications and Community Engagement",2022-05-26,2022-05-26,1,Harley Juniper
Harnoor Kochar,Summer Intern,2018-06-07,2018-06-07,1,Harnoor Kochar
Harold Albrecht,Member of Parliament,2008-12-18,2019-07-15,432,"Dr. Harold Albrecht, Dr. Harold Albrecht, M.P., HAROLD ALBRECHT, Harold Alberecht, Harold Albrecht, Harold Albrecht MP, Harold Albrecht, M.P., Harold Albrect, Harold Albreicht, Harold Albretch, Mr. Harold Albrecht, harold Albrecht, harold albrtecht"
Harold Boies,"Director, Periodical Policy and Programs",2016-06-01,2022-10-07,21,"Harold  Boies, Harold Boies"
Harold Boudreau,Pharmacy Consultant,2010-03-25,2010-03-25,1,Harold Boudreau
Harold Deck,"Senior Manager, Industrial Development",2013-11-12,2013-11-12,1,Harold Deck
Harold Dremin,Chief of Investor Services,2024-06-04,2025-03-04,4,Harold Dremin
Harold Gallagher,"Director, Financial Stability Retail Payments Oversight",2020-11-19,2020-11-19,2,Harold Gallagher
Harold Leadlay,Environment Assessment Officer,2013-04-23,2013-11-29,2,Harold Leadlay
Harold Wetston,Senator,2017-06-20,2017-06-20,1,Harold Wetston
Haroon Sritharan,Constituency Assistant,2021-05-04,2023-04-20,3,"Haroon Sritharan, haroon sritharan"
Harpreet Kochar,Associate Deputy Minister,2015-12-04,2024-10-31,25,"Dr. Harpreet Kocchar, Dr. Harpreet S Kochhar, Dr. Harpreet S Kochhar , Harpeet Kochhar, Harpreet  Kochar, Harpreet Kocchar, Harpreet Kochaar, Harpreet Kochar, Harpreet Kochbar"
Harper Stephen,Prime Minister of Canada,2009-02-26,2009-02-26,1,Harper Stephen
Harpreet Kachhar,Vic,2017-02-16,2017-02-16,1,Harpreet Kachhar
Harpreet Kochhar,President,2011-07-14,2025-05-01,184,"Dr. Harpreet Kochhar, Harpreet  Kochhar, Harpreet  Kochhar , Harpreet Kochhar, Harpreet Kochhar , Harpreet Kochlar, Harpreet S. Kochhar"
Harri Viksstedt,Canadian Foreign Exchange Committee,2018-06-25,2018-06-25,1,Harri Viksstedt
Harri Vikstedt,Senior Director,2016-04-19,2017-08-24,4,Harri Vikstedt
Harriet Jackson,Chief of Staff and Advisor to Senior Deputy Governor,2019-08-27,2024-05-28,4,"Harriet  Jackson, Harriet Jackson"
Harriet Roos,Deputy Director,2022-07-13,2025-03-26,3,"Harriet  Roose, Harriet Roos"
Harris Berton,Senior Advisor,2020-09-04,2020-09-04,1,Harris Berton
Harris Qureshi,Legislative Assistant,2019-02-05,2019-02-05,1,Harris Qureshi
Harrison Andruschak,Special Advisor,2022-07-07,2025-05-23,52,"Harrison  Andruschak, Harrison  Andruschak , Harrison Andruschak, Harrison Andruschak , Harrison Andrushchak"
Harrison Paul,Legislative Assistant,2022-02-04,2024-03-19,9,Harrison Paul
Harry Borlase,Policy and Stakeholder Relations,2013-10-01,2013-10-08,2,Harry Borlase
Harry Burton,Director of Operations,2018-05-29,2025-06-13,81,"Harry  Burton, Harry Burton"
Harry Gill,Assistant Commissioner and Agency Security Officer,2016-08-22,2024-10-11,5,Harry Gill
Harry Mcguire,Legislative Assistant,2024-12-05,2025-03-19,3,Harry McGuire
Harry Olbach-miller,Policy and Cabinet Affairs Advisor,2021-11-08,2021-11-08,1,Harry Olbach-Miller
Harry Orbach Miller,Policy Advisor,2023-04-14,2024-02-28,4,"Harry  Orbach Miller, Harry Orbach Miller, Harry Orback-Miller"
Harry Orbach-miller,Policy Advisor and Senior Coordinator,2020-05-11,2024-10-24,286,"Harry  Orbach-Miller, Harry  Orbach-Miller , Harry Orbach-Miller, Harry Orbach-Miller , Harry Orbach-miller"
Hartley Ben,Senior Advisor to the Parliamentary Secretary,2017-05-11,2017-05-11,1,Hartley Ben
Hartley Whitten,Executive Assistant,2022-08-17,2022-08-17,1,Hartley Whitten
Hartley Witten,Exempt Staff,2022-09-20,2024-08-28,3,Hartley Witten
Harun Jasarevic,Parliamentary Assistant,2017-11-02,2021-04-09,5,Harun Jasarevic
Haruna,"Executive Vice Chair | Chief Executive Officer, Naseni",2020-02-13,2020-02-13,1,M.S. Haruna
Harvey Vardy,"Assistant Commissioner, Coast Guard Atlantic Region",2021-03-11,2021-03-11,1,Harvey Vardy
Harvey Wong,Director of Tourism,2011-01-28,2011-12-01,3,Harvey Wong
Harwood Phil,Policy Advisor,2012-09-26,2012-09-26,1,Harwood Phil
Hasan Hutchison,Director General,2009-08-06,2018-08-22,50,"Dr. Hasan Hutchinson, Hasan Hutchinson, Hasan Hutchison, Hasan Huthison"
Haseeb Hassaan,Policy Advisor,2020-09-24,2023-06-22,23,"Haseeb Hassaan, Haseeb Hassan"
Hasina Haq-alam,"Officer, Arbitration",2016-09-27,2016-09-27,1,Hasina Haq-Alam
Hassan Amjoun,Senior Project Engineer,2024-10-30,2024-10-30,1,Hassan Amjoun
Hassan Yussuff,Senator,2021-08-03,2025-06-11,99,"HASSAN YUSSUFF, Hassan Yussuf, Hassan Yussuff"
Hassen Mohammed,Consultant,2023-02-14,2023-02-14,1,hassen Mohammed
Hatem Khouaja,Lead Technical Advisor,2019-08-23,2019-08-23,1,Hatem Khouaja
Hatton Terry,Director General,2023-03-28,2023-03-28,1,Hatton Terry
Hau Sing Tse,Senior Vice President,2010-09-17,2010-10-06,3,Hau Sing Tse
Hauke Harms,"Trade Commissioner, Embassy of Canada",2023-01-30,2023-10-20,2,Hauke Harms
Havelin Anand,Director General,2009-06-15,2009-06-15,2,Havelin Anand
Hawkins Bill,Chief of Staff,2011-08-24,2013-10-28,4,Hawkins Bill
Hawn Laurie,Member of Parliament,2011-11-15,2011-11-15,1,Hawn Laurie
Hayden Gowan,Parliamentary Assistant,2020-11-26,2023-10-05,4,Hayden Gowan
Hayden Moher,Staffer,2016-11-22,2024-01-22,12,Hayden Moher
Hayden Trenholm,Director of Policy,2008-10-30,2016-10-18,3,Hayden Trenholm
Haydon Place,Assistant,2012-06-11,2012-06-11,1,Haydon Place
Hayley Jean Rahman,Trade Commissioner,2017-11-14,2017-11-14,1,Hayley Jean Rahman
Hayley Provost,Junior Advisor,2025-03-26,2025-03-26,1,Hayley Provost
Hayley Quipp,Legislative Assistant,2020-02-27,2023-10-24,4,Hayley Quipp
Heath Lariviere,Director,2024-11-06,2024-11-06,2,"Heath  Lariviere, Heath Lariviere"
Heath Macdonald,Member of Parliament,2021-12-14,2025-06-05,114,"Heath  MacDonald, Heath  MacDonald , Heath  McDonald, Heath MacDonald, Heath Macdonald, Heath Macdonald , Heath McDonald, heath macdonald"
Heather Anderson,Senior Policy Advisor,2009-09-30,2016-03-22,9,Heather Anderson
Heather Arbuckle,"Manager, Horticulture Commodities",2019-09-27,2024-06-07,28,"Heather  Arbuckle, Heather Arbuckle"
Heather Bradley,Director of Communications,2016-08-31,2016-08-31,1,Heather Bradley
Heather Brown,National Manager,2020-06-26,2023-05-31,6,Heather Brown
Heather Bystryk,Trade Commissioner,2012-03-03,2025-03-19,7,Heather Bystryk
Heather Calvert,Policy Advisor,2024-12-12,2024-12-12,1,Heather  Calvert
Heather Cameron,"Director General, Programming",2010-11-02,2013-08-19,3,Heather Cameron
Heather Carriere,"Executive Director, Oversight",2021-12-17,2021-12-29,2,Heather Carriere
Heather Chiasson,Special Assistant,2016-03-24,2018-09-10,12,"Heather Chaisson, Heather Chiasson"
Heather Crowe,Chief of Staff,2024-11-25,2024-11-25,1,Heather Crowe
Heather Cruden,"Minister Counsellor, Development | Head of Aid",2009-06-22,2011-07-19,2,Heather Cruden
Heather Culbert,Director,2020-04-03,2020-05-25,2,Heather Culbert
Heather Cuthbert,Vice Chair,2020-11-12,2020-11-12,1,Heather Cuthbert
Heather Darch,Evaluation Specialist,2016-08-09,2016-09-27,2,Heather Darch
Heather Dauphinee,"Chief of Staff | Executive Advisor, Materiel Group",2008-11-28,2008-11-28,2,Heather Dauphinee
Heather De Santis,Chief of Staff,2018-04-18,2018-10-19,2,Heather De Santis
Heather Deehan,Director,2021-01-06,2025-03-24,5,Heather Deehan
Heather Domerackyj,Press Secretary,2011-01-25,2014-04-29,2,"Heather Domerackyj, Heather Domereckyj"
Heather Dryburgh,Acting Director General,2019-05-08,2019-05-08,1,Heather Dryburgh
Heather Dryden,Senior Policy Advisor,2017-06-13,2017-06-13,1,Heather Dryden
Heather Earle,Manager,2022-11-03,2024-11-05,3,"Heather  Earle, Heather Earle"
Heather Egan,Office Manager and Finance Administrator,2023-10-31,2024-02-15,2,Heather Egan
Heather Elliot,Senior Business Analyst,2024-08-08,2024-08-08,1,Heather  Elliot
Heather Elliott,Senior Advisor to Deputy Minister Champion,2019-11-25,2019-11-25,1,Heather Elliott
Heather Finn,Member of Parliament,2011-11-22,2011-11-22,1,Heather Finn
Heather Foley Melvin,"Director, Regional Affairs",2012-11-02,2015-07-23,13,"Heather Foley Melvin, Heather Foley-Melvin"
Heather Forsyth,Policy Advisor,2018-12-04,2020-02-25,4,Heather Forsyth
Heather Gordon,"Manager, Canadian Water Agency Transition Office",2023-08-10,2023-08-10,2,Heather Gordon
Heather Hall,Associate Director,2011-09-09,2017-07-25,6,Heather Hall
Heather Harpell,Environmental Assessment Specialist,2023-05-30,2023-05-30,1,Heather Harpell
Heather Heather Sheehy,"Associate Assistant Deputy Minister, Strategic Service Policy",2018-07-16,2018-07-16,1,Heather Heather Sheehy
Heather Holland,National Manager,2023-09-14,2023-10-03,2,Heather Holland
Heather Hossle,Director,2024-05-13,2024-05-13,1,Heather Hossle
Heather James,"Chief, Pacific Operations",2009-06-01,2009-06-01,1,Heather James
Heather Jefferey,Associate Deputy Minister,2021-11-05,2021-11-05,1,Heather Jefferey
Heather Jefferies,Director General,2016-09-08,2016-09-08,1,Heather Jefferies
Heather Jeffrey,Assistant Deputy Minister,2012-05-09,2024-04-30,116,"Heather  Jeffrey, Heather  Jeffrey , Heather Jeffrey, Heather Jeffreys"
Heather Kay,Senior Economist,2012-09-07,2013-04-09,3,Heather Kay
Heather Knudsen,Team Leader,2021-08-30,2021-09-29,2,Heather Knudsen
Heather Leclerc,Chief,2017-07-14,2017-07-14,1,Heather Leclerc
Heather Limburg,Epidemiologist,2021-06-24,2021-06-24,1,Heather Limburg
Heather Loth-bown,Vice President,2017-04-13,2017-04-13,1,Heather Loth-Bown
Heather Lunn,Program Officer,2021-01-28,2021-01-28,1,Heather Lunn
Heather Lynch,Manager | Senior Policy Advisor,2021-05-12,2024-04-18,3,Heather Lynch
Heather Macdonald,Advisor,2021-06-30,2022-08-15,4,"Heather  MacDonald, Heather MacDonald, Heather Macdonald"
Heather Maclean,Assistant to the Deputy Minister,2023-04-24,2023-04-24,1,Heather MacLean
Heather Macphail,Regional Executive,2023-03-03,2023-07-28,4,Heather MacPhail
Heather Mcbride,"Acting Deputy Director, Nutrition",2024-05-22,2024-05-22,1,Heather McBride
Heather Mccready,"Director General, Legislative and Regulatory Affairs",2018-05-29,2024-11-06,7,"Heather McCready, Heather Mccready"
Heather Mclean,Assistant Deputy Minister,2019-02-07,2024-07-29,19,"Heather  McLean, Heather  McLean , Heather McLean"
Heather Mcpherson,Member of Parliament,2019-12-09,2025-06-03,368,"Heather  MacPherson, Heather  McPherson, Heather MacPherson, Heather Macpherson, Heather McPherson, Heather McPherson , Heather McPherson,, Heather Mcpherson, Ms Heather McPherson, M.P., heather  mcpherson "
Heather Mcvetty,"Advisor, Telecommunications",2023-08-15,2023-08-15,1,Heather  McVetty 
Heather Meek,Senior Policy Analyst,2020-07-30,2022-03-23,5,Heather Meek
Heather Messera,Congressional Relations Officer,2024-01-09,2024-01-09,1,Heather Messera
Heather Michaud,Assistant Director,2021-04-09,2022-01-24,2,Heather Michaud
Heather Miller,Director,2017-07-28,2017-07-28,1,Heather Miller
Heather Moriarty,Director,2016-02-18,2023-09-26,8,"Heather  Moriarty , Heather Moriarty"
Heather Mustoe,Senior Partnership Lead,2021-09-23,2021-10-18,2,Heather Mustoe
Heather O'mara,Counsel,2021-09-08,2022-08-24,11,"Heather  O'Mara, Heather O'Mara"
Heather Patterson,"Deputy Director, Middle East, Europe and North Africa",2023-02-10,2023-06-14,3,"Heather Patterson, heather patterson"
Heather Pherson,Member of Parliament,2020-02-04,2020-02-04,1,Heather Pherson
Heather Poitras,Elder in Residence,2023-08-31,2023-08-31,1,Heather  Poitras
Heather Porter,Policy Advisor,2018-03-28,2018-05-17,5,Heather Porter
Heather Primeau,Director General,2014-10-01,2014-10-01,1,Heather Primeau
Heather Ryan,Policy and Program Analyst,2018-11-28,2018-11-28,1,Heather Ryan
Heather Shearer,Policy and Program Manager,2022-01-28,2024-11-20,4,Heather Shearer
Heather Sheehy,Associate Assistant Deputy Minister,2018-05-25,2019-09-11,5,Heather Sheehy
Heather Simmons,"Director, Product Assessment and Environmental Assessment Directorate",2020-08-20,2020-08-20,1,Heather Simmons
Heather Smeeton,"First Secretary, Finance Counsellor",2024-04-19,2024-04-19,1,Heather Smeeton
Heather Smith,"Vice President, Operations",2009-06-29,2018-11-06,106,Heather Smith
Heather Spencer,Senior Policy Advisor,2016-01-21,2016-01-21,1,Heather Spencer
Heather Stager,Senior Analyst,2021-07-14,2021-07-14,1,Heather Stager
Heather Throop,Director General,2010-12-07,2010-12-07,1,Heather Throop
Heather Upton-roy,Constituency Assistant,2020-12-10,2020-12-10,1,Heather Upton-Roy
Heather Watson,Senior Program Officer,2020-03-23,2023-04-19,2,Heather Watson
Heather Wood,"Director, International Fisheries Policy",2021-01-07,2024-07-12,5,"Heather Wood, Heather Woods"
Heather Zaleski,Parliamentary Assistant,2023-05-25,2023-05-25,1,Heather Zaleski
Heba Jibril,Parliamentary Assistant,2020-02-18,2022-10-28,6,Heba Jibril
Hector Lopez-negrete,Executive Assistant,2017-08-15,2017-08-15,1,Hector Lopez-Negrete
Hector Vera,Parliamentary Assistant,2014-06-03,2018-05-29,6,Hector Vera
Hedy Church,Member of Parliament,2013-11-05,2013-11-05,1,Hon. Hedy Church
Hedy Fry,Member of Parliament,2009-02-10,2025-03-03,477,"Dr Hedy Fry, Dr. Hedy Fry, HEDY FRY, Heddy Fry, Hedi Fry, Hedy (Dr.) Fry, Hedy Frey, Hedy Fry, Hedy Fry MP, Hedy fry, Hon Hedy Fry, Hon. Dr. Hedy Fry, Hon. Hedy Fry, Honourable Hedy Fry, The Hon. Dr. Hedy Fry, The Hon. Hedy Fry, The Honourable Dr.  Hedy  Fry, P.C., M.P. , The Honourable Dr.  Hedy Fry, The Honourable Dr. Hedy  Fry , The Honourable Dr. Hedy Fry, P.C., M.P., The Honourable Hedy Fry, The Honourable Hedy Fry, P.C., M.P."
Heidi Craswell,Manager | Senior Policy Advisor,2020-06-24,2020-06-24,1,Heidi Craswell
Heidi Ertl,Assistant Director,2023-06-15,2023-06-15,1,Heidi Ertl
Heidi Hofstad,Communications Manager,2015-01-23,2015-01-23,1,Heidi Hofstad
Heidi Hulan,Assistant Deputy Minister,2022-06-06,2024-06-07,13,"Heidi  Hulan, Heidi Hulan"
Heidi Jackson,Executive Director,2018-02-20,2018-02-20,1,Heidi Jackson
Heidy Kirby,Assistant,2020-01-16,2021-02-09,3,"Heidi Kirby, Heidy Kirby"
Heidi Macdonald,Manager,2023-10-25,2023-10-25,1,Heidi MacDonald
Helaine Michaud,Member of Parliament,2013-02-05,2014-02-04,3,"Hélaine Michaud, Hélène Michaud"
Helen Barret,Program Officer,2012-01-25,2012-01-25,1,Helen Barret
Helen Broom,Economist | Advisor,2020-09-22,2023-09-28,5,Helen Broom
Helen Brown,Director General,2010-03-10,2010-03-10,2,Helen Brown
Helen C. Kennedy,Deputy Director General,2010-10-21,2013-05-10,3,Helen C. Kennedy
Helen Cassie,Member's Assistant,2018-01-30,2018-01-30,1,Helen Cassie
Helen Cutts,Vice President,2011-05-13,2016-04-12,34,Helen Cutts
Helen Davies,"Executive Director, British Columbia and Yukon",2022-05-06,2022-05-06,1,Helen Davies
Helen El-koura,Senior Advisor to Assistant Deputy Minister,2021-06-24,2021-06-24,1,Helen El-Koura
Helen Gao,Policy Advisor,2019-02-07,2025-03-12,165,"Helen  Gao, Helen Gao"
Helene Gosselin,"Deputy Minister, Labour",2009-09-29,2016-07-27,29,"Helene Gosselin, Hélèn Gosselin, Hélène Gosselin"
Helen Graham,"Acting Director, Economic Development",2009-03-26,2009-03-26,1,Helen Graham
Helen Harrison,Manager,2024-10-24,2024-10-24,3,Helen Harrison
Helen Joseph,Director,2010-09-14,2013-10-04,10,Helen Joseph
Helen Kennedy,Director General,2009-06-09,2018-04-17,14,"Helen C Kennedy, Helen Kennedy"
Helen Lam,Policy Analyst,2016-05-03,2016-05-03,2,Helen Lam
Helene Laverdiere,Member of Parliament,2011-08-16,2019-05-29,145,"Helen Laverdiere, Helene Lavardiere, Helene Laverdiere, Helene Laverdière, Helene Laveridere, Helene Lavierdere, Hélène Lavenrdiére, Hélène Laverdière, Hélène Laverdière MP"
Helen Levesque,Migratory Birds Regulations Specialist,2010-03-18,2010-03-18,1,Helen Levesque
Helen Mcdonald,Assistant Deputy Minister,2008-09-29,2012-11-14,141,"HELEN MCDONALD, Helem McDonald, Helen MacDonald, Helen McDonald, Helen McDonlad, Helen Mcdonald, Helene McDonald"
Helen Mcelroy,Director General,2009-06-16,2018-10-11,15,Helen McElroy
Helen Nowers,Special Advisor,2019-06-11,2019-06-11,1,Helen Nowers
Helen Ryan,Associate Assistant Deputy Minister,2009-09-09,2023-08-09,175,"Helen Rayn, Helen Ryan, helen ryan"
Helen Smiley,Director General,2010-05-28,2024-12-10,5,"Helen  Smiley , Helen Smiley"
Helen Wong,Senior Supervisor,2015-11-17,2017-03-07,20,Helen Wong
Helena Borges,Associate Deputy Minister,2008-07-02,2017-12-04,166,"Helen Borges, Helena Borges, Helena Borgis"
Helena Botelho,Manager,2020-06-04,2024-12-18,11,"Helena  Botelho, Helena Botelho"
Helena Botelho Botelho,Executive Assistant,2023-06-01,2023-06-01,1,Helena Botelho Botelho
Helena Geurgis,Member of Parliament,2011-02-10,2011-02-10,1,Helena Geurgis
Helena Guergis,Minister of State,2008-07-28,2010-02-28,9,"HELENA GUERGIS, Helena Guergis"
Helena Jaczek,Member of Parliament,2019-12-16,2025-06-12,153,"Dr. Helena Jaczek, Helena Jacek, Helena Jaczek, Helena Jaczyk, Hon. Helena Jaczek, The Hon. Helena  Jaczek "
Helena Kojo,Advance,2021-04-26,2024-09-11,8,"Helena  Kojo, Helena Kojo"
Helena Konanz,Member of Parliament,2025-06-11,2025-06-11,1,Helena Konanz
Helena Olivas-bosquet,Special Advisor,2022-08-11,2022-08-11,1,Helena Olivas-Bosquet
Helene Girard,"Director, Africa, Middle East and Europe",2015-04-20,2015-05-04,2,Hélène Girard
Helene Giroux,Director General,2011-03-01,2013-01-29,8,"Helene Giroux, Hélène Giroux"
Helene Laurendeau,Deputy Minister,2010-11-25,2021-02-18,54,"Helen Laurendeau, Helene Laurendeau, Helene Laurendeaux, Hélène Laurendau, Hélène Laurendeau, Hélène Laurendeau,"
Helene Laverdiere Ndp Foreign Affairs C,Foreign Affairs Critic,2018-02-07,2018-02-07,1,"Hélène Laverdière, NDP Foreign Affairs c"
Helene Leblanc,Member of Parliament,2011-08-16,2015-06-04,152,"Helene LeBlanc, Helene Leblanc, Helene Leblance, Hélene Leblanc, M.P., Hélène LeBlanc, Hélène LeBlanc, M.P., Hélène Leblanc, Ms. Hélène LeBlanc, M.P."
Helene Marquis,"Acting Director General, Ecosystems Management Directorate",2011-11-30,2020-02-28,7,"Helene Marquis, Hélène Marquis"
Helene Payette,Director,2023-03-30,2023-10-30,6,Helene Payette
Helene Pepin,"Advisor, Industrial Technology",2020-09-09,2025-06-05,76,"Helene Pepin, Hélène Pépin"
Helene Picard,Director General,2020-08-12,2023-02-16,4,"Helen  Picard, Helene  Picard, Helene Picard"
Helene Renaud,Advisor,2010-09-01,2010-09-01,4,Héléne Renaud
Helene Robichaud,"Director General, Trade, Investment and Growth",2020-05-04,2020-05-11,2,Hélène Robichaud
Hella Chkir,"Senior Investment Analyst, Strategic Innovation Fund, Operations Directorate",2017-07-12,2024-06-07,13,Hella Chkir
Heloise Levesque-guitard,Manager,2022-05-11,2024-11-19,3,"Heloise Levesque-Guitard, Héloïse Lévesque-Guitard, Héloïse Lévesque-guitard "
Hema Paupiah,Digital Transformation Lead,2023-10-13,2023-10-13,1,Hema Paupiah
Hena Masjedee,"Desk Officer, El Salvador",2023-02-06,2023-09-21,2,Hena Masjedee
Hendric Brakel,Senior Economic Advisor,2019-03-22,2019-03-22,1,Hendric Brakel
Hendrick Brake,"Special Assistant and Stakeholder Relations Advisor, Office of the Leader of the Opposition",2019-02-04,2019-02-04,1,Hendrick Brake
Hendrik Brakel,Senior Policy Advisor,2017-11-28,2022-03-31,227,"Hedrik Brakel, Hendrick Brakel, Hendrik Bracker, Hendrik Brakel, Hendrik Brakell, Hendrik Braker, Henrik Brackel, hendrik brakel"
Hendrik Brakle,Senior Economic Advisor,2019-05-06,2019-05-06,2,Hendrik Brakle
Hendrik Brokei,Chief Economic Advisor,2021-02-16,2021-02-16,1,Hendrik Brokei
Hendrik Hendrik Brakel,Senior Economic Advisor,2021-01-07,2021-01-07,1,Hendrik Hendrik Brakel
Hendrik J. Kuipers,First Secretary and Trade Commissioner,2017-11-08,2017-11-08,1,Hendrik J. Kuipers
Hendrik Taulin,Senior Investment Officer,2021-08-17,2025-03-31,4,"Hendrick Taulin, Hendrik Taulin"
Henri Borque,Parliamentary Affairs Advisor,2018-09-07,2018-09-07,1,Henri Borque
Henri Bourque,Policy Advisor,2018-08-30,2018-09-19,2,Henri Bourque
Henri Huard,Senior Program Advisor,2021-03-19,2021-03-19,1,Henri Huard
Henri Sader,Legislative Affairs,2011-06-08,2012-05-07,3,Henri Sader
Henri Sadr,Staffer to Member of Parliament,2017-03-20,2017-03-20,1,Henri Sadr
Henrik Brakel,Chief Economic Advisor,2018-02-14,2021-11-02,5,"Hendrik Brackel, Henrik Brakel"
Henrique Santos,"Manager, Industry and Technological Benefits",2018-08-22,2018-08-22,1,Henrique Santos
Henry Adlam,Policy Analyst,2023-06-19,2023-06-19,1,Henry Adlam
Henry Orbach-miller,Policy Analyst,2022-02-24,2022-02-24,1,Henry Orbach-Miller
Henry Paiken,Parliamentary Research Assistant,2019-02-26,2019-02-26,1,Henry Paiken
Henry Paikin,Parliamentary Affairs Advisor,2019-04-10,2020-09-01,2,Henry Paikin
Henry Smith,"Senior Policy Analyst, Climate Change Analysis and Resilience",2016-12-02,2016-12-02,1,Henry Smith
Henry Trim,Economist,2022-05-11,2022-05-11,1,Henry Trim
Henry Wells,Senior Political and Economic Relations Officer,2017-08-30,2017-08-30,1,Henry Wells
Henry Wright,Staffer,2016-12-01,2018-06-07,4,Henry Wright
Heremenegilde Twagiramungu,"Manager, Water Sector",2011-07-26,2011-07-26,1,Heremenegilde Twagiramungu
Herman Cheung,Technology and Advertising and Market Research Unit,2009-11-13,2009-11-13,2,Herman Cheung
Hermel Vienneau,"Vice President, New Brunswick",2008-12-23,2008-12-23,1,Hermel Vienneau
Hermenegilde Twagiramungu,Head,2011-06-07,2011-10-07,5,Hermenegilde Twagiramungu
Hermine Landry,Press Attaché,2025-03-04,2025-03-04,1,Hermine Landry
Herscha Goldberg,Policy Advisor,2018-09-26,2018-09-26,1,Herscha Goldberg
Hersha Goldberg,Assistant to the Chief of Staff,2018-04-25,2018-09-26,2,Hersha Goldberg
Hersi Hajulah,"Policy Advisor, Finance Canada",2017-02-02,2017-02-02,1,Hersi Hajulah
Hersi Halujeh,Policy Advisor,2016-07-19,2016-11-16,2,"Hersi Halujeh, Hersi Helujah"
Hersi Hujaleh,Policy Advisor,2015-11-30,2018-10-23,296,"HERSI HUJALEH, Heasi Hujaleh, Hersi Hajaleh, Hersi Hajuleh, Hersi Herjaleh, Hersi Hujaleh, Hersi Hujeleh"
Herve Dery,Acting Librarian and Archivist of Canada,2013-07-04,2013-07-04,1,Hervé Déry
Hervieux-payette Celine,Senator,2014-11-18,2014-11-18,1,Hervieux-Payette Céline
Hester Soles,Policy and Economic Officer,2024-05-17,2024-05-17,1,Hester Soles
Heuts Paul,Policy Advisor,2013-08-15,2015-03-09,3,Heuts Paul
Hewitt Ted,President,2016-04-28,2016-04-28,1,Hewitt Ted
Hiba Khalife,Officer,2023-10-31,2023-10-31,1,Hiba Khalife
Hibo Abdillahi,Departmental Liaison,2022-07-18,2022-07-18,1,Hibo Abdillahi
Hilary Childs-adams,Ambassador,2014-03-05,2014-03-05,1,Hilary Childs-Adams
Hilary Davis,"Special Assistant, Policy",2017-09-26,2017-09-26,3,Hilary Davis
Hilary Dawson,Executive Assistant,2016-06-10,2016-06-10,1,Hilary Dawson
Hilary Esmonde-white,"Director, Clean Tech, Infrastructure and Life Sciences",2016-01-06,2016-06-09,3,Hilary Esmonde-White
Hilary Flett,Executive Director,2021-09-03,2021-09-04,2,"Hilary Flett, Hillary Flett"
Hilary Geller,Assistant Deputy Minister,2011-03-04,2024-04-15,208,"Hiilary Geller, Hilary  Geller, Hilary Gellar, Hilary Geller, Hilary Glller, Hillary  Geller, Hillary Geller"
Hilary Geller Geller,"Assistant Deputy Minister, Strategic Policy",2017-06-19,2017-06-19,1,Hilary Geller Geller
Hilary Hedriks,Special Assistant to Policy and Operations | Executive Assistant to the Chief of Staff,2023-06-07,2023-06-07,1,Hilary Hedriks
Hilary Hendriks,Policy Advisor,2020-03-03,2025-02-20,17,"Hilary  Hendriks, Hilary Hendrick, Hilary Hendricks, Hilary Hendriks, Hillary Hendricks"
Hilary Hove,Senior Policy Advisor,2022-09-28,2024-05-01,8,"Hilary  Hove, Hilary Hove, Hillary Hove"
Hilary Hunter,Environment Officer,2021-01-27,2021-01-27,1,Hilary Hunter
Hilary Ibey,Indigenous Justice Program,2020-02-24,2024-11-06,2,"Hilary  Ibey, Hilary Ibey"
Hilary Lawson,Parliamentary Secretary’s Assistant,2020-04-14,2020-04-14,1,Hilary Lawson
Hilary Leftick,"Advisor, Youth Affairs",2016-02-23,2025-05-29,44,Hilary Leftick
Hilary Martin,"Manager, Research",2023-01-10,2023-08-10,2,Hilary Martin
Hilary Morgan,Parliamentary Secretary,2018-03-21,2025-03-07,19,"Hilary  Morgan, Hilary Morgan"
Hilary Oakman,"Director, Aquatic Invasive Species and Species at Risk",2023-10-25,2024-02-08,2,Hilary Oakman
Hilary Paulin,Policy Advisor,2019-03-18,2019-03-18,1,Hilary Paulin
Hilary Peirce,Policy Advisor,2017-02-07,2025-06-05,261,"Hilary  Peirce, Hilary  Pierce, Hilary Pearce, Hilary Peirce, Hilary Perice, Hilary Pierce, Hillary Peirce, Hillary Peirce , hilary peirce"
Hilary Thatcher,"Senior Director, Project Development Indigenous Infrastructure",2021-03-31,2021-03-31,1,Hilary Thatcher
Hilary Travis,Senior Policy Advisor,2016-10-18,2021-11-04,489,"HILARY TRAVIS, Hilary Travis, Hillary Travis"
Hill Margaret,Legislative Counsel,2013-05-02,2013-05-02,1,Hill Margaret
Hillary Leftick,Staffer to Minister,2016-03-01,2016-07-25,2,Hillary Leftick
Hillary Morgan,Policy Advisor,2020-02-06,2024-12-09,102,Hillary Morgan
Hillary Pierce,Director of Policy,2022-02-03,2024-10-04,3,Hillary Pierce
Hillary Thatcher,Executive Director,2018-07-25,2024-10-22,9,Hillary Thatcher
Hillman Kirsten,Director General,2013-05-10,2013-05-10,1,Hillman Kirsten
Hisham El-bihbety,Chief Information Security Officer,2019-06-10,2019-06-18,2,Hisham El-Bihbety
Hissein Hirji,Political Section,2023-11-03,2023-11-03,1,Hissein Hirji
Hitesh Jain,Manager,2012-02-07,2012-02-07,1,Hitesh Jain
Hivda Morissette,Project Finance Manager,2019-04-01,2019-04-01,1,Hivda Morissette
Ho. Tony Clement,"Minister, Industry",2010-12-13,2010-12-13,1,Ho. Tony Clement
Hoang Mai,Member of Parliament,2011-09-21,2015-09-18,87,"Haong Mai, Hoang Mai, Hoang May, Hong Mai"
Hoback Randy,Member of Parliament,2011-09-27,2020-01-30,4,Hoback Randy
Hobbs Sarah,Financial Economist,2011-11-02,2011-11-02,1,Hobbs Sarah
Hobbs Steven,Chief of Staff,2013-09-24,2013-09-24,1,Hobbs Steven
Hoda Mroue,"Senior Programs Officer, IHA",2023-03-03,2024-10-25,3,"Hoda Mroue, hoda  mroue"
Hoffman Abby,"Assistant Deputy Minister, Strategic Policy",2011-10-25,2011-10-25,1,Hoffman Abby
Hollie Fischer,Special Advisor,2021-04-08,2022-10-20,13,Hollie Fischer
Hollie Mclean,Senior Advisor to the Vice President,2020-12-17,2020-12-17,1,Hollie McLean
Holly Cooper,"Vice President, Indigenous Relations",2022-03-10,2022-03-10,1,Holly Cooper
Holly Duggan,Stakeholder Relations Advisor,2020-10-20,2025-05-28,232,"Holly  Duggan, Holly  Duggan , Holly Dugan, Holly Duggan, Holly Duggen"
Holly Flowers-code,Assistant Deputy Minister,2021-05-12,2021-05-12,2,Holly Flowers-Code
Holly Grenier,Chief of Staff,2022-01-20,2024-04-18,5,"Holly  Grenier, Holly Grenier"
Holly Herald,Special Advisor,2014-12-04,2014-12-04,1,Holly Herald
Holly Hunter,Policy Advisor,2009-01-21,2017-02-24,18,Holly Hunter
Holly Johnson,Special Assistant,2024-07-31,2024-07-31,1,Holly Johnson
Holly Lightfoot,Parks Canada,2021-02-23,2021-02-23,1,Holly Lightfoot
Holly Mayer,Manager,2020-04-06,2024-10-10,6,Holly Mayer
Holly Mccoubrey,"Director, Americas Division",2019-08-22,2022-01-28,5,"Holly McCoubrey, Holly McCourbrey"
Holly Mccracken,Director,2019-05-01,2025-02-27,7,"Holly  McCracken, Holly McCracken"
Holly Mcmanus,General Counsel,2019-01-23,2019-01-23,1,Holly McManus
Holly Michalchuk,Staffer,2013-11-21,2019-05-06,5,Holly Michalchuk
Holly Palen,Director,2021-10-21,2022-01-07,2,"Holly Palen, Holly Pallen"
Holly Smith,Special Assistant,2009-02-23,2009-06-25,4,Holly Smith
Holly Stardom,"Manager, Policy Development",2019-12-19,2020-01-13,2,Holly Stardom
Hon.candice Bergen,Member of Parliament,2016-02-03,2016-02-03,1,Hon.Candice Bergen
Hon.lawrence Macaulay,Minister,2021-04-05,2021-04-05,1,Hon.Lawrence MacAulay
Honey Walsh,"Acting Chief, National Pleasure Craft Operator Competency Program",2020-06-24,2020-06-24,1,Honey Walsh
Hong-won Yu,Deputy Director,2016-01-20,2021-06-23,4,Hong-Won Yu
Honoruable Percy Mockler,Senator,2017-02-14,2017-02-14,1,The Honoruable Senator Percy Mockler
Honourablel Dan Vandal,"Minister, Northern Affairs",2020-04-09,2020-04-09,1,The Honourablel Dan Vandal
Hoonourable Rene Cormier,Senator,2024-02-01,2024-02-01,1,The Hoonourable Rene Cormier 
Hoori Hamboyan,Senior Policy Advisor,2023-06-22,2023-06-22,2,Hoori Hamboyan
Horourable Lawrence Macaulay,Member of Parliament,2014-02-04,2014-02-04,1,The Horourable Lawrence MacAulay
Horvath Steve,President and Chief Executive,2013-02-26,2013-02-26,1,horvath steve
Hosai Halim,Policy Advisor,2024-04-16,2024-11-26,5,Hosai Halim
Hosai Zurmati Halim,Policy Advisor,2022-10-17,2024-11-28,6,Hosai Zurmati Halim
Hosaizurmati Halim,Analyst,2024-06-19,2024-07-12,2,"hosaizurmati Halim, hosaizurmati Harim"
Hossain Bianca,Policy Advisor,2020-10-09,2023-06-28,2,Hossain Bianca
Hossein Behzadi,"Chief, Audit and Evaluation Executive",2021-10-22,2021-10-22,1,Hossein Behzadi
Houle Marie-josee,Federal Housing Advocate,2023-02-15,2023-02-15,1,Houle Marie-Josée 
Houngtry Thomas,Parliamentary Secretary,2025-03-14,2025-03-14,1,Houngtry Thomas
Houston Meding,Policy Advisor,2016-11-22,2016-11-22,1,Houston Meding
Hovan Baghdassarian,Executive Director,2024-03-05,2024-03-05,1,Hovan Baghdassarian 
Howard Albrect,Member of Parliament,2015-04-01,2015-04-01,1,Howard Albrect
Howard Alper,Chair,2008-07-10,2015-03-24,24,Howard Alper
Howard Anglin,Chief of Staff,2011-02-24,2015-10-15,86,"HOWARD ANGLIN, Howard Anglin, Howard Englin, howard anglin"
Howard Greene,Assistant Deputy Minister,2009-07-16,2009-07-16,1,Howard Greene
Howard Jeff,Policy Advisor,2011-02-23,2011-02-23,1,Howard Jeff
Howard Migie,Special Advisor,2009-07-08,2009-07-08,3,Howard Migie
Howard Njoo,Deputy Chief Public Health Officer,2010-10-13,2022-12-09,18,"Dr. Howard  Njoo, Dr. Howard Njoo, HOWARD NJOO, Howard Njoo, howard njoo"
Howard Pike,"Manager, Operations",2012-05-10,2012-05-10,1,Howard Pike
Howard Sapers,Corrections Advisor,2016-06-06,2016-11-24,2,Howard Sapers
Howard Wetston,Senator,2017-02-14,2022-02-01,74,"Howard Weston, Howard Wetson, Howard Wetston, Howard Wetston, C.M., Q.C., Senator Howard Wetston"
Howard Wong,Director,2022-12-15,2023-06-13,3,"Howard Wong, Howard Wong "
Hozai Zurmati,Policy Advisor,2025-01-16,2025-01-16,1,Hozai Zurmati
Huard Ryan,Executive Director,2022-07-26,2022-07-26,1,Huard Ryan
Hubbs Jamey,Assistant Superintendent,2018-07-10,2018-07-10,1,Hubbs Jamey
Hubert Drolet,Team Leader,2016-12-07,2017-03-28,2,Hubert Drolet
Hubert Lacroix,President and Chief Executive Officer,2014-05-14,2014-05-14,1,Hubert Lacroix
Hubert Laferriere,"Director, Strategic Management Division",2019-01-14,2019-01-14,1,Hubert Laferriere
Hubert Lussier,Assistant Deputy Minister,2010-05-19,2018-03-27,75,"Herbert Lussier, Hubert Lussier"
Hubert Pichet,Policy Advisor,2009-03-10,2009-03-10,1,Hubert Pichet
Hubert Saindon,Departmental Liaison,2014-08-26,2023-02-03,3,Hubert Saindon
Hubert Villeneuve,Senior Policy Advisor,2023-12-11,2024-01-09,2,Hubert Villeneuve
Hugh Adsett,Deputy Legal Advisor and Director General,2016-11-01,2016-11-02,2,Hugh Adsett
Hugh Cheetham,General Counsel,2016-01-22,2016-01-22,4,Hugh Cheetham
Hugh Hicks,"Manager, Economic Development",2017-12-19,2018-12-12,8,"Hugh Hicks, hugh hicks"
Hugh Jones,Intern,2021-07-23,2021-07-23,2,Hugh Jones
Hugh Langley,"Coordinator, Scientific Programs",2016-12-14,2022-06-15,2,Hugh Langley
Hugh Pouliot,Staffer,2014-10-03,2016-05-17,3,Hugh Pouliot
Hugh Robertson,Director General,2020-11-13,2020-11-13,1,Hugh Robertson
Hugh Segal,Senator,2010-10-05,2014-05-27,24,"Hon. Hugh Segal, Hugh Segal"
Hughe Vaillancourt,"Chief of Finance, Payments",2016-05-03,2016-05-03,1,Hughe Vaillancourt
Hughes Carol,Member of Parliament,2017-02-01,2017-02-01,1,Hughes Carol
Hughes Morand,Deputy Director,2020-09-28,2020-09-28,1,Hughes Morand
Hughes St-pierre,Chief Financial Officer and Comptroller,2020-11-02,2020-11-02,1,Hughes St-Pierre
Hughes Vaillancourt,"Director, Payment Policy",2015-09-10,2018-06-26,5,Hughes Vaillancourt
Hugo Alvarez,Press Secretary and Communications Advisor,2024-05-01,2024-05-01,1,Hugo Alvarez
Hugo Berthiaume,Staffer,2018-10-24,2018-12-11,6,Hugo Berthiaume
Hugo Berthiaume Berthiaume,Parliamentary Secretary,2021-03-17,2021-03-17,1,Hugo Berthiaume Berthiaume
Hugo Fontaine,Member's Assistant,2012-05-29,2014-09-24,6,Hugo Fontaine
Hugo Gherbavaz,Environmental Assessment Advisor,2013-11-29,2014-11-18,2,"Hugo Gherbavaz, Hugo Gherbavez"
Hugo Hamel,Acting Manager,2021-01-26,2021-01-26,1,Hugo Hamel
Hugo Lalonde,Senior Director,2024-11-26,2024-11-26,1,Hugo Lalonde
Hugo Morand,Deputy Director,2020-07-24,2021-03-09,3,Hugo Morand
Hugo Page,Assistant Commissioner and Chief Financial Officer,2022-06-29,2024-02-16,4,Hugo Page
Hugo Paquette,Staffer,2016-10-13,2016-10-13,1,Hugo Paquette
Hugo Robillard,Senior Program Engineer,2024-05-29,2024-05-29,2,Hugo Robillard
Hugues Gilbert,"Director, Policy and External Relations",2009-01-12,2009-03-12,2,Hugues Gilbert
Hugues Leroux,Trade Officer,2009-02-18,2014-11-10,3,Hugues Leroux
Hugues Vaillancourt,Director General,2016-03-31,2024-10-21,43,"Hugues Vaillaincourt, Hugues Vaillancourt, Hugues Villancourt, hugues vaillancourt"
Huguette Beaupre,Program Manager,2011-05-19,2011-10-13,2,Huguette Beaupré
Huguette Labelle,"Independent Advisory Board, Senate Appointment",2018-05-29,2018-06-18,2,Huguette Labelle
Hui Hang,"Director of Operations, Western Operations",2024-08-01,2024-08-28,2,Hui Hang
Hui Peng,Senior Program Engineer,2018-10-10,2018-10-10,1,Hui Peng
Hujaleh Hersi,Policy Advisor,2016-02-23,2017-12-08,3,"Hajaleh Hersi, Hujaleh Hersi"
Humayun Soomro,Economist,2019-08-13,2019-08-13,1,Humayun Soomro
Humna Shaikh,Parliamentary Secretary,2018-03-29,2020-07-03,4,Humna Shaikh
Hunter Lindsay,Ontario Regional Desk,2016-10-25,2016-10-25,1,Hunter Lindsay
Hunter Tootoo,Member of Parliament,2015-11-17,2019-05-07,69,"Hon. Hunter Tootoo, Hunter Too Too, Hunter TooToo, Hunter Tootoo, hunter tootoo, the Honourable Hunter Tootoo"
Huntley Johnston,Permits Officer,2024-02-23,2024-02-23,1,Huntley Johnston
Hurl David,"Policy Advisor, Opposition Research",2013-05-14,2013-05-14,1,Hurl David
Hursh Jaswal,Chief of Staff,2012-02-22,2023-02-10,52,Hursh Jaswal
Husain Aboghodieh,Policy Advisor,2021-12-06,2023-05-30,72,"Husain  Aboghodieh, Husain Aboghodieh, Husain Aboghodieh , Hussain  Aboghodieh, Hussain Aboghodieh"
Hussey Richard,Director,2019-10-11,2019-10-11,1,Hussey Richard
Huzaif Qaisar,"Special Assistant, Communications",2022-10-17,2024-01-18,5,Huzaif Qaisar
Hyon Ju Yi,Trade Commissioner,2023-01-30,2024-08-21,4,"Hyon Ju Li, Hyon Ju Yi, Hyonju YI"
Patty Hajdu,Minister,2018-05-01,2022-10-19,2,"Hajdu Patricia, Hajdu Patty"
