CleanName_version3,CleanTitle_version3,first_appearance,last_appearance,count,dpoh_name_raw
N.r. Beck,"Director, S&T",2010-11-17,2010-11-17,1,N.R. Beck
Nabeel Abdullah,Regional Advisor,2022-07-27,2024-02-28,42,"Nabeel  Abdullah, Nabeel Abdullah"
Nabih Eldebs,Assistant Secretary to the Cabinet,2024-04-23,2025-02-20,4,"Nabih  Eldebs, Nabih Eldebs"
Nabil Elasraoui,Venture Capital Associate,2022-02-17,2022-02-17,1,Nabil Elasraoui
Nabila Taha,Head of Risk Management,2024-07-31,2024-07-31,1,Nabila Taha
Nada Elnabelsya,Policy Advisor,2023-05-02,2023-05-02,1,Nada Elnabelsya
Nada Fadol,"Senior Policy Analyst, Space Exploration Policy",2023-06-20,2023-06-20,1,Nada Fadol
Nada Semaan,Associate Deputy Minister,2009-01-08,2023-12-18,71,"Nada Seamaan, Nada Seaman, Nada Seeman, Nada Semaan, Nada Sleeman"
Nada Vrany,Director General,2008-07-22,2025-02-13,110,"Nada Vrancy, Nada Vrany"
Nadean Langlois,"Director General, Operations",2014-08-26,2020-12-17,5,Nadean Langlois
Nadege Adam,"Director, Communication",2016-06-29,2016-06-29,1,Nadège Adam
Nader Daher,Policy Analyst,2021-03-02,2021-03-02,1,Nader Daher
Nadia Ahmad,Director General,2014-10-30,2015-12-07,8,Nadia Ahmad
Nadia Bouffard,"Director General, External Relations",2016-06-28,2018-10-31,3,Nadia Bouffard
Nadia Bourely,Director,2013-05-09,2023-05-19,9,"NADIA BOURÉLY, Nadia Bourely, Nadia Bourély, nadia bourely"
Nadia Bourley,Minister Counsellor,2022-03-14,2022-05-24,2,"Nadia Bourley, nadia bourley"
Nadia Burger,Ambassador to Indonesia,2022-05-16,2022-05-16,1,Nadia Burger
Nadia Christie,Acting Director,2017-11-21,2022-11-02,2,Nadia Christie
Nadia Gilbert,"Director, Multilateral Affairs",2016-11-23,2024-03-08,3,Nadia Gilbert
Nadia Hadj Mohamed,Policy Advisor,2016-11-22,2025-03-21,104,"Nadia Hadj Mohamed, Nadia Hadj Mohammed, Nadia Hadj-Mohammed, nadia Hadj-Mohammed"
Nadia Hadj-mohamed,Policy Advisor,2017-06-28,2021-04-28,9,"Nadia Hadj-Mohamed, Nadia HadjMohamed, Nadia Hadjmohamed"
Nadia Hamidi,Advisor,2023-07-19,2023-11-10,4,"Nadia Hamidi, Nadia Hamoui"
Nadia Kadri,Director of Policy,2017-04-20,2025-03-30,252,"Nadia  Kadri, Nadia  Kadri , Nadia Fakri, Nadia Kadri, Nadia Kadri , Nadia Kadry, Nadia Khadri, Nadia kadri"
Nadia Kadria,Policy Advisor,2021-05-20,2021-05-20,1,Nadia Kadria
Nadia Lombardi,Manager,2020-05-12,2020-05-12,1,Nadia Lombardi
Nadia Marceau,Advisor,2019-05-03,2019-05-03,2,Nadia Marceau
Nadia Scipio Del Campo,Deputy Director,2018-10-31,2018-10-31,1,Nadia Scipio del Campo
Nadia St-louis,Senior Program Analyst,2020-08-25,2020-08-25,1,Nadia St-Louis
Nadia Theodore,Director,2014-02-11,2024-09-10,53,"Nadia  Theodore, Nadia Theodore"
Nadim Kara,Deputy Director,2022-09-21,2023-07-21,2,"Nadim  Kara, Nadim Kara"
Nadin Nanji,Deputy Director,2019-05-28,2019-05-28,1,Nadin Nanji
Nadine Beloin,Senior Industry Development Officer,2021-11-19,2021-11-19,1,Nadine Beloin
Nadine Bertrand,Parliamentary Secretary,2014-11-20,2014-11-20,1,Nadine Bertrand
Nadine Bourdeau,Regional Regulatory Compliance and Enforcement Specialist,2022-08-15,2022-08-15,1,Nadine  Bourdeau
Nadine Caron,Member,2018-10-02,2018-10-02,1,Nadine Caron
Nadine Charest,Senior Trade Policy Officer,2019-02-25,2024-01-16,6,Nadine Charest
Nadine Crookes,"Director, Natural Resource Conservation Branch",2016-05-03,2017-12-20,4,Nadine Crookes
Nadine Foster,Senior Policy Advisor,2020-11-24,2022-06-16,2,Nadine Foster
Nadine Gros-louie,"Director, Parliamentary Affairs",2023-04-06,2023-04-06,1,Nadine Gros-Louie
Nadine Gros-louis,Staffer to Senator,2023-03-13,2023-12-06,4,Nadine Gros-Louis
Nadine Huggins,"Executive Director, People Management and Community Engagement",2018-12-04,2022-05-10,3,"Nadine  Huggins, Nadine Huggins"
Nadine Leblanc,Senior Vice President,2020-04-27,2025-05-06,57,"Nadine  Leblanc, Nadine LeBlanc, Nadine Leblanc, Nadine Leblanc , Nadine Lenlanc"
Nadine Nickner,Assistant Director,2017-05-04,2023-07-15,3,Nadine Nickner
Nadine Niles,Senior Compliance Engineer,2015-07-08,2015-07-08,1,Nadine Niles
Nadine Ramadan,Director of Communications,2021-05-19,2024-07-11,5,Nadine Ramadan
Nadine Roy,Chief Information Officer,2022-02-14,2022-02-14,1,Nadine Roy
Nadine Sivak,Regional Manager,2022-10-27,2022-10-27,1,Nadine Sivak
Nadine Spence,"Vice President, Indigenous Affairs and Cultural Heritage",2023-09-03,2024-10-10,5,Nadine Spence
Nadine Stiller,"Executive Director, Freshwater",2021-12-03,2023-10-24,5,Nadine Stiller
Nadir Patel,High Commissioner,2008-12-16,2021-02-03,25,Nadir Patel
Nadja Schauer,Counsellor (Commercial) and Senior Trade Commissioner,2025-03-24,2025-03-24,1,Nadja Schauer
Nadveep Bains,Member of Parliament,2016-01-15,2017-02-08,2,"Nadveep Bains, naveep bains"
Nafis Karim,Advisor to Assistant Deputy Minister,2020-06-08,2021-04-26,2,Nafis Karim
Naik Eshan,Director of Policy,2023-09-01,2023-09-01,1,Naik Eshan
Nail Mckenna,Special Assistant,2020-01-30,2020-01-30,1,Nail McKenna
Naila Mahmood,Communications and Outreach Assistant,2017-08-15,2017-08-15,1,Naila Mahmood
Naim Nazha,"Executive Director, Navigation Safety and Environmental Programs",2013-11-25,2022-02-14,10,"NAIM NAZHA, Naim Nahza, Naim Nazha"
Naina Sloan,Assistant Deputy Minister,2012-07-24,2024-11-29,67,"Naina  Sloan, Naina Sloan, Naino Sloan"
Naina Thoppil,Deputy Director,2024-01-15,2024-08-12,3,Naina Thoppil
Nakeshia Atke,Senior Policy Advisor,2023-05-11,2023-05-11,1,Nakeshia Atke
Nakeshia Atkey,Regulatory Advisor,2021-04-14,2021-06-20,2,Nakeshia Atkey
Nalan Yuksel,Advisor,2013-02-26,2013-02-26,1,Nalan Yuksel
Namir Anani,Executive Director,2009-02-12,2009-02-12,1,Namir Anani
Nan Duan,Trade Commissioner,2011-10-19,2011-10-19,1,Nan Duan
Nana Kwamena,Director,2023-05-30,2023-05-30,1,Nana Kwamena
Nana Tanaka,Assistant Director,2023-05-25,2023-05-25,1,Nana Tanaka
Nanao Kachi,"Director, Social and Consumer Policy",2013-07-11,2023-11-01,4,"Nanao  Kachi, Nanao Kachi"
Nancie Villeneuve,Regional Director,2020-10-05,2023-05-26,5,Nancie Villeneuve
Nancy Althot,Executive Assistant,2017-07-10,2017-07-10,1,Nancy Althot
Nancy Ames,Research Scientist,2017-10-26,2017-11-01,2,Nancy Ames
Nancy Baker,Policy Advisor,2008-07-08,2015-03-26,28,Nancy Baker
Nancy Belanger,Commissioner of Lobbying,2018-02-13,2021-04-21,4,"Nancy Belanger, Nancy Bélanger"
Nancy Bernard,Trade Commissioner,2018-02-13,2022-07-18,2,Nancy Bernard
Nancy Bishay,Director of Strategic Planning,2010-06-02,2019-05-16,10,Nancy Bishay
Nancy Bishy,Press Secretary,2010-04-28,2010-04-28,1,Nancy Bishy
Nancy Bisson,Executive Assistant,2013-07-17,2013-07-17,1,Nancy Bisson
Nancy Boucher,Chief of Staff,2019-06-10,2019-06-10,2,Nancy Boucher
Nancy Brassard Fortin,Staffer,2017-05-02,2017-05-02,1,Nancy Brassard Fortin
Nancy Brassard-fortin,Assistant to Member of Parliament,2018-02-05,2018-02-05,1,Nancy Brassard-Fortin
Nancy Seymour,Manager,2015-03-25,2023-11-21,9,"Nancy C Seymour, Nancy Seymour, Nancy Seymour "
Nancy C. Raine,Member of Parliament,2016-04-14,2016-04-14,1,Nancy C. Raine
Nancy Carpenter,Senior Advisor,2012-05-18,2012-05-18,1,Nancy Carpenter
Nancy Chahwan,Chief Human Resources Officer,2013-03-11,2021-10-28,13,Nancy Chahwan
Nancy Cheng,Assistant Auditor General,2009-10-09,2016-03-15,4,Nancy Cheng
Nancy D'agostino,Director,2019-03-28,2019-03-28,1,Nancy D'agostino
Nancy Dube,Special Assistant,2008-08-06,2009-04-02,2,Nancy Dube
Nancy Faraday,Manager,2013-05-28,2013-05-28,1,nancy faraday
Nancy Faraday-smith,Manager,2017-04-27,2018-06-06,10,Nancy Faraday-Smith
Nancy Fitchett,Vice President and Chief Financial Officer,2021-12-02,2023-04-20,14,"Nancy  Fitchett, Nancy Fitchett"
Nancy Fraser,Executive Assistant,2020-05-19,2020-08-18,3,Nancy Fraser
Nancy Gardiner,President,2016-10-07,2025-06-04,117,"Nancy   Gardiner , Nancy  Gardiner, Nancy Gardiner, Nancy Gardiner , Nancy Gardner"
Nancy Gauthier,Vice President,2019-05-01,2019-05-01,1,Nancy Gauthier
Nancy Green,Senator,2013-05-30,2014-10-01,2,Nancy Green
Nancy Greene Raine,Senator,2010-09-28,2018-04-25,88,"Hon. Nancy Green Raine, Nancy Green Raine, Nancy Green-Raine, Nancy Greene Raine, Nancy Greene-Raine, Senator Nancy Greene Raine"
Nancy Hamzawi,Assistant Deputy Minister,2010-12-14,2025-01-21,137,"Nancy  Hamzawi, Nancy Hamsawi, Nancy Hamzawi"
Nancy Hamzowi,Director General,2017-07-18,2017-09-22,3,Nancy Hamzowi
Nancy Harris,Director General,2013-10-08,2022-12-20,3,Nancy Harris
Nancy Hartling,Senator,2017-10-24,2024-07-22,41,"Nancy Harling, Nancy Hartling, The Hon. Nancy Hartling"
Nancy Healey,"Commissioner, Employers",2021-07-29,2024-10-17,59,"Nancy  Healey, Nancy Healey, Nancy Healy, nancy healey"
Nancy Hector,Deputy Director,2018-10-31,2019-01-28,2,Nancy Hector
Nancy Horsman,Assistant Deputy Minister,2009-08-19,2016-07-26,126,"Nancy Horseman, Nancy Horsman"
Nancy Johns,"Chief, Industry Partnerships",2019-01-14,2020-01-30,4,Nancy Johns
Nancy Karetak-lindell,Senator,2025-02-18,2025-04-10,2,Nancy Karetak-Lindell
Nancy Kearnan,"Director General, Northern Governance",2013-11-18,2019-01-22,2,Nancy Kearnan
Nancy Kingsbury,Senior Policy Advisor and Project Manager,2020-06-15,2023-11-06,2,Nancy Kingsbury
Nancy Klenavic,"Assistant Deputy Minister, Special Advisor",2010-12-14,2013-02-01,2,Nancy Klenavic
Nancy Kyte,Senior Portfolio Manager,2017-05-18,2017-11-21,3,Nancy Kyte
Nancy Laberge,"Trade Commissioner, Consumer Products",2013-05-13,2013-05-13,1,Nancy Laberge
Nancy Laflamme,Project Officer,2017-11-01,2017-11-01,1,Nancy Laflamme
Nancy Lu,Business Officer,2023-11-06,2023-11-06,1,Nancy Lu
Nancy Macartney,Senior Advisor,2010-01-28,2010-01-28,1,Nancy Macartney
Nancy Mackinnon,Policy Analyst,2018-10-29,2018-10-29,1,Nancy MacKinnon
Nancy Mann,Industrial Technology Advisor,2010-12-16,2011-03-09,2,Nancy Mann
Nancy Mccarthy,Implementation Officer,2024-03-06,2025-03-05,4,Nancy McCarthy
Nancy Miller,Acting Assistant Deputy Minister,2024-05-29,2024-05-29,1,Nancy Miller
Nancy Milroy-swainson,Director General,2009-09-10,2019-04-25,27,"Nancy Milroy Swainson, Nancy Milroy-Swainson"
Nancy Nancy Faraday-smith,Acting Director,2018-05-08,2018-05-08,1,Nancy Nancy Faraday-Smith
Nancy Othmer,Assistant Deputy Minister,2019-10-15,2023-05-03,2,"Nancy  Othmer, Nancy Othmer"
Nancy Pond,Resource Manager,2024-05-01,2024-05-01,1,Nancy  Pond 
Nancy Porteous,Director General,2014-12-03,2019-05-02,2,Nancy Porteous
Nancy Raine,Senator,2011-07-21,2017-12-07,19,"Nancy C Raine, Nancy Raine, The Honourable Senator Nancy Raine"
Nancy Raine (greene,Senator,2011-06-07,2016-05-31,2,"Nancy Rain Green, Nancy Raine (Greene)"
Nancy Ready,Senior Policy Advisor,2018-09-18,2018-09-18,1,Nancy Ready
Nancy Rheault,Senior Director,2024-04-17,2025-02-24,3,"Dr. Nancy Rheault, Nancy Rheault"
Nancy Roberts,"Director General, Intergovernmental Relations",2011-11-01,2011-11-01,1,Nancy Roberts
Nancy Ruth,Senator,2010-10-19,2016-11-29,19,Nancy Ruth
Nancy Shaw,Executive Assistant,2011-03-03,2013-02-14,2,Nancy Shaw
Nancy Smith,Senior Policy Advisor,2017-04-24,2017-04-24,1,Nancy Smith
Nancy Smyth,Director General,2016-10-18,2018-09-17,6,Nancy Smyth
Nancy Stonelake,Industrial Technology Advisor,2009-03-17,2009-03-17,1,Nancy Stonelake
Nancy Thornton,Senior Policy Advisor,2018-07-10,2018-07-10,1,Nancy Thornton
Nancy Tremblay,Associate Assistant Deputy Minister,2017-11-08,2025-06-11,58,"Nancy  Tremblay, Nancy Tremblay"
Nancy Vachon,Manager,2021-01-15,2021-01-15,1,Nancy Vachon
Nancy Webster Cole,"Senior Manager, Telemarketing Regulations",2008-07-24,2009-04-20,7,Nancy Webster Cole
Nancy Xue,Parliamentary Assistant,2018-11-19,2019-05-06,4,Nancy Xue
Nanda Yash,Policy Advisor,2024-01-26,2024-01-26,1,Nanda Yash
Nanki Signh,Executive Assistant,2021-07-08,2021-07-20,2,"Nanki Signh, Nanki Singh"
Nanveet Khinda,"Special Assistant, Policy",2016-11-17,2018-02-06,4,Nanveet Khinda
Naoko Hawkins,Policy Analyst,2022-09-07,2022-09-07,1,Naoko Hawkins
Naomi Christensen,Parliamentary Secretary Assistant,2011-09-23,2012-03-01,3,Naomi Christensen
Naomi Ingabire,"Policy Advisor, Digital Media and Distribution",2024-08-09,2024-08-09,1,Naomi  Ingabire
Naomi Katsumi,"Senior Advisor, Marine Air Emissions",2012-07-24,2024-06-04,5,Naomi Katsumi
Naomi Pelletier,Policy Advisor,2012-07-12,2013-04-03,9,Naomi Pelletier
Naomi Sterling,Deputy Director,2022-06-15,2022-06-15,1,Naomi Sterling
Naqiyah Telia,Staffer,2022-05-17,2023-04-04,5,Naqiyah Telia
Naran Leseigneur,Staffer to Minister,2025-02-17,2025-02-17,1,Naran Leseigneur
Nardia Ali,Manager,2021-08-06,2023-03-30,2,Nardia Ali
Naresh Singh,Acting Vice President,2009-06-04,2011-06-02,7,Naresh Singh
Narinder Grewal,Member of Parliament,2015-04-22,2015-04-22,1,Narinder (Nina) Grewal
Naseer Malik,Constituency Assistant,2018-02-07,2018-02-07,1,Naseer Malik
Naser Jan,Policy Analyst,2024-03-11,2024-03-11,1,Naser Jan
Nash Ann,Associate Director,2011-08-25,2011-08-25,1,Nash Ann
Nash Yanda,Staff,2022-08-02,2022-08-02,1,Nash Yanda
Nashina Shariff,Manager,2018-08-29,2024-09-10,19,"Nashina  Shariff , Nashina Shariff"
Nashira Popovic,"Manager, STBBI Estimates and Field Surveillance Section",2024-09-16,2024-09-16,1,Nashira Popovic
Nasir Ebrahimkhail,Senior Development Officer,2024-01-29,2024-06-12,2,"Nasir  Ebrahimkhail, Nasir Ebrahimkhail"
Nasra Nejatian,"Director, Strategic Planning",2012-06-05,2012-06-05,1,Nasra Nejatian
Nasser Haidar,Parliamentary Assistant,2020-02-19,2025-03-03,6,"Nasser  Haidar, Nasser Haidar"
Nasser Haider,Advisor,2023-11-07,2024-09-26,2,"Nasser Haider, nasser haider"
Nassima Zobir Bouguerba,"Director General, Marine Services and Small Vessels",2024-07-17,2025-03-27,2,"Nassima  Zobir Bouguerba, Nassima Zobir Bouguerba"
Natacha Engel,Senior Policy Advisor,2017-09-22,2021-11-24,134,"Natacha Engel, Natacha Engels, Natacha Engle, Nathacha Engel"
Nathalie Podeszfinski,Policy Advisor and Special Assistant,2008-08-11,2019-04-01,23,"NATAHALIE PODESZFINSKI, NATHALIE PODESZFINSKI, Nathalie Podeszfinski"
Natahniel Mullin,Senior Regional Advisor,2020-05-11,2020-05-11,1,Natahniel Mullin
Natalia Jankowski,Assistant,2012-06-11,2012-06-11,1,Natalia Jankowski
Natalia Koop,"Acting Director, Governance",2023-05-30,2023-10-03,2,"Natalia  Koop, Natalia Koop"
Natalia Riquelme,Chief of Staff,2020-05-14,2020-08-18,4,Natalia Riquelme
Natalia Uscinowicz,Senior Supervisor,2021-12-15,2021-12-15,1,Natalia  Uscinowicz
Natalia Ward,Senior Economist,2018-06-18,2018-06-18,1,Natalia Ward
Natalia Zhou,"Regional Advisor, West and North",2022-09-26,2024-10-16,58,"Natalia  Zhou, Natalia Zhou, Natalie Zhou"
Natalie Austin,"Manager, National Marine Conservation Area Establishment",2024-04-03,2024-04-03,1,Natalie Austin
Natalie Bechamp,Acting Director General,2017-04-21,2017-04-21,1,Natalie Bechamp
Natalie Bosse,Director General,2019-11-06,2021-05-15,2,"Natalie Bosse, Natalie Bossé"
Natalie Boulay,"Lead, Digital Technologies Supercluster",2019-08-28,2019-08-28,1,Natalie Boulay
Natalie Brett,"Manager, Indigenous Sport",2023-06-07,2023-06-07,1,Natalie Brett
Natalie Clayton,Director,2011-05-31,2017-12-07,2,Natalie Clayton
Natalie Dillon,Policy Advisor,2023-03-09,2023-11-23,3,Natalie Dillon
Natalie Dolan,"Director, Rail Policy",2012-06-06,2023-01-19,21,Natalie Dolan
Natalie Duhamed,Senior Constituency Advisor,2021-12-02,2021-12-02,1,Natalie Duhamed
Natalie Duhamel,Executive Assistant,2016-01-08,2020-01-23,3,Natalie Duhamel
Natalie Dupont,Manager,2022-10-03,2022-10-03,1,Natalie Dupont
Natalie Edwardson,Senior Policy Manager,2022-06-13,2022-10-26,2,"Natalie  Edwardson, Natalie Edwardson"
Natalie Essiembre,Parliamentary Affairs Advisor,2019-04-07,2019-04-07,1,Natalie Essiembre
Natalie Fay,Senior Communications Advisor,2022-06-08,2022-06-08,1,Natalie Fay
Natalie Fernandes,Senior Policy Officer,2024-06-14,2024-08-19,2,Natalie Fernandes
Natalie Fletcher,Senior Policy Advisor,2011-02-25,2017-02-15,12,"Natalie Fletcher, Nathalie Fletcher"
Natalie Frank,Director,2021-02-03,2021-06-10,2,Natalie Frank
Natalie Fraser,Manager | Senior Policy Advisor,2024-06-26,2024-07-04,2,Natalie Fraser
Natalie Gendron,"Assistant Director, CIHR",2010-10-04,2012-06-05,2,"Natalie Gendron, Nathalie Gendron"
Natalie Gravelle,Acting Director,2024-11-27,2024-11-27,1,Natalie Gravelle
Natalie Hall,"Manager, Communications and Media Relations",2014-12-10,2014-12-10,1,Natalie Hall
Natalie Halpenny,Staffer,2013-05-08,2013-05-08,1,Natalie Halpenny
Natalie Knox,Director,2023-01-04,2024-10-03,3,Natalie Knox
Natalie Lamarche,Project Coordinator,2024-12-03,2024-12-03,1,Natalie Lamarche
Natalie Mcgee,Executive Director,2018-08-31,2019-06-25,3,Natalie McGee
Natalie Morin,Director General,2018-02-27,2020-07-10,2,Natalie Morin
Natalie Ouimet,Parliamentary Assistant,2014-11-20,2015-02-26,4,Natalie Ouimet
Natalie Page,Director General,2022-02-22,2024-02-13,7,Natalie Page
Natalie Pennefather,"Director, Lands and Economic Development",2024-07-04,2024-12-03,4,"Natalie  Pennefather, Natalie Pennefather, Nathalie Pennefather "
Natalie Podefzfinfki,Director of Policy,2010-12-09,2010-12-09,1,Natalie Podefzfinfki
Natalie Saint-denis,Chief of Staff,2016-06-29,2016-06-29,1,Natalie Saint-Denis
Natalie Spagnuolo,Senior Policy Analyst,2023-10-23,2023-10-23,1,Natalie Spagnuolo
Natalie St. Lawrence,Director General,2017-04-11,2025-02-24,8,"Natalie St Lawrence, Natalie St. Lawrence"
Natalie St-denis,Special Assistant,2016-06-29,2016-09-08,2,Natalie St-Denis
Natalie Tessier,Senior Veterinary Officer,2022-03-25,2023-09-27,2,Natalie Tessier
Natalie Therault,Director General,2022-11-29,2022-11-29,1,Natalie Therault
Natalie Theriault,Executive Director,2017-02-16,2024-11-27,25,"Natalie  Theriault, Natalie  Theriault , Natalie Theriault, Natalie Thériault, Nathalie Theriault"
Natalie Verdon-chu,Project Manager,2022-10-14,2022-10-14,1,Natalie  Verdon-Chu 
Natalie Woodcock,Executive Assistant,2017-03-24,2017-06-12,4,Natalie Woodcock
Natalie Woodland,"Regional Advisor, Ontario",2024-01-11,2025-05-29,29,"Natalie  Woodland, Natalie  Woodland , Natalie Woodland, Nathalie Woodland"
Natalka Cmoc,Senior Director General,2018-10-12,2023-08-30,16,Natalka Cmoc
Natasa Forte,Policy Advisor,2024-02-05,2024-02-05,1,Natasa Forte
Natascha Barron-mcnabb,Special Advisor,2022-09-28,2024-02-02,13,"Natascha  Barone-McNabb, Natascha Barone-McNabb, Natascha Barron-McNabb, Natascha Barron-Mcnabb"
Natasha Kochhar,Atlantic Regional Advisor,2023-10-23,2024-11-12,30,"Natascha Kochhar, Natasha   Kochhar, Natasha  Kochhar, Natasha Kocchar, Natasha Kochar, Natasha Kochhar"
Natasha Cortes,Trade Policy Officer,2025-02-19,2025-02-19,1,Natasha Cortes
Natasha Entwistle,Parliamentary Affairs Advisor,2016-07-13,2024-10-23,6,Natasha Entwistle
Natasha Enwistle,"Director, Parliamentary Affairs",2022-10-14,2022-10-14,2,Natasha Enwistle
Natasha Faruqui,Manager,2020-08-12,2020-08-12,1,Natasha Faruqui
Natasha Kay Brenders,Vice President,2014-09-22,2014-09-22,1,Natasha Kay Brenders
Natasha Khan,"Director, Regulatory Policy",2018-04-25,2018-04-25,1,Natasha Khan
Natasha Kim,Assistant Deputy Minister,2017-11-02,2025-05-28,142,"Natasha  Kim, Natasha Kim, Natasha Kim "
Natasha Kochlar,Regional Affairs Advisor,2024-01-24,2024-01-24,1,Natasha Kochlar
Natasha Kornak,Staffer,2018-06-29,2018-06-29,1,Natasha Kornak
Natasha Leclerc,Legal Counsel,2014-12-01,2014-12-01,1,Natasha Leclerc
Natasha Lepur,Office Administrator,2019-04-04,2022-10-27,5,Natasha Lepur
Natasha Levesque-hill,Director General,2023-07-26,2023-07-26,1,Natasha Levesque-Hill
Natasha Manjii,Advisor,2017-09-07,2017-09-07,1,Natasha Manjii
Natasha Montemurro,Director of Policy,2024-07-23,2024-07-23,1,Natasha Montemurro
Natasha Pateman,Director,2015-03-18,2024-03-01,3,Natasha Pateman
Natasha Rascanin,Assistant Deputy Minister,2011-02-23,2018-11-14,29,"Natasha Rascanin, Natasha Rascannin, Natasha Tascanin"
Natasha Reimer,Policy Advisor,2022-03-18,2023-02-09,6,"Natasha  Reimer , Natasha Reimer"
Natasha Rende,"Director, Programs",2024-10-29,2024-10-29,1,Natasha Rende
Natasha Roebuck,Staffer,2013-11-27,2013-11-27,2,"Natasha Roebuck, Natasha Rowbuck"
Natasha Van Bentum,Outreach Advisor,2024-03-14,2024-03-14,1,Natasha van Bentum
Nate Erskine Smith,Member of Parliament,2018-08-28,2019-12-17,2,"Nate Erskine Smith, Nate Erskine-Smith"
Nate Feldman,Parliamentary Secretary,2024-12-10,2024-12-10,1,Nate Feldman
Nathalie Altherr,Executive Assistant to Assistant Deputy Minister,2021-06-07,2021-06-07,1,Nathalie Altherr
Nathalie Bechamp,Chief of Investor Services,2017-01-26,2024-03-15,7,"Nathalie Bechamp, Nathalie Béchamp"
Nathalie Belliveau,Director,2017-06-12,2017-06-12,1,Nathalie Belliveau
Nathalie Bergeron,Senior Policy Advisor,2021-04-09,2023-03-03,5,Nathalie Bergeron
Nathalie Bertrand,Associate Assistant Deputy Minister,2025-01-29,2025-01-29,1,Nathalie  Bertrand
Nathalie Bouchard,"Deputy Director, Analysis, Intelligence and Data Collaboration",2022-05-04,2022-05-04,1,Nathalie Bouchard
Nathalie Brault,Senior Director,2021-06-17,2021-06-30,3,Nathalie Brault
Nathalie Charette,Manager,2018-11-01,2018-11-01,2,Nathalie Charette
Nathalie Clayton,Senior Policy Advisor,2011-03-07,2011-03-29,2,Nathalie Clayton
Nathalie Cote,Chief of Staff,2024-07-12,2024-07-12,2,"Nathalie Cote, nathalie  cote"
Nathalie Couture,Senior Policy Advisor,2021-03-11,2021-03-11,1,Nathalie Couture
Nathalie Dagg,Manager,2024-10-02,2024-10-02,1,Nathalie Dagg
Nathalie Deslauriers,Executive Director,2022-11-16,2024-10-04,3,Nathalie Deslauriers
Nathalie Desrochers,Senior Program Officer,2023-09-12,2024-07-15,6,Nathalie Desrochers
Nathalie Drouin,Deputy Clerk,2017-03-03,2023-12-20,13,Nathalie Drouin
Nathalie Dube,Director General,2016-05-20,2024-06-18,4,"Nathalie Dube, nathalie dube"
Nathalie Duran,Policy Analyst,2009-02-12,2009-02-12,1,Nathalie Duran
Nathalie Durand,Executive Director,2009-02-26,2022-08-10,23,Nathalie Durand
Nathalie Fleury,"Director, Constituency Office",2021-01-13,2023-01-20,2,Nathalie Fleury
Nathalie Fortin,Administrative Assistant,2024-11-11,2024-11-11,1,Nathalie Fortin
Nathalie G. Drouin,Deputy Clerk of the Privy Council and Associate Secretary,2020-01-30,2025-01-30,22,Nathalie G. Drouin
Nathalie Gagnon,Project Manager,2016-09-08,2023-02-16,2,Nathalie Gagnon
Nathalie Gahimbare,Policy Advisor,2020-06-22,2023-06-26,79,"Natalie Gahimbare, Nathalie  Gahimbare, Nathalie  Gahimbare , Nathalie Gahibare, Nathalie Gahimbara, Nathalie Gahimbare"
Nathalie Gamhbiare,Policy Clerk,2022-05-05,2022-05-05,1,Nathalie Gamhbiare
Nathalie Gour,Director General,2024-10-08,2025-05-29,2,"NATHALIE Gour, Nathalie Gour"
Nathalie Guay,Senior Special Assistant,2016-01-12,2017-05-23,14,"NATHALIE GUAY, Nathalie Guay"
Nathalie Jackson,Analyst,2015-05-07,2015-05-07,1,Nathalie Jackson
Nathalie Kachulis,Director General,2017-08-22,2017-08-22,1,Nathalie Kachulis
Nathalie Kauffeldt,Executive Director,2022-06-15,2023-06-06,2,"Nathalie  Kauffeldt, Nathalie Kauffeldt"
Nathalie Laliberte,Vice President,2019-05-01,2019-05-01,1,Nathalie Laliberte
Nathalie Lambert,"Director, Global Accounts",2018-03-28,2018-03-28,1,Nathalie Lambert
Nathalie L'ecuyer,"Manager, Band Creation and Membership",2024-11-20,2024-11-20,1,Nathalie L'Ecuyer
Nathalie Leroux,Director General,2015-02-13,2023-08-22,8,Nathalie Leroux
Nathalie Levman,Counsel,2016-06-06,2024-11-26,13,Nathalie Levman
Nathalie Manseau,Acting Director,2017-05-29,2017-05-29,1,Nathalie Manseau
Nathalie Martel,Director,2019-04-25,2019-04-25,1,Nathalie Martel
Nathalie Martel-walsh,Parliamentary Assistant,2014-11-20,2018-05-08,3,Nathalie Martel-Walsh
Nathalie Martineau,"Assistant Director, Supervision",2018-07-24,2024-06-19,3,"Nathalie Martineau, Nathalie Matineau"
Nathalie Meilleur,Assistant Commissioner and Chief Audit Executive,2024-11-21,2024-11-21,1,Nathalie Meilleur
Nathalie Montpetit,Constituency Assistant,2023-10-23,2024-12-16,3,Nathalie Montpetit
Nathalie Morin,Executive Director,2018-04-17,2022-11-28,32,"Nathalie Morin, nathalie morin"
Nathalie Nepton,Director General,2025-02-26,2025-02-26,1,Nathalie Nepton
Nathalie Nercessian,Trade Commissioner,2017-11-08,2017-11-08,1,Nathalie Nercessian
Nathalie Normandin,Member of Parliament,2020-02-06,2020-02-06,2,Nathalie Normandin
Nathalie Nye,Director General,2023-11-15,2024-11-25,11,"Nathalie  Nye, Nathalie Nye"
Nathalie Peloquin,"Chief, Research Development, Promotion and Coordination",2019-05-24,2019-05-24,1,Nathalie Peloquin
Nathalie Perron,Director,2021-03-26,2021-03-26,1,Nathalie Perron
Nathalie Poirier-mizon,Director,2020-09-30,2023-10-30,3,"Nathalie Poirier-Miznon, Nathalie Poirier-Mizon"
Nathalie Quann,Principal Analyst,2023-06-22,2023-06-22,1,Nathalie Quann
Nathalie Rainville,Gender Equality Specialist,2014-10-22,2021-07-14,2,Nathalie Rainville
Nathalie Roberge,"Director, Issues Management",2019-04-16,2019-04-16,1,Nathalie Roberge
Nathalie Robillard,Senior Advisor,2009-12-30,2009-12-30,1,Nathalie Robillard
Nathalie Ross,"Senior Policy Advisor, Science",2019-09-04,2022-06-15,4,Nathalie Ross
Nathalie Rouleau,"Advisor, Industrial Technology",2016-12-01,2016-12-08,2,Nathalie Rouleau
Nathalie Sinclair-desgagne,Member of Parliament,2021-11-11,2025-03-12,27,"Natalie Sinclair-Desgagne, Natalie Sinclair-Desgagné , Nathalie   Sinclair-Desgagné, Nathalie  Sinclair-Desgagnés, Nathalie Sinclair-Desgagne, Nathalie Sinclair-Desgagné"
Nathalie Skov,Manager,2020-04-28,2022-11-16,2,Nathalie Skov
Nathalie Theberge,Director General,2015-10-14,2025-04-08,37,"Natalie Theberge, Natalie Theberge , Nathalie  Théberge, Nathalie Theberge, Nathalie Théberge"
Nathalie Valdes,Senior Policy Advisor,2016-01-21,2016-01-21,1,Nathalie Valdes
Nathalie Vanasse,"Director, Council Operations and Communications",2014-11-28,2014-11-28,1,Nathalie Vanasse
Nathalie Verville,Chief of Staff,2022-08-02,2022-08-02,1,Nathalie Verville
Nathalie Zhou,Parliamentary Assistant,2022-10-24,2022-10-24,1,Nathalie  Zhou
Nathan Besner,"Special Assistant to the Minister, Innovation, Science and Economic Development",2019-04-23,2019-04-23,1,Nathan Besner
Nathan Bessner,Policy Advisor,2019-05-07,2024-06-28,136,"Nathan  Bessner, Nathan Bessnar, Nathan Bessner"
Nathan Bowles,Policy Advisor,2020-05-04,2024-12-05,81,"Nathan  Bowles, Nathan Bowles"
Nathan Canning,Policy Advisor,2022-02-08,2025-02-27,44,"Nathan  Canning, Nathan Canning"
Nathan Caranci,Assistant to Member of Parliament,2016-11-23,2017-05-01,2,Nathan Caranci
Nathan Cardinal,Director,2023-02-16,2023-02-16,1,Nathan Cardinal
Nathan Cato,Policy Advisor,2010-10-14,2015-09-22,138,Nathan Cato
Nathan Cullen,Member of Parliament,2008-12-02,2019-04-02,206,"Mr. Nathan Cullen, M.P., NATHAN CULLEN, Nathan Cullen, Nathen Cullen, nathan Cullen, nathan cullen"
Nathan Dempster,Manager,2022-05-27,2022-05-27,1,Nathan Dempster
Nathan Dettingmeijer,Negotiator,2024-10-08,2024-10-08,1,Nathan Dettingmeijer
Nathan Draaistra,Administrative Assistant,2024-10-03,2024-10-03,2,"Nathan Draaistra, nathan Draaistra"
Nathan Ellis,Chief of Staff,2023-10-17,2023-10-17,2,Nathan Ellis
Nathan Erskine-smith,Member of Parliament,2015-11-26,2020-06-29,2,Nathan Erskine-Smith
Nathan Funk,Trade Commissioner,2020-03-17,2020-03-17,1,Nathan Funk
Nathan Gerelus,"Manager, National Affairs",2018-06-28,2024-06-10,4,"Nathan  Gerelus, Nathan Gerelus"
Nathan Gorall,"Director General, NWP Task Force",2012-11-08,2012-11-08,1,Nathan Gorall
Nathan Grundy,Parliamentary Assistant,2020-07-13,2023-02-28,11,Nathan Grundy
Nathan Gunn,Innovation Advisor,2016-05-03,2016-07-21,10,Nathan Gunn
Nathan Lemphers,Senior Economic Advisor,2024-10-22,2024-10-22,3,"Nathan  Lemphers, Nathan Lemphers"
Nathan Lysons,Senior Trade Commissioner,2022-01-26,2022-01-26,1,Nathan Lysons
Nathan Martin,Economic Development Officer,2014-06-09,2014-06-09,1,Nathan Martin
Nathan Murray,Junior Economist,2018-09-25,2023-01-25,8,Nathan Murray
Nathan Niu,"Chief, Forecasting and Program Analysis",2016-03-08,2016-03-08,1,Nathan Niu
Nathan Nuytten,Senior Business Officer,2023-01-19,2023-01-19,1,Nathan Nuytten
Nathan Prier,Economic Policy Analyst,2021-11-30,2022-01-19,2,Nathan Prier
Nathan Scaiff,"Acting Program Manager, AgriScience Program",2022-02-08,2023-03-21,2,Nathan Scaiff
Nathan Schaffer,Senior Policy Advisor,2018-01-18,2023-07-19,6,Nathan Schaffer
Nathan Scheewe,Policy Advisor,2013-08-22,2013-10-03,4,Nathan Scheewe
Nathan Van Beselaere,"Special Assistant, Saskatchewan",2021-03-05,2021-05-19,2,Nathan Van Beselaere
Nathanael Olson,Policy Advisor,2009-10-22,2010-05-14,5,Nathanael Olson
Nathanial Finestone,Legislative Assistant,2014-11-04,2014-11-04,1,Nathanial Finestone
Nathaniel Dueck,Staffer,2017-11-07,2018-10-15,2,Nathaniel Dueck
Nathaniel Erskine-smith,Member of Parliament,2015-12-10,2025-05-27,378,"NATHANIEL ERSKINE-SMITH, Nathanial Erskine-Smith, Nathaniel  Erskine-Smith, Nathaniel Erksine-Smith, Nathaniel Erskin-Smith, Nathaniel Erskine Smith, Nathaniel Erskine – Smith, Nathaniel Erskine-Smith, Nathaniel Erskine-Smith "
Nathaniel Erskine,Member of Parliament,2017-10-03,2017-10-03,1,Nathaniel Erskine
Nathaniel Finestone,Parliamentary Assistant,2015-05-13,2015-05-13,1,Nathaniel Finestone
Nathaniel Garrow,Policy and Program Officer,2024-12-13,2025-02-05,3,"Nathaniel  Garrow, Nathaniel Garrow, Nathaniel Garrow "
Nathaniel Lewis-george,"Senior Policy Analyst, Office of the Ambassador for Climate Change",2023-07-13,2023-07-13,1,Nathaniel Lewis-George
Nathaniel Morrow,"Policy and Program Officer, Band Creation and Membership",2024-11-20,2024-11-20,1,Nathaniel  Morrow
Nathaniel Mullin,Policy Advisor,2016-06-16,2023-07-05,131,"Nathaniel Mullin, Nathaniel mullin"
Nathaniel Mulllin,Senior Regional Advisor,2020-11-05,2020-11-05,1,Nathaniel Mulllin
Nathaniel Smith,Member of Parliament,2018-10-16,2018-10-16,1,Nathaniel Smith
Nathanielle Morin,Policy Advisor,2022-02-09,2025-03-07,112,"Nathanielle  Morin, Nathanielle  Morin , Nathanielle Morin"
Nathon Gunn,Policy Advisor,2015-05-11,2016-10-18,45,"Mr. Nathon Gunn, NATHON GUNN, Nathon Gunn, nathon gunn"
Natilien Joseph,Member of Parliament,2025-06-03,2025-06-03,1,Natilien Joseph
National Research Council Fowler,Robert,2011-05-09,2011-05-09,1,National Research Council Fowler
Natynczyk Walter,President,2013-10-29,2013-10-29,1,Natynczyk Walter
Nault Robert,Member of Parliament,2017-02-14,2017-02-14,1,Nault Robert
Navdeep Bains,Minister,2009-11-17,2022-02-22,814,"Hon Navdeep Bains, Hon. Navdeep Bains, Hon. Navdeep Bains, P.C., M.P., Honourable Navdeep Bains, NAVDEEP BAINS, Navdeep Bain, Navdeep Baines, Navdeep Bains, Navdeep Bains,, Navedeep Bains, The Hon. Navdeep Bains, The Hon. Navdeep Bains, P.C., M.P., The Honourable Navdeep Bains, The Honourable Navdeep Bains, P.C., M.P., The Honourable Navdeep Bains, P.C., MP"
Navdeep Bains Bains,Minister,2017-10-24,2017-10-24,1,Navdeep Bains Bains
Navdeep Singh Bains,Minister,2010-12-15,2020-02-26,17,"Honourable Navdeep Singh Bains, Navdeep Singh Bains, The Honourable Navdeep Singh Bains"
Navjot Sanghera,Regional Advisor,2021-03-30,2021-08-11,5,"Navjot Sanghera, navjot Sanghera"
Navneet Khinda,Policy Advisor,2016-10-24,2021-05-19,248,"Navneep Khinda, Navneet Khandi, Navneet Khinda, Navneet Kinda, Navneet khinda, Navnett Khinda"
Navneet Sohi,Special Assistant,2017-05-09,2017-05-09,1,Navneet Sohi
Navpreet Chhatwal,Communications Advisor,2024-09-06,2024-09-06,1,Navpreet Chhatwal
Navpreet Johal,"Manager, Parliamentary Affairs",2024-03-01,2024-03-01,1,Navpreet Johal
Neal Burnham,Deputy Director,2013-09-24,2013-11-19,2,Neal Burnham
Neal Hill,"Vice President, Fund Investments",2012-04-19,2016-10-20,5,Neal Hill
Neal Macdonald,Special Assistant,2018-11-05,2022-03-29,7,"Neal MacDonald, neal MacDonald"
Neal Peacocke,Manager,2022-06-30,2023-03-29,4,Neal Peacocke
Neela Todd,Policy Analyst,2022-08-23,2022-08-31,2,Neela Todd
Neelofer Mansuri,"Special Assistant, Outreach",2018-10-23,2019-07-25,2,Neelofer Mansuri
Neelu Shanker,"Deputy Director, Operations",2018-10-10,2020-06-16,3,Neelu Shanker
Neena Kushwaha,Manager,2021-11-01,2021-11-01,2,"Neena  Kushwaha, Neena Kushwaha"
Neeraj Bhalla,"Director, Constituency Affairs",2016-01-29,2018-11-30,3,Neeraj Bhalla
Neeve Zikman,Acting Manager,2021-03-19,2021-03-19,1,Neeve Zikman
Negar Hashemi,Counsel,2019-01-16,2019-01-16,1,Negar Hashemi
Negash Haile,"Director, Economic Analysis and Modelling Policy and Results Branch",2024-01-11,2025-01-15,2,Negash Haile
Negash Naile,"Director, Economics and Technology",2022-11-25,2022-11-25,1,Negash Naile
Neguest Alemayehu,Director,2016-10-31,2024-03-11,2,Neguest Alemayehu
Neha Beri,Legislative Assistant,2016-06-09,2017-05-29,3,"Neha Beri, Nehi Beri"
Neida Santini,Officer,2021-07-22,2022-02-22,2,Neida Santini
Neil Bouwer,Assistant Deputy Minister,2009-02-13,2021-10-08,111,"J.D. Neil Bouwer, JD Neil Bouwer, JD Neil Bower, Neil Bouwer"
Neil Bouwers,"Vice President, Policy and Programs",2011-06-17,2011-06-17,1,Neil Bouwers
Neil Brodie,Director of Policy,2008-08-25,2015-05-20,98,"Neil Brodie, neil brodie"
Neil Burke,Director,2018-05-17,2023-05-02,2,Neil Burke
Neil Burnett,Director,2013-10-11,2013-10-11,1,Neil Burnett
Neil Burron,Manager,2021-11-18,2022-12-16,3,Neil Burron
Neil Davis,Regional Director,2021-04-30,2024-12-12,6,Neil Davis
Neil Desai,Chief of Staff,2008-08-25,2013-04-16,60,"NEIL DESAI, NEIL DESIA, Neil Desai"
Neil Drabkin,Chief of Staff,2009-03-23,2012-05-17,19,"NEIL DRABKIN, Neil Drabkin"
Neil Ellis,Member of Parliament,2016-02-10,2021-08-11,150,"Neil Elis, Neil Ellis, Neil R. Ellis, neil ellis"
Neil Fisher,"Team Leader, Hydro and Flows Regulatory Review",2017-09-13,2022-11-09,2,Neil Fisher
Neil Goedhuis,Manager,2024-11-18,2024-11-19,2,Neil Goedhuis
Neil Kocchar,Senior Policy Advisor,2014-11-25,2014-11-25,1,Neil Kocchar
Neil Krell,"Regional Manager, Europe, Middle East and Africa, Global Business Development",2023-10-24,2024-03-01,3,"Neil  Krell, Neil Krell"
Neil Macintosh,Manager,2013-02-19,2015-07-29,2,Neil MacIntosh
Neil Macisaac,Director of Operations,2013-02-14,2025-05-28,192,"Neil  MacIsaac, Neil MacISaac, Neil MacIsaac, Neil Macisaac, Neil McIsaac"
Neil Macisaacs,"Chief of Staff, Fisheries, Oceans and the CCG",2022-10-27,2022-12-13,2,"Neil MacIsaacs, Neil Maclsaac"
Neil Macissac,Policy Advisor,2020-03-11,2024-05-01,4,"Neil  MacIssac, Neil MacIssac"
Neil Mackinnon,Economist,2016-03-31,2023-04-26,9,"Neil MacKinnon, Neil Mackinnon, neil mackinnon"
Neil Maxwell,Assistant Auditor General,2008-09-26,2014-01-08,5,Neil Maxwell
Neil Mckenna,Policy Advisor,2018-11-01,2023-05-24,31,"Nei McKenna, Neil  McKenna, Neil McKenna, Neil Mckenna, neil mckenna"
Neil O'rourke,Director General,2016-04-18,2025-02-20,7,"Neil  O'Rourke, Neil O'Rourke"
Neil Parkinson-dow,Constituency Assistant,2016-07-06,2016-07-06,1,Neil Parkinson-Dow
Neil Parry,Vice President,2013-05-15,2024-11-27,56,Neil Parry
Neil Reeder,"Director General, Latin America and Caribbean",2010-10-08,2013-07-04,4,Neil Reeder
Neil Swain,Deputy Director,2017-08-14,2023-02-01,3,Neil Swain
Neil Tolson,Head,2009-02-13,2009-02-13,2,Neil Tolson
Neil Weatherdon,Executive Director,2021-06-21,2024-12-11,3,Neil Weatherdon
Neil Yeates,Deputy Minister,2008-09-11,2020-06-08,56,"Neil Yates, Neil Yeates, Neil Yeats"
Nell Stewart,Ambassador,2017-04-26,2023-07-20,4,Nell Stewart
Nelly Desrosiers,Senior Policy Analyst,2017-10-11,2019-04-29,2,"Nelly DesRosiers, Nelly Desrosiers"
Nelly Shin,Member of Parliament,2020-02-04,2021-07-20,43,"Ms. Nelly Shin, NELLY SHIN, Nelly Shin"
Nelson Barbosa,Director,2016-05-26,2024-10-09,12,"Nelson Barbosa, Nelson Barbosa , nelson barbosa"
Nelson Bouffard,"Special Assistant, Regional Affairs",2009-08-06,2009-08-06,2,Nelson Bouffard
Nelson Ferguson,Manager,2020-02-21,2020-02-26,2,Nelson Ferguson
Nelson Kalil,Director,2020-12-18,2022-10-28,2,Nelson Kalil
Nelson Millar,Senior Policy Analyst,2020-12-17,2020-12-17,1,Nelson Millar
Nelson Montgomery,Senior Program Advisor,2019-03-19,2019-03-19,1,Nelson Montgomery
Nelson Paterson,Senior Director,2016-06-23,2024-11-27,6,"Nelson Paterson, Nelson Patterson"
Neomimyra Jeevanesan,Technical Officer,2024-01-09,2024-03-26,6,Neomimyra Jeevanesan
Neor Tiku,Policy Advisor,2022-11-23,2025-02-20,13,Neor Tiku
Nermine Assaad,Investment Analyst,2020-12-22,2020-12-22,1,Nermine Assaad
Nero Tiku,Senior Operations Assistant,2024-09-23,2024-09-23,1,Nero Tiku
Nesreen Mandanas,Policy Analyst,2024-10-24,2024-10-24,1,Nesreen Mandanas
Netasha Basra,Executive Regional Director,2019-05-31,2020-09-18,3,Netasha Basra
Neve Adams,Junior Policy Analyst,2022-02-15,2022-05-12,2,Neve Adams
Neville Henderson,Assistant Superintendent,2016-04-05,2021-04-14,25,Neville Henderson
Neville Johnson,Acting Manager,2024-09-25,2024-09-25,1,Neville Johnson
Nevin Buconjic,Initiatives Officer,2024-12-11,2025-02-13,2,Nevin Buconjic
Nevison Douglas,Assistant Deputy Minister,2021-07-08,2021-07-08,1,Nevison Douglas
Newton Shortliffe,"Assistant Director, Collection",2022-05-02,2022-05-02,1,Newton Shortliffe
Ngole Philip Ngwese,High Commissioner,2024-11-05,2024-11-05,1,Ngole Philip Ngwese
Ngozi Etolue,Not Specified,2023-04-27,2023-04-27,1,Ngozi Etolue
Niall Cronin,Associate Director General,2013-05-10,2023-05-17,11,Niall Cronin
Niall Mcevoy,RCMP Officer,2024-02-08,2024-02-08,1,Niall McEvoy
Niall O'dea,Senior Assistant Deputy Minister,2013-10-07,2025-06-05,200,"Nial O'Dea, Niall  O’Dea, Niall O'Dea, Niall O'dea, Niall ODea, Niall Odea, Niall O’Dea"
Nichola Lovrics,"Special Assistant, Parliamentary Affairs and Issues Management",2024-05-23,2025-02-03,2,"Nichola Lovrics, Nicolas  Lovrics"
Nicholas A Tinker,Research Scientist,2017-10-26,2017-11-01,2,Nicholas A Tinker
Nicholas Anderson,Policy Analyst,2024-10-02,2025-01-13,4,"Nicholas Anderson, Nicholas Andreson"
Nicholas Barber,"Assistant Director, Policy",2024-05-02,2025-04-07,2,Nicholas Barber
Nicholas Bergamini,Press Secretary,2014-09-16,2015-07-10,7,Nicholas Bergamini
Nicholas Best,Staffer to Member of Parliament,2013-05-07,2017-05-19,3,Nicholas Best
Nicholas Bishop,Senior Program Scientist,2024-08-28,2024-08-28,1,Nicholas Bishop
Nicholas Bransfield,Special Assistant to the Chief of Staff,2021-01-13,2021-01-13,1,Nicholas Bransfield
Nicholas Brewer,"Economist, Financial Sector Stability",2009-02-05,2009-04-28,2,Nicholas Brewer
Nicholas Brigden-rene De Cotret,Executive Assistant to the Assistant Deputy Minister,2024-06-25,2024-06-25,1,Nicholas Brigden-René de Cotret
Nicholas Brousseau,"Ambassador Extraordinary and Plenipotentiary, Kingdom of Belgium",2025-04-30,2025-04-30,3,Nicholas Brousseau
Nicholas Brown,"Senior Special Assistant, Communications",2017-08-25,2017-08-25,1,Nicholas Brown
Nicholas Charney,Policy Analyst,2017-10-16,2017-10-16,1,Nicholas Charney
Nicholas Chesterley,Senior Director,2021-11-23,2025-03-12,13,"Nicholas  Chesterley, Nicholas Chesterley, Nicholas Chesterley , Nicholas Chesterly"
Nicholas Chisnall,Executive Assistant to the Deputy Minister,2024-04-23,2024-04-23,1,Nicholas Chisnall
Nicholas Dang,Policy Advisor,2018-04-17,2024-09-26,2,"Nicholas Dang, Nicholas Zhang"
Nicholas Daube,Director of Policy,2018-11-09,2021-12-09,47,"Nicholas Daube, Nicolas Daube"
Nicholas Duprey,Senior Science Advisor,2024-09-27,2024-09-27,1,Nicholas Duprey
Nicholas Duval-mace,Manager,2023-06-29,2023-06-29,1,Nicholas Duval-Mace
Nicholas Fedorkiw,Policy Advisor,2015-07-01,2015-07-01,1,Nicholas Fedorkiw
Nicholas Gauthier,Trade Policy Analyst,2013-10-30,2021-06-23,4,Nicholas Gauthier
Nicholas Gordon,Senior Trade Policy Officer,2017-06-27,2024-10-10,3,Nicholas Gordon
Nicholas Grillas,"Manager, Banking Initiatives",2010-10-07,2017-10-10,9,Nicholas Grillas
Nicholas Haley,Assistant to Member of Parliament,2021-04-08,2021-04-08,1,Nicholas Haley
Nicholas Harper,Senior Policy Analyst,2015-02-02,2025-03-07,13,"Nicholas  Harper, Nicholas Harper, Nicholas Harper "
Nicholas Harrison,Policy Analyst,2023-10-18,2024-08-13,5,Nicholas Harrison
Nicholas Hoffman,"Senior Advisor, Equipment",2015-02-18,2015-02-18,1,Nicholas Hoffman
Nicholas Ignatieff,Manager,2020-09-04,2024-02-15,10,"Nicholas  Ignatieff, Nicholas Ignatieff, Nicolas Ignatieff"
Nicholas Insley,"Manager, Stakeholder Relations and Press Secretary",2014-01-14,2015-05-05,12,"Nicholas Insley, Nicholas Isley"
Nicholas James Kalogerakos,Policy Advisor,2012-11-29,2019-01-31,12,"Nicholas James Kalogerakos, Nicholas-James Kalogerakos"
Nicholas Kalogerakos,Policy Advisor,2012-10-26,2019-06-14,35,"Nicholas Kalogerakos, Nicolas Kalogerakos"
Nicholas Kaminsky,Policy Analyst,2017-05-30,2024-08-28,3,Nicholas Kaminsky
Nicholas Kang,Senior Policy Advisor,2016-05-31,2025-05-14,440,"Nichoals Kang, Nichola Kang, Nicholas  Kang, Nicholas  Kang , Nicholas Kang, Nicholas Khang, Nickolas Kang, Nicolas Kang, nicholas Kang, nicholas kang"
Nicholas King,Director of Policy,2018-05-08,2022-01-24,2,Nicholas King
Nicholas Kung,Special Assistant,2016-10-24,2016-10-24,1,Nicholas Kung
Nicholas Leswick,Assistant Deputy Minister,2016-09-08,2016-09-08,1,Nicholas Leswick
Nicholas Lochhead,Acting Chief of Staff,2021-07-23,2021-07-23,1,Nicholas Lochhead
Nicholas Lovics,"Special Assistant to the Minister, Foreign Affairs",2024-06-17,2024-06-17,1,Nicholas  Lovics
Nicholas Lovrics,"Senior Advisor, Parliamentary Affairs and Issues Management",2023-05-03,2025-03-10,14,"Nicholas  Lovrics, Nicholas Lovircs, Nicholas Lovrics"
Nicholas Mackiewicz,Policy Advisor,2023-09-18,2025-03-20,8,"Nicholas  Mackiewicz, Nicholas Mackiewicz"
Nicholas Mahoney,Policy Advisor,2022-08-17,2024-04-23,120,"Nicholas  Mahoney, Nicholas  Mahoney , Nicholas Mahonay, Nicholas Mahoney, Nicholas Mahoney , Nicolas Mahoney"
Nicholas Malouin,Parliamentary Affairs Assistant,2021-02-24,2024-05-16,4,Nicholas Malouin
Nicholas Marum,"Director, Industry Relations, Analysis and Policy",2022-04-29,2023-01-13,2,"Nicholas Marum, Nicolas Marum"
Nicholas Mccue,Parliamentary Assistant,2018-05-15,2018-05-15,1,Nicholas McCue
Nicholas Millen,National Manager,2023-08-11,2024-04-23,2,"Nicholas Millen, nicholas millen"
Nicholas Mitchell,Director,2022-10-26,2022-10-26,1,Nicholas Mitchell
Nicholas Moody,Parliamentary Affairs Advisor,2024-05-16,2024-05-16,1,Nicholas Moody
Nicholas Nagy,Senior Advisor,2023-09-26,2023-09-26,2,Nicholas Nagy
Nicholas Natale,Project Manager,2024-04-10,2024-04-10,1,Nicholas Natale
Nicholas Ogden,Director,2024-01-25,2024-01-25,1,Nicholas Ogden
Nicholas Osborne,Executive Director,2022-05-31,2023-12-01,2,Nicholas Osborne
Nicolas Pappalardo,Chief of Staff,2008-11-21,2015-07-29,149,"Nicholas Pappalardo, Nicolas Papallardo, Nicolas Pappalardo"
Nicholas Pashkoski,Policy Advisor,2016-01-27,2016-01-27,1,Nicholas PashKoski
Nicholas Pozhke,Policy Advisor,2010-04-13,2013-06-04,12,"Nicholas Pohzke, Nicholas Pozhke"
Nicholas Proulx,Service Delivery Manager,2023-08-31,2023-08-31,1,Nicholas Proulx
Nicholas Robinson,"Director General, Civil Aviation",2018-12-06,2025-05-07,132,"NIcholas Robinson, Nicholas Robinson, Nicholas Robinson "
Nicholas Ryan,Policy Analyst,2022-10-17,2023-06-02,3,Nicholas Ryan
Nicholas Shipley,Manager,2020-12-21,2023-04-03,2,Nicholas Shipley
Nicholas Smith,Advisor,2013-05-08,2013-05-08,1,Nicholas Smith
Nicholas Stewart,Senior Trade Policy Officer,2013-11-26,2015-12-04,5,"Nicholas Stewart, Nicolas Stewart"
Nicholas Sylvestri,Policy Analyst,2017-05-08,2017-05-08,1,Nicholas Sylvestri
Nicolas Thibodeau,Parliamentary Assistant,2014-05-15,2024-06-19,14,"Nicholas Thibodeau, Nicolas  Thibodeau, Nicolas R. Thibodeau, Nicolas Thibodeau"
Nicholas Watts,Staffer,2023-10-24,2023-10-24,1,Nicholas  Watts
Nicholas Whalen,Member of Parliament,2018-02-26,2018-02-26,1,Nicholas Whalen
Nicholas Winfield,Director General,2013-03-13,2025-02-25,85,"Nicholas Windfield, Nicholas Winfield, Nicolas Winfield"
Nicholas Winfiield,Assistant Deputy Minister,2017-05-10,2017-05-10,1,Nicholas Winfiield
Nicholas Wise,Chief Information Officer,2011-10-26,2022-02-14,4,Nicholas Wise
Nicholas Wright,Special Assistant,2023-06-29,2024-04-17,3,"Nicholas Wright, Nicholas Wright "
Nicholas Yee,Operations Manager,2018-10-31,2024-06-04,3,Nicholas Yee
Nicholas Zrinyi,Policy Analyst,2021-12-15,2022-07-11,6,Nicholas Zrinyi
Nichole Beck,Policy Advisor,2016-12-08,2018-04-19,3,Nichole Beck
Nicole Folliet,Executive Director,2018-02-23,2025-05-15,11,"Nichole Folliet, Nicole Folliet"
Nichole Saba,Director,2022-10-21,2022-10-21,1,Nichole Saba
Nicholson James,Director of Policy,2014-06-03,2014-06-10,2,Nicholson James
Nicholson Rob,Member of Parliament,2018-02-12,2018-02-12,1,Nicholson Rob
Nick Bransfield,Officer,2022-12-01,2023-01-20,4,"Nick  Bransfield, Nick Bransfield"
Nick Cheeseman,Director,2022-02-16,2024-10-23,5,"Nick  Cheeseman, Nick Cheeseman"
Nick Coolbergen,Policy Advisor,2009-04-09,2009-04-09,1,Nick Coolbergen
Nick Daube,Director of Policy,2018-12-17,2020-12-10,11,Nick Daube
Nick Drain,Legislative Assistant,2022-03-08,2022-03-08,1,Nick Drain
Nick Driscoll,Legislative Assistant,2022-11-21,2023-02-09,2,Nick Driscoll
Nick Fabiano,Vice President,2023-06-26,2024-11-19,12,"Nick  Fabiano , Nick Fabiano"
Nick Fedorkiw,Policy Advisor,2015-07-09,2015-07-09,1,Nick Fedorkiw
Nick Gamache,"Acting Director, Media Relations and Issues Management",2020-09-28,2020-10-09,2,Nick Gamache
Nick Haley,Parliamentary Secretary,2021-06-07,2021-06-07,2,Nick Haley
Nick Hann,Head of Investments,2019-02-13,2019-02-13,1,Nick Hann
Nick Heseltine,Assistant Deputy Minister,2009-03-03,2009-03-03,1,Nick Heseltine
Nick Kalogerakos,Policy Advisor,2013-01-16,2019-10-11,4,"Nic Kalogerakos, Nick Kalogerakos, Nick Kolagerakos"
Nick Kang,Policy Advisor,2016-07-25,2024-09-25,24,"Nick Kang, nick Kang"
Nick Koolsbergen,Director of Communications,2008-12-03,2015-01-23,10,Nick Koolsbergen
Nick Leswick,Associate Deputy Minister,2013-04-04,2025-02-20,109,"Nick  Leswick, Nick  Leswick , Nick Leswick"
Nick Lewis,Associate Deputy Minister,2023-08-18,2023-08-18,1,Nick Lewis
Nick Macaluso,Director,2009-09-09,2023-05-31,10,Nick Macaluso
Nick Mahoney,Policy Advisor,2022-12-15,2023-06-16,9,"Nick Mahoney, Nick Mahoney "
Nick Manley,DNCS 5-6,2016-06-15,2016-10-14,2,Nick Manley
Nick Marion,Senior Director,2021-10-21,2022-11-25,3,Nick Marion
Nick Marum,Policy Advisor,2016-02-02,2016-02-02,1,Nick Marum
Nick Moody,Parliamentary Affairs Advisor,2024-12-04,2024-12-04,1,Nick Moody
Nick Nassios,Principal Analyst,2021-01-13,2021-01-13,1,Nick Nassios
Nick Naube,Director of Policy,2019-04-08,2019-04-08,1,Nick Naube
Nick Nick Koolsbergen,Director of Communications,2014-08-18,2014-08-18,1,Nick Nick Koolsbergen
Nick Orphanos,Senior Policy Analyst,2017-06-09,2017-06-09,1,Nick Orphanos
Nick Pappalardo,Chief of Staff,2009-02-20,2014-11-06,3,Nick Pappalardo
Nick Pashkoski,Policy Advisor,2015-12-10,2016-12-08,38,"Nick PashKoski, Nick Pashkoski, Nick Pashkowski"
Nick Penner,Operations Advisor,2024-11-26,2025-01-31,12,"Nick  Penner , Nick Penner"
Nick Robinson,"Director General, Civil Aviation",2020-09-01,2024-10-10,4,"Nick  Robinson, Nick Robinson"
Nick Sibbeston,Senator,2010-07-29,2016-01-15,13,"Nick G. Sibbeston, Nick Sibbeston"
Nick Switalski,Parliamentary Secretary Assistant,2011-12-12,2013-11-28,7,Nick Switalski
Nick Thibodeau,Parliamentary Assistant,2017-10-17,2017-10-17,1,Nick Thibodeau
Nick Whalen,Member of Parliament,2016-02-01,2019-07-23,117,"Nick Wahalen, Nick Whaken, Nick Whalen, Nick Whelan"
Nick Winfield,Director,2012-11-13,2019-08-12,19,"Nick Winfeld, Nick Winfield"
Nick Wright,Special Assistant,2023-01-25,2024-09-23,6,Nick Wright
Nick Xenos,Executive Director,2010-10-07,2024-10-23,59,Nick Xenos
Nick Zrinyi,Policy Analyst,2022-03-23,2023-05-18,4,"Nick  Zrinyi, Nick Zrinyi"
Nick Zylstra,Director,2015-03-04,2015-03-04,1,Nick Zylstra
Nicky Cayer,Legislative Assistant,2017-05-01,2017-05-01,1,Nicky Cayer
Nico Pau,"Director, Engineering Support",2014-05-13,2014-05-13,1,Nico Pau
Nico Paul,"Director, Community Infrastructure",2021-10-22,2025-01-22,4,Nico Paul
Nicola Bianco,Policy Analyst,2022-09-21,2024-09-27,2,Nicola Bianco
Nicola Bill,Manager,2018-09-05,2018-09-05,1,Nicola Bill
Nicola Di Iorio,Member of Parliament,2016-02-07,2018-09-21,33,"Nicola Di Iori, Nicola Di Ioria, Nicola Di Iorio, Nicola Di lorio, Nicola DiIorio, Nicola Diiorio, Nicola di Iorio, Nicolas Di Iorio"
Nicola Epprecht,Regional Manager,2019-09-27,2019-11-04,2,Nicola Epprecht
Nicola Gall,Policy Advisor,2018-04-03,2018-04-23,2,Nicola Gall
Nicola Langille,Policy Advisor,2018-11-09,2020-07-02,34,"Nicola Langilee, Nicola Langille, Nicola Languille"
Nicola Lino Contini,Senior Counsel,2023-05-18,2023-05-18,1,Nicola Lino Contini
Nicola Scahill,Senior Analyst,2018-02-01,2018-04-26,2,Nicola Scahill
Nicola Schmidt,Parliamentary Intern,2025-01-16,2025-01-16,1,Nicola Schmidt
Nicolaos Xenos,Director,2015-09-21,2015-09-21,1,Nicolaos Xenos
Nicolas Arsenault,Unpaid Intern,2017-11-14,2017-11-14,1,Nicolas Arsenault
Nicolas Barbe,Senior Economist,2014-12-01,2024-01-30,8,Nicolas Barbe
Nicolas Best,Assistant,2015-03-17,2015-03-17,1,Nicolas Best
Nicolas Bouchard,Operations Advisor,2022-03-04,2023-11-02,9,"Nicolas  bouchard, Nicolas Bouchard, Nicolas Bouchard "
Nicolas Burbidge,Senior Director,2014-11-26,2016-07-21,2,Nicolas Burbidge
Nicolas Courville,Senior Regulatory Enforcement Officer,2015-12-04,2015-12-04,1,Nicolas Courville
Nicolas Daoust,Parliamentary Assistant,2018-05-10,2019-02-19,7,Nicolas Daoust
Nicolas Desrivieres,Senior Policy Analyst,2024-04-30,2024-04-30,1,Nicolas Desrivières
Nicolas Dufour,Member of Parliament,2010-10-05,2011-03-02,9,Nicolas Dufour
Nicolas Dupont,Constituency Assistant,2024-03-27,2024-09-10,5,"Nicolas  Dupont, Nicolas Dupont, Nicolas Dupont , nicolas Dupont"
Nicolas Fontaine,"Exercises Officer, CANSpOC",2022-01-20,2022-01-20,1,Nicolas Fontaine
Nicolas Gauthier,Deputy Director,2023-12-12,2024-02-05,2,Nicolas Gauthier
Nicolas Gilbert,Senior Epidemiologist,2020-08-25,2020-08-25,2,Nicolas Gilbert
Nicolas Gravel,"Director, Fund Investments",2017-11-03,2017-11-03,1,Nicolas Gravel
Nicolas Lavoie,Assistant Member of Parliament,2017-05-24,2017-10-13,5,"Nicolas Lavoie, nicolas lavoie"
Nicolas Lepage,Advisor,2022-06-20,2022-06-20,1,Nicolas LEPAGE
Nicolas Lesieur,Senior Trade Policy Officer,2022-11-30,2022-11-30,1,Nicolas Lesieur
Nicolas Marion,"Senior Director, Payments Policy",2009-02-05,2025-05-07,30,"Nicholas Marion, Nicolas Marion"
Nicolas Matte,Senior Policy Analyst,2022-03-18,2022-03-18,1,Nicolas Matte
Nicolas Mccandie Glustien,Associate Director,2020-02-06,2023-09-28,4,Nicolas McCandie Glustien
Nicolas Moreau,Associate Assistant Deputy Minister,2020-04-13,2024-07-10,48,"Nicolas  Moreau, Nicolas Moreau, nicolas Moreau"
Nicolas Nabaa,Director General,2022-12-15,2024-10-10,4,Nicolas Nabaa
Nicolas Palanque,Director,2020-05-07,2021-05-18,2,Nicolas Palanque
Nicolas Picard,Senior Policy Strategist,2023-08-31,2023-08-31,2,Nicolas Picard
Nicolas Pilon,Brigadier General,2016-12-14,2021-05-28,3,"Nicholas Pilon, Nicolas Pilon"
Nicolas Randall,Senior Policy Advisor,2024-03-13,2024-05-28,2,Nicolas Randall
Nicolas Raymond,Foreign Reserves Management,2012-06-20,2012-06-20,1,Nicolas Raymond
Nicolas Ruszkowski,Vice President,2021-02-12,2021-02-12,2,Nicolas Ruszkowski
Nicolas Seguin,Assistant,2012-06-11,2012-06-11,1,Nicolas Seguin
Nicolas Simard,Ambassador to the Republic of Mali,2025-02-05,2025-02-05,1,Nicolas Simard
Nicolas Verville,Manager,2024-05-09,2024-05-09,1,Nicolas Verville
Nicole Barbe,Senior Compliance Officer,2017-02-22,2017-02-22,1,Nicole Barbe
Nicole Barrafato,Staffer,2013-12-10,2013-12-10,1,Nicole Barrafato
Nicole Bouchard,Regional Director,2021-08-02,2024-02-08,2,"Nicole  Bouchard, Nicole Bouchard"
Nicole Bouchard-steeves,Associate Vice President,2018-07-13,2019-07-03,2,Nicole Bouchard-Steeves
Nicole Bourget,Assistant Deputy Minister,2008-07-11,2014-01-23,7,Nicole Bourget
Nicole Brouwer,Policy Analyst,2023-07-04,2023-11-02,3,Nicole Brouwer
Nicole Butcher,Director General,2024-04-03,2024-04-03,1,Nicole  Butcher
Nicole Charron,Senior Policy Advisor,2015-02-05,2016-10-16,2,Nicole Charron
Nicole Chin,Senior Program Analyst,2022-03-15,2022-03-15,1,Nicole Chin
Nicole Church,"Senior Manager, Client Relationships and Operations",2020-06-02,2020-06-02,1,Nicole Church
Nicole Chury,Junior Investment Analyst,2021-10-12,2023-11-09,10,"Nicole Churry, Nicole Chury"
Nicole Cote,Director General,2020-01-23,2024-11-19,63,Nicole Cote
Nicole Davidson,Director,2017-03-29,2024-07-31,5,"Nicole  Davidson, Nicole Davidson"
Nicole Demers,Member of Parliament,2010-09-28,2011-03-02,11,Nicole Demers
Nicole Deschenes,"Chief, Program Coordination and Outreach",2022-10-13,2022-10-13,1,Nicole Deschenes
Nicole Eaton,Senator,2010-10-05,2019-01-25,22,"Hon. Nicole Eaton, P.C., Nicole C. Eaton, Nicole Eaton"
Nicole Ellement,"Regional Advisor, Calgary",2024-09-25,2024-09-25,1,Nicole Ellement
Nicole Fortier,Briefing Officer,2018-10-10,2018-11-15,2,"Nicole Fortier, nicole fortier"
Nicole Frantz,Senior Strategic Advisor,2022-08-22,2022-08-31,2,"Nicole  Frantz, Nicole Frantz"
Nicole Fuhr,Manager,2021-05-05,2021-05-05,1,Nicole Fuhr
Nicole Gesnot,"Assistant Director, Program Manager",2013-09-16,2013-09-16,1,Nicole Gesnot
Nicole Giles,Senior Assistant Deputy Minister | Deputy Director,2015-12-11,2025-04-24,17,Nicole Giles
Nicole Girard,Legal Counsel,2015-02-05,2021-07-09,22,"Nicole F Girard, Nicole Girard"
Nicole Grabowski,Policy Advisor,2020-10-15,2020-10-15,1,Nicole Grabowski
Nicole Gratton,"Director General, Cloud Services Directorate",2018-04-30,2018-04-30,1,Nicole Gratton
Nicole Harron,Policy Advisor,2017-10-19,2017-10-19,1,Nicole Harron
Nicole Howe,Executive Director,2019-03-20,2024-11-19,18,"Nicole  Howe, Nicole Howe"
Nicole Hull,Director,2017-03-31,2017-03-31,1,Nicole Hull
Nicole Jauvin,Deputy Minister and President,2009-05-26,2011-03-25,5,Nicole Jauvin
Nicole Johnston,Senior Advisor,2023-10-03,2023-10-03,1,Nicole  Johnston
Nicole Knox,"Manager, Technical Services",2018-10-30,2023-11-07,12,Nicole Knox
Nicole L Bouchard-steeves,Acting Vice President,2018-03-09,2018-03-09,1,Nicole L Bouchard-Steeves
Nicole Ladouceur,Director General,2012-07-17,2013-09-25,2,Nicole Ladouceur
Nicole Leblanc,Director of Communications,2016-04-19,2016-04-19,1,Nicole LeBlanc
Nicole Leclerc,Procurement Advisor,2019-10-25,2019-10-25,1,Nicole Leclerc
Nicole Legault,Director,2016-02-02,2016-08-24,2,Nicole Legault
Nicole Lunstead,"Deputy Ombudsperson, Responsible Enterprise",2012-07-26,2024-06-17,3,"Nicole Lunstead, Nicole Lunstead "
Nicole Mann,Science Policy Analyst,2024-02-28,2024-02-28,1,Nicole  Mann
Nicole Mccutchen,"Director, Biodiversity Program",2024-11-06,2024-11-06,1,Nicole McCutchen
Nicole Mccutcheon,Regional Manager,2024-06-03,2024-06-03,1,Nicole McCutcheon
Nicole Mcdonald,Director,2017-03-22,2021-06-02,7,Nicole McDonald
Nicole Mckenzie,Senior Evaluation Officer,2022-03-03,2022-03-03,1,Nicole McKenzie
Nicole Michalewicz,Policy Advisor,2024-02-28,2024-02-28,1,Nicole Michalewicz
Nicole Mischuk,"Acting Manager, Lake Winnipeg Basin Program",2023-12-21,2025-06-11,9,Nicole Mischuk
Nicole Nel,"Acting Executive Regional Director, Issues and Program Management",2023-03-24,2024-05-17,2,"Nicole  Nel, Nicole Nel"
Nicole Nkunzimana,Trade Commissioner,2023-03-29,2023-03-29,1,Nicole Nkunzimana
Nicole Paradis,Policy Advisor Assistant,2015-03-09,2015-03-09,1,Nicole Paradis
Nicole Peters,Staffer,2017-05-29,2019-05-07,4,Nicole Peters
Nicole Picher,"Director, Constituency",2021-06-07,2023-12-18,4,"Nicole Picher, Nicole Piché"
Nicole Poulin,Deputy Director,2024-01-24,2024-01-24,1,Nicole Poulin
Nicole Power,Policy Advisor,2011-11-22,2011-11-22,1,Nicole Power
Nicole Salem,Personal and Scheduling Assistant,2009-02-03,2009-02-03,1,Nicole Salem
Nicole So,Advisor to the Director General,2023-10-06,2023-10-06,1,Nicole So
Nicole Thibodeau,Policy Advisor,2016-01-10,2016-02-02,2,Nicole Thibodeau
Nicole Tuczynski,Staffer,2016-04-27,2016-04-27,1,Nicole Tuczynski
Nicole Turcotte-cook,Policy Analyst,2020-08-24,2020-08-24,1,Nicole Turcotte-Cook
Nicole Uher,Deputy Director,2023-11-15,2023-11-15,1,Nicole Uher
Nicole Verlinden,Officer,2024-10-09,2025-01-20,2,Nicole Verlinden
Nicole Vigneault,Acting Director,2023-04-26,2023-05-02,2,Nicole Vigneault
Nicole Waldron,Member of Parliament,2018-05-17,2018-05-17,1,Nicole Waldron
Nicole Woodford,Legislative Assistant,2013-10-11,2017-03-23,2,Nicole Woodford
Nicole Wudrick,Staffer,2014-02-11,2014-02-11,1,Nicole Wudrick
Nicole Young,"Manager, Federal Community Housing Initiative",2020-07-07,2020-07-07,1,Nicole Young
Nicoletta D'arcangelo,Trade Commissioner,2024-10-29,2025-05-05,4,Nicoletta D'Arcangelo
Nidal Islam,Acting Deputy Director,2023-07-24,2024-08-29,12,Nidal Islam
Niel Bower,Assistant Secretary to Cabinet,2008-12-03,2008-12-03,1,Niel Bower
Nieuwoudt Gerrit,Director of Policy,2014-01-29,2014-01-29,1,Nieuwoudt Gerrit
Nigel Hannaford,"Manager, Speechwriting",2013-03-06,2014-12-18,4,Nigel Hannaford
Nigel Harrison,Manager,2018-03-29,2018-03-29,1,Nigel Harrison
Nigel Lloyd,Executive Vice President,2009-05-29,2009-05-29,1,Nigel Lloyd
Nigel Marshman,Senior Policy Advisor,2016-07-11,2018-01-24,23,"Nigel Marshman, Nigel Mashman"
Nigel Neale,"Senior Trade Commissioner, Consulate General of Canada",2019-02-19,2021-04-19,6,Nigel Neale
Nigel Selig,"Director, ESG Integration (Climate)",2024-12-12,2024-12-12,1,Nigel Selig
Nigel Stephens,Assistant Director,2014-06-10,2017-11-21,12,Nigel Stephens
Nigel Wright,Chief of Staff,2011-01-12,2013-05-15,67,"NIGEL WRIGHT, Nigel Wright"
Nihaal Khera,Constituency Assistant,2023-10-12,2023-10-12,1,Nihaal Khera
Nihal Sherif,"Senior Director, Negotiations and Operations",2016-01-08,2024-10-08,2,Nihal Sherif
Nik Zylstra,Policy Advisor,2012-06-12,2019-06-05,64,"Nik Zilstra, Nik Zulstra, Nik Zyistra, Nik Zylstra, Nik Zystra"
Niki Ashton,Member of Parliament,2009-03-31,2025-03-20,207,"NIki Ashton, Nik Ashton, Niki  Ashton, Niki Ashton, Niki Aston, Nikki Ashton, niki ashton"
Nikil Chande,Senior Director,2023-10-31,2024-10-22,2,Nikil Chande
Nikita Eriksen-hamel,Deputy Director,2021-02-08,2023-04-27,4,Nikita Eriksen-Hamel
Nikki Hipkin,Director of Operations,2021-03-18,2025-03-14,142,"Nikki  Hipkin, Nikki Hipkin, Nikki Hippkin, nikki hipkin"
Nikki Maier,Manager,2022-09-12,2022-09-12,1,Nikki  Maier
Nikki Mcnear,Health Facilities Officer,2024-08-15,2024-08-15,1,Nikki McNear
Niklaus Schwenker,Director of Communications,2010-08-31,2012-11-29,2,Niklaus Schwenker
Niko Fleming,Director,2018-02-12,2019-10-28,2,Niko Fleming
Nikola Bennet,Policy Advisor,2024-07-25,2024-07-25,1,Nikola Bennet
Nikola Borcic,Senior Investment Manager,2023-10-26,2024-07-04,7,"Nikola  Borcic, Nikola Borcic"
Nikola Brassard-dion,Policy Advisor,2022-09-20,2022-09-20,1,Nikola Brassard-Dion
Nikola Sydor-estable,Manager,2021-08-06,2021-08-06,1,Nikola Sydor-Estable
Nikolay Nikolov,"Deputy Head of Mission, Republic of Bulgaria",2024-05-28,2024-05-28,1,Nikolay  Nikolov
Nilani Logeswaran,Legislative Assistant,2016-07-22,2021-11-03,10,Nilani Logeswaran
Nilgiri Pearson,Special Assistant,2019-02-22,2019-02-22,1,Nilgiri Pearson
Niloo Boroun,Director of Policy,2024-05-29,2025-05-23,75,"Niloo  Boroun, Niloo Boroun, Niloo Voroun, niloo boroun"
Niloo Bouran,Director of Policy,2024-07-09,2024-07-09,1,Niloo  Bouran
Niloo Hojjati,Acting Director,2023-11-28,2023-11-28,1,Niloo Hojjati
Nilos S. Korodima,"Sector Specialist, Traceability",2022-04-25,2022-04-25,1,Nilos S. Korodima
Nils Petersen,Director General,2009-03-26,2009-03-26,1,Nils Petersen
Nimo Hussein,Constituency Assistant,2022-08-31,2022-08-31,1,Nimo Hussein
Nimra Noman,"Special Assistant, Policy",2021-05-10,2021-06-01,10,Nimra Noman
Nina Amrov,Staffer to Leader of the NDP,2017-06-05,2018-04-26,2,Nina Amrov
Nina Bigras,Senior Program Engineer,2024-12-03,2024-12-03,1,Nina Bigras
Nina Bouteldja,"Director, Issues and Stakeholder Management",2023-03-30,2025-02-19,33,"Nina  Bouteldja, Nina Bouteldja, Nina Boutelja"
Nina Chiarelli,Director of Communications,2010-08-25,2010-10-29,2,Nina Chiarelli
Nina Childs,Constituency Manager,2021-05-19,2021-05-19,1,Nina Childs
Nina Dube,Trade Commissioner,2024-06-19,2024-06-19,1,Nina Dube
Nina E Lothan,Senior Policy Advisor,2023-05-08,2023-05-08,1,Nina E Lothan
Nina Formanns,"Senior Advisor, Tax",2022-06-28,2022-06-28,1,Nina Formanns
Nina Forrest,Special Assistant,2018-08-02,2023-02-28,10," Nina  Forrest, Nina Forrest"
Nina Frid,Director General,2012-05-16,2016-01-28,25,"NINA FRID, Nina Frid, nina Frid"
Nina Gormanns,Tax Policy Officer,2017-07-14,2024-05-07,5,Nina Gormanns
Nina Grewal,Member of Parliament,2010-09-29,2015-09-14,55,"Nina Grewal, Nina Grewall, Nira Grewal"
Nina Huynh,Policy Analyst,2023-05-03,2023-05-03,1,Nina Huynh
Nina Lothian,Senior Policy Advisor,2022-01-18,2024-07-04,458,"Nina  Lothian, Nina E. Lothian, Nina Lothian"
Nina Nguyen,Constituency Assistant,2019-01-18,2019-01-18,1,Nina Nguyen
Nina Patel,"Director, CBSA Passenger Operations District, GTA Region",2017-03-24,2017-08-30,3,Nina Patel
Nina Sartor,Policy Advisor,2023-04-13,2025-03-11,94,"Nina  Sartor, Nina Sartor, nina Sartor"
Nina Tangri,"Minister, Red Tape Reduction",2021-08-23,2021-08-23,1,Nina Tangri
Ninu Forrest,Policy Advisor,2018-07-18,2023-07-17,232,"Ninu  Forrest , Ninu Forest, Ninu Forrest"
Niomi Trembley,Chief of Staff,2025-05-29,2025-05-29,1,Niomi Trembley
Nipun Vats,Assistant Deputy Minister,2016-12-08,2025-05-27,980,"Dr. Nipun Vats, Nipum Vats, Nipun  Vats, Nipun Vats, Nipun Vatts"
Nirmala Naidoo,Commissioner,2022-11-07,2025-02-10,9,Nirmala Naidoo
Nirojan Kulendrarajah,Sector Analyst,2021-03-23,2021-04-08,2,Nirojan Kulendrarajah
Niru Nithiananthan,Industry Analyst,2023-01-05,2023-02-07,2,Niru Nithiananthan
Nirushaa Senthilnathan,Senior Analyst,2020-09-22,2020-12-10,8,Nirushaa Senthilnathan
Nisa Tummon,Chief of Staff,2015-09-04,2024-10-29,11,"Nisa Tummon, Nisa Tummond"
Nisara Jiwani,Senior Analyst,2023-10-17,2025-02-04,3,Nisara Jiwani
Nishika Jardine,"Colonel, Veterans Ombud",2023-04-24,2023-04-24,1,Nishika Jardine
Nishma Kassam,"Acting Executive Advisor, Emerging Technologies",2024-04-29,2024-04-29,1,Nishma Kassam
Nishu Gulati,Director,2020-09-09,2023-12-01,2,Nishu Gulati
Nita Jolly,"Director, Integration",2017-09-08,2017-09-08,1,Nita Jolly
Niya Stoyanova,Policy Analyst,2024-05-03,2024-05-03,1,Niya Stoyanova
Niyi Lawuyi,Advisor to Director General,2020-12-16,2024-10-24,4,Niyi Lawuyi
N'kem Odita,Policy Analyst,2020-12-17,2020-12-17,1,N'kem Odita
Nnebe Nnedimma,Analyst,2021-07-14,2021-07-14,1,Nnebe Nnedimma
Noah Gould,Parliamentary Assistant,2022-01-11,2022-01-11,1,Noah Gould
Noah Kathen,Parliamentary Assistant,2024-08-08,2024-11-19,2,Noah Kathen
Noah Moser,"Director, Financial and Multiplatform Technology Analysis",2018-11-19,2019-10-16,3,Noah Moser
Noah Niznick,Staffer,2014-01-28,2014-06-04,5,Noah Niznick
Noble Christina,Senior Policy Advisor,2012-04-12,2012-04-12,1,Noble Christina
Nodin Nganji,Legislative Assistant,2022-10-28,2022-10-28,2,"Nodin Nganji, Nodin Nganji "
Noel A. Kinsella,Senator,2011-10-25,2012-01-31,2,"Noel A. Kinsella, Noella Kinsella"
Noel Burns,"Manager, Strategic Policy",2023-06-02,2023-06-02,1,Noel Burns
Noel Eichel,"Director, Official Languages Centre of Excellence",2022-04-29,2022-04-29,1,Noel Eichel
Noel Kinsella,Senator,2010-10-05,2014-11-20,19,"Hon. Noel Kinsella, Noel Kinsella, Noël Kinsella"
Noel Lachance,"Director, Technology Analysis Branch",2016-03-23,2016-03-23,1,Noel Lachance
Noel Waghorn,Senior Strategic Communications Advisor,2021-08-04,2021-08-04,1,Noel Waghorn
Noelia Brito,Advisor to the Director General,2021-07-22,2021-07-22,1,Noelia Brito
Noelle Grosse,Deputy Director,2023-06-28,2024-05-01,2,"Noelle Grosse, noelle grosse"
Noemie Dansereau-lavoie,Senior Advisor,2019-07-02,2021-11-19,157,"Noemie Dansereau-Lajoie, Noemie Dansereau-Lavoi, Noemie Dansereau-Lavoie, Noemie Dansereault-Lavoie, Noémi Dansereau-Lavoie, Noémie Danesereau-Lavoie, Noémie Danseareau-Lavoie, Noémie Danserau-Lavoie, Noémie Dansereau-Lajoie, Noémie Dansereau-Lavoie, Noémie Dansereau-Lavoie -, Noémie Dansereau-Lavoie, M.A., noémie Dansereau-Lavoie"
Noemie Fiset-tremblay,Director of Policy,2024-08-19,2025-06-09,67,"Noemi Fiset-Temblay, Noemie  Fiset-Tremblay, Noemie Fiset-Tremblay, Noemie Fiset-Tremblay , Noémie   Fiset-Tremblay, Noémie  Fiset-Tremblay, Noémie Fiset-Tremblay, Noémie fiset-tremblay, noemie Fiset-Tremblay"
Noemie Julien,Chief of Staff,2014-05-07,2021-11-18,16,"Noemi Julien, Noemie Julien, Noémi Julien, Noémie Julien"
Noemie Dansereau,Advisor,2020-05-13,2021-05-03,2,"Noemie Dansereault, Noémie Dansereau"
Noemie Dansereau Lavoie,Senior Advisor,2020-04-23,2021-04-27,5,Noémie Dansereau Lavoie
Noemie Feist-tremblay,Policy Advisor,2025-02-24,2025-02-24,1,Noemie Feist-Tremblay 
Noemie Fiest-tremblay,Acting Director,2024-10-22,2024-10-22,1,Noemie Fiest-Tremblay 
Noemie Fiset Tremblay,Senior Policy Advisor,2024-10-23,2024-10-23,1,Noemie Fiset Tremblay
Noemie Lavoie-dansereau,Policy Advisor,2020-01-30,2020-01-30,1,Noémie Lavoie-Dansereau
Noemie Rouillard,Researcher,2021-02-25,2021-02-25,1,Noemie Rouillard
Nola Wiebe,Senior Trade Policy Analyst,2017-09-27,2017-09-27,1,Nola Wiebe
Nolan Bauerle,Policy Advisor to Senator,2010-12-01,2013-02-14,3,Nolan Bauerle
Nolan Dsouza,Program and Policy Fellow,2022-04-25,2022-04-25,1,Nolan  D’Souza
Nolan Toscano,Legislative Assistant,2023-09-12,2024-07-23,8,"Nolan Toscano, nolan Toscano"
Nolan Wiebe,Senior Trade Policy Officer,2024-10-10,2024-10-10,1,Nolan Wiebe
Noma Sarai,Constituency Assistant to Member of Parliament,2019-01-16,2021-06-25,9,Noma Sarai
None None,,2010-05-31,2010-05-31,1,none none
Nonso Morah,Administrative and Media Assistant,2023-10-26,2023-10-26,1,Nonso Morah
Noor Sayed,Senior Business Officer,2023-07-10,2023-07-10,1,Noor Sayed
Nora Boudghene,Intern,2021-07-23,2021-07-23,4,Nora Boudghene
Nora Doerr-macewen,Manager,2024-07-31,2024-07-31,1,Nora Doerr-MacEwen
Nora Lee,"Chief, Nutrition Regulations and Standards Division",2015-01-16,2015-01-16,1,Nora Lee
Nora Robinson,Policy Analyst,2018-01-22,2024-02-27,2,Nora Robinson
Norah Holt,Senior Policy Advisor,2020-08-12,2020-08-12,1,Norah Holt
Norair Serengulian,Director of Community Relations,2020-06-04,2022-02-14,7,"Mr. Norair Serengulian, Norair Serenguilian, Norair Serengulian"
Norbert Driedger,Data Scientist,2022-01-19,2022-01-19,1,Norbert  Driedger
Norlock Rick,Member of Parliament,2012-02-16,2012-02-16,1,Norlock Rick
Norm Faulkner,Analyst,2010-11-25,2010-11-25,1,Norm Faulkner
Norm Mcintosh,Chief of Staff,2010-10-05,2011-08-04,3,"Norm MacIntosh, Norm McIntosh"
Norm Miller,Member of Parliament,2010-11-03,2010-11-03,1,Norm Miller
Norm Sheridan,Executive Director,2017-08-30,2017-08-30,1,Norm Sheridan
Norm Vocino,Deputy Chief of Staff,2008-07-23,2008-12-10,8,Norm Vocino
Norma Gonzales,"Senior Development Officer, Burkina Faso",2012-01-25,2012-01-25,1,Norma Gonzales
Norma Gonzalez,"Senior Development Officer | Gender WPS Advisor, PSOPs Policy Division",2018-05-01,2018-05-01,1,Norma Gonzalez
Norman Balfe,Brigadier General,2021-06-24,2021-06-24,1,Norman Balfe
Norman Doyle,Senator,2012-03-01,2019-05-15,51,"Hon. Norman Doyle, Norm Doyle, Norman Doyle, Norman E Doyle, Norman E. Doyle, Senator Norman Doyle, The Hon. Norman Doyle, The Hon. Norman E. Doyle, The Honourable Senator Norman Doyle"
Norman Mallory,"Director, Strategic SATCOM Plans",2015-01-26,2015-01-26,1,Norman Mallory
Norman Rosenblum,Scientific Director,2021-05-13,2021-05-13,1,Norman Rosenblum
Norman Tyler,Senior Regional Advisor,2024-01-16,2024-01-16,1,Norman  Tyler
Normand Gagne,"Colonel, A3 Fit Rdns",2013-08-13,2013-08-13,1,Normand Gagne
Normand Theberge,Political Advisor,2016-06-29,2016-06-29,1,Normand Théberge
Normandin Christine,Member of Parliament,2019-11-05,2019-11-05,1,Normandin Christine
Norris Tim,Director of Policy,2012-08-28,2012-08-28,1,Norris Tim
Nour Kechacha,Special Assistant to the Chief of Staff and Principal Secretary,2018-01-15,2018-01-22,3,"Nour Kechacha, Nour Kechcha"
Nour Rashid,Counsel,2024-04-03,2024-04-03,1,Nour Rashid
Noura El-khoury,Policy Planning and Performance Officer,2023-05-18,2023-05-18,1,Noura  El-Khoury
Noura Mansour,Legislative Assistant,2023-09-20,2024-05-28,3,Noura Mansour
Nouresh Raghubeer,Policy Advisor,2012-11-20,2013-05-09,3,"Naresh Raghubeer, Nouresh Raghubeer"
Nourhan Hegazy,Client Experience Branch,2017-03-31,2017-03-31,1,Nourhan Hegazy
Nowers Kathryn,Policy Advisor,2016-02-09,2016-02-09,1,Nowers Kathryn
Nuha Maisonneuve,Senior Program Officer,2025-03-05,2025-03-05,1,Nuha Maisonneuve
Nuhad Zoght,Director,2024-06-27,2024-06-27,1,Nuhad Zoght
Nurelle Mehta,Constituency Manager,2023-01-13,2023-01-13,1,Nurelle Mehta
Nurlan Karybekov,"Senior Advisor, Policy and Programs",2023-02-07,2023-02-07,1,Nurlan Karybekov
Nutan Behki,"Assistant Deputy Minister, Project Management and Delivery",2022-02-18,2025-03-13,9,Nutan Behki
Nycole Turmel,Member of Parliament,2011-06-18,2015-02-25,68,"Nicole Turmel, Nicole Turmel, M.P., Nycole Turmel, Nycole Turner"
Nycole Turmell,Leader,2011-11-14,2012-02-28,2,Nycole Turmell
Nyree St-denis,"Manager, Public Affairs",2014-02-20,2014-02-20,1,Nyree St-Denis
Nyssa Mcleod,Policy Analyst,2019-07-30,2019-07-30,1,Nyssa McLeod
