CleanName_version3,CleanTitle_version3,first_appearance,last_appearance,count,dpoh_name_raw
B. Ernewein,Director General,2014-02-24,2014-07-29,6,B. Ernewein
B. Mario Pinto,President,2015-02-12,2015-03-30,2,"B. Mario Pinto, Dr. B. Mario Pinto"
Barbara Henry,Director of Operations,2019-12-04,2023-05-09,30,"Babara Henry, Barbara Henry"
Badrane Erhioui,Manager,2021-06-22,2021-06-22,2,Badrane Erhioui
Baetz Candice,"Special Assistant, Policy",2013-12-11,2013-12-11,1,Baetz Candice
Bafetigue Ouattara,Ambassador to Canada,2024-05-28,2024-05-28,1,Bafetigue  Ouattara
Bagnell Larry,Member of Parliament,2020-10-08,2020-10-08,1,Bagnell Larry
Bahadur Vinning,"Regional Affairs Manager, Pacific",2017-05-23,2021-06-02,19,"Bahadur Singh Vinning, Bahadur Vinning"
Baharnesh Teshome,Trade Commissioner,2025-04-15,2025-05-06,3,"Baharnesh  Teshome, Baharnesh Teshome"
Bahoz Dara Aziz,Press Secretary,2023-05-24,2024-05-14,5,Bahoz Dara Aziz
Bahoz Daraaziz,Issues Management,2022-09-23,2022-09-23,1,Bahoz Daraaziz
Bailey Dennis,Parliamentary Assistant,2023-06-13,2023-06-13,1,Bailey Dennis
Bains Aneeta,Assistant Deputy Minister and Chief Digital Officer,2019-05-08,2019-05-08,1,Bains Aneeta
Bains Navdeep,"Minister, Innovation, Science and Economic Development",2010-10-20,2015-12-11,3,Bains Navdeep
Baird John,Minister,2010-12-03,2010-12-03,1,Baird John
Baker Evan,"Special Assistant, Policy",2008-07-15,2008-07-15,1,Baker Evan
Bal Ghosal,"Minister, Sport",2011-08-04,2011-08-04,1,Bal Ghosal
Bal Gosal,Member of Parliament,2011-06-16,2015-06-18,132,"Bal Gosal, Bal Gossal, Bas Gosal, Hon Bal Gosal, Hon. Bal Gosal, Hon. Bal Gosal, P.C., M.P., Honourable Bal Gosal, The Honourable Bal Gosal, P.C., The Honourable Bal Gosal, P.C., M.P."
Bal Gpsal,Minister of State,2013-07-30,2013-07-30,1,Bal Gpsal
Balil Khan,"Senior Advisor, Policy",2012-06-12,2012-06-12,1,Balil Khan
Ballantyne Meena,Assistant Deputy Minister,2008-12-10,2008-12-10,1,Ballantyne Meena
Balsharan Rakhra,Deputy Director,2023-10-24,2023-10-24,2,Balsharan Rakhra
Baltej Dhillon,Senator,2025-06-11,2025-06-11,1,Baltej Dhillon
Baltej Singh Dhillon,Senator,2025-03-27,2025-03-27,1,Baltej Singh Dhillon
Banafsheh Shamdani,Parliamentary Assistant,2022-12-16,2022-12-16,1,Banafsheh Shamdani
Banerjee Ritu,Assistant Deputy Minister,2023-06-05,2023-06-05,1,Banerjee Ritu
Banjamin Martiner,Director of Operations,2017-10-17,2017-10-17,1,Banjamin Martiner
Barb Bucknall,Senior Policy Analyst,2020-03-16,2020-03-16,1,Barb Bucknall
Barb Johnston,"Ecosystem Scientist, Species at Risk",2024-09-17,2024-09-17,1,Barb  Johnston
Barb Ouelette,Executive Director,2008-10-21,2008-10-21,1,Barb Ouelette
Barb Sabourin,Director General,2014-02-26,2014-02-26,1,Barb Sabourin
Barb Van Noord,"Vice President, Systems Operations",2019-07-09,2020-02-11,3,"Barb Van Noord, Barb van Noord"
Barbara Jordan,Associate Vice President,2008-09-11,2021-02-19,43,"Barbara A Jordan, Barbara Jordan"
Barbara Anderson,Assistant Deputy Minister,2008-10-23,2010-06-16,8,Barbara Anderson
Barbara Benning,Senior Executive Director,2008-12-02,2009-10-19,2,Barbara Benning
Barbara Brown,Director General,2009-02-02,2009-02-02,1,Barbara Brown
Barbara Bucknell,Senior Policy Analyst,2013-09-05,2022-11-21,9,Barbara Bucknell
Barbara Butler,Acting Director,2012-01-25,2012-01-25,1,Barbara Butler
Barbara Conway,Corporate Secretary to the Council,2011-11-16,2011-11-16,1,Barbara Conway
Barbara Crann,Executive Assistant,2021-05-17,2022-01-11,2,Barbara Crann
Barbara Curran,Senior Director,2016-09-13,2016-11-30,2,Barbara Curran
Barbara Di Bacco,"Chief, Research Development",2024-05-23,2024-05-23,1,Barbara Di Bacco
Barbara Doan,Director,2017-02-16,2017-02-16,1,Barbara Doan
Barbara Fleury,Executive Director,2018-01-18,2018-01-18,1,Barbara Fleury
Barbara Fullarton,Senior Policy Advisor,2023-06-05,2023-06-05,1,Barbara Fullarton
Barbara Gibbon,Director General,2020-04-02,2024-12-01,7,Barbara Gibbon
Barbara Glover,Assistant Deputy Minister,2009-12-03,2017-10-27,60,"Barbar Glover, Barbara Glover, Barbora Glover"
Barbara Gray,Program Officer,2020-03-30,2020-03-30,1,Barbara Gray
Barbara Haidn,Senior Advisor,2013-10-08,2025-05-21,71,"Barabara Haidn, Barbara Haidn"
Barbara Harvey,Deputy Director,2025-01-10,2025-02-18,2,Barbara Harvey
Barbara Hebert,Vice President,2008-07-25,2009-06-23,15,"Barbara Hebert, Barbara Herbert, Barbara Hébert"
Barbara Heyes,Scheduling Assistant,2013-09-19,2015-03-03,4,"Barbara Heyes, Barbara Heys"
Barbara Jamieson,Constituency Assistant,2024-06-05,2024-06-05,1,Barbara Jamieson
Barbara Kagedan,Senior Policy Advisor,2013-05-29,2017-03-08,11,Barbara Kagedan
Barbara Kagedon,Senator,2016-01-15,2016-01-15,1,Barbara Kagedon
Barbara Koop,Executive Assistant,2020-02-18,2020-05-07,5,Barbara Koop
Barbara Laine Kagedan,Senior Policy Advisor,2014-09-17,2016-10-04,3,"Barbara Laine Kagedan, Barbara Laine Kegedan"
Barbara Lee,Director,2018-04-11,2018-09-26,5,Barbara Lee
Barbara Moran,Executive Director,2011-04-14,2023-12-06,10,Barbara Moran
Barbara Morin,Federal-Provincial-Territorial Relations,2011-04-27,2011-04-27,1,Barbara Morin
Barbara Mortzney,Chief,2016-12-07,2016-12-07,1,Barbara Mortzney
Barbara Motzney,Assistant Deputy Minister,2008-11-25,2021-07-21,77,Barbara Motzney
Barbara Muir,Director of Regional Development,2011-05-18,2011-12-05,2,Barbara Muir
Barbara Orvitz,Stakeholder Relations Advisor,2023-12-11,2023-12-11,1,Barbara Orvitz
Barbara Ouellet,Executive Director,2008-08-13,2008-08-13,1,Barbara Ouellet
Barbara Raymond,Executive Health Advisor,2012-02-27,2021-05-13,5,"Barbara Raymond, Dr Barbara Raymond, Dr. Barbara Raymond"
Barbara Russell,"Director, Competition and Strategic Initiatives",2022-06-22,2023-10-24,2,Barbara Russell
Barbara Sabourin,Director General,2010-01-29,2015-12-03,11,"Barbara J. Sabourin, Barbara Sabourin"
Barbara Winters,Counsel,2017-05-30,2017-05-30,1,Barbara Winters
Barbara-sofia Poulain,Commercial Delegate,2017-03-30,2017-03-30,1,Barbara-Sofia Poulain
Barbatus Gatoto,Manager,2016-03-09,2016-03-09,1,Barbatus Gatoto
Barbra Gray,Environmental Policy Analyst,2021-04-01,2021-04-01,1,Barbra Gray
Bardish Chageer,"Minister, SMEs and Tourism",2016-02-16,2016-02-16,1,Bardish Chageer
Bardish Chaggar,"Minister, Small Business and Tourism",2016-02-05,2017-06-05,4,"Bardish Chaggar, Hon. Bardish Chaggar"
Bardish Chagger,Member of Parliament,2015-11-12,2025-02-03,331,"Bardish Chagger, Hon Bardish Chagger, Hon. Bardish Chagger, The Honourable Bardish Chagger, The Honourable Bardish Chagger, P.C., M.P."
Bari Miller,Legislative Manager,2016-09-14,2021-12-16,19,"Bari  Miller, Bari Miller"
Barlow John,Member of Parliament,2020-01-30,2020-01-30,1,Barlow John
Barn-yen Li,Senior Advisor,2018-08-09,2023-09-27,7,Barn-Yen Li
Barnes Karla,Policy Advisor,2013-04-09,2013-04-09,1,Barnes Karla
Barney De Schneider,"Assistant Commissioner of Patents | Director, Patent Branch",2009-01-26,2009-01-26,1,Barney De Schneider
Barrack Radey,Director of Operations,2020-07-14,2020-07-14,1,Barrack Radey
Barrett Allison,Policy Advisor,2013-03-05,2013-03-05,1,Barrett Allison
Barrett Bingley,Senior Policy Advisor,2008-07-04,2008-08-06,3,Barrett Bingley
Barrett Halliday,Director,2022-02-15,2023-06-26,3,Barrett Halliday
Barry Campbell,Senator,2017-06-13,2017-06-13,1,Barry Campbell
Barry Desormeaux,Director,2012-01-27,2012-01-27,1,Barry Desormeaux
Barry Devolin,Member of Parliament,2010-11-03,2015-06-17,39,Barry Devolin
Barry Goodwin,Executive Director,2009-09-03,2010-04-07,2,Barry Goodwin
Barry Green,"Manager, Market Access Policy",2017-05-08,2017-05-08,1,Barry Green
Barry Jeffrey,"Manager, Environmental Assessment",2013-04-23,2013-04-23,1,Barry Jeffrey
Barry Kong,Director,2022-10-19,2022-10-19,1,Barry  Kong
Barry Lacombe,Senior Special Assistant,2016-06-06,2019-06-05,62,"Barry LaCombe, Barry Lacombe"
Barry Larocque,Account Manager,2009-06-12,2009-07-28,4,"Barry Larcoque, Barry Larocque"
Barry Mackillop,Deputy Director,2008-12-05,2022-01-25,21,"Barry MacKillop, Barry Mackillop, Barry McKillop"
Barry Mccallum,"Acting Director, Science",2018-04-12,2018-04-12,1,Barry McCallum
Barry Raison,Policy Advisor,2012-09-27,2016-12-14,15,Barry Raison
Barry Rashotte,Acting Director General,2009-06-01,2009-06-01,1,Barry Rashotte
Barry Runicman,Senator,2011-11-28,2011-11-28,1,Barry Runicman
Barry Shields,Member of Parliament,2018-04-25,2018-04-25,1,Barry Shields
Barry Smith,Director,2015-04-16,2016-08-12,2,Barry Smith
Bashir Manji,Executive Director,2012-09-06,2012-09-06,1,Bashir Manji
Basil Alsalti,"Project Officer, Engineering",2020-05-01,2020-05-01,1,Basil Alsalti
Basile Van Havre,Director General,2009-03-10,2024-01-26,24,"Basil Van Havre, Basil van Havre, Basile Van Havre, Basile van Harve, Basile van Havre, Basilevan Havre"
Basile Von Havre,"Director, Population Conservation and Management",2009-11-02,2010-12-17,2,Basile von Havre
Bassam Javed,Program Engineer,2024-08-21,2024-08-21,1,Bassam Javed
Bastiaan Sluijmers,Staffer,2018-03-26,2018-03-26,1,Bastiaan Sluijmers
Batchelor Blair,Deputy Director,2021-05-14,2021-05-14,1,Batchelor Blair
Batoul Hussain,"Senior Program Officer, East Africa",2024-12-11,2025-04-16,2,Batoul Hussain
Battuya Myagmarsuren,Trade Commissioner Assistant,2025-01-10,2025-01-10,1,Battuya Myagmarsuren
Batul Presswala,Policy Analyst,2022-11-25,2023-03-30,2,"Batul  Presswala, Batul Presswalla"
Bayan Kadri,Policy Advisor,2023-04-18,2025-06-13,14,"Bayan  Kadari, Bayan Kadri, Bayan Kadri "
Bayla Kolk,Assistant Deputy Minister,2009-06-26,2015-11-18,8,Bayla Kolk
Beale Mike,Assistant Deputy Minister,2009-03-25,2017-10-31,8,Beale Mike
Beata Nawacki,Policy Advisor,2024-02-06,2025-02-27,56,"Beata  Nawacki, Beata Nawack, Beata Nawacki, beata Nawacki"
Beaton Michael,Director of Policy and Stakeholder Outreach,2014-04-23,2014-04-23,1,Beaton Michael
Beatrice Irabahinyuje,"Manager, Policy and Programs",2021-02-12,2021-02-12,1,Beatrice Irabahinyuje
Beatrice Lall,Manager,2014-08-05,2015-03-31,35,Beatrice Lall
Beatrice Lavallee,Parliamentary Secretary,2020-02-18,2024-05-22,6,Béatrice Lavallée
Beatrice Van Rutten,"Legal Counsel, Industry Canada Legal Services",2014-03-24,2014-03-24,1,Béatrice van rutten
Beattie Berit,Policy Advisor,2022-11-30,2022-11-30,1,Beattie Berit
Beauchemin Simon,Director of Policy,2017-08-17,2020-01-30,3,Beauchemin Simon
Beaulieu Sebastien,Ambassador of Senegal,2020-02-12,2020-02-12,1,Beaulieu Sébastien
Beaulne Dave,"Legislative Chief, International Outbound Investment and Tax Legislation",2010-12-09,2010-12-09,1,Beaulne dave
Beck Dysart,Policy Advisor,2024-03-05,2024-03-05,1,Beck Dysart
Beck Stefanie,Deputy Minister,2023-09-26,2024-09-18,2,Beck Stefanie
Becky Carleton,Executive Assistant,2012-09-14,2012-09-14,1,Becky Carleton
Becky Dykshoorn,Constituency Office Manager and Community Liaison,2016-12-20,2016-12-20,1,Becky Dykshoorn
Becky Mes,Project Leader,2024-02-09,2024-02-09,1,Becky Mes
Becky Whitworth,Constituent Assistant,2025-03-03,2025-03-03,1,Becky  Whitworth
Bedard Sylvain,"Senior Advisor, Quebec Regional Affairs and Operations",2017-03-24,2017-03-24,1,Bédard Sylvain
Bednarek Ken,Senior Policy Advisor,2008-11-06,2008-11-06,1,Bednarek Ken
Belanger Karl,Principal Secretary for the Leader of the Opposition,2012-11-16,2012-11-16,1,Belanger Karl
Belen Gallardo,Senior Policy Officer,2021-03-02,2021-05-25,6,"Belen Gallardo, Belén Gallardo"
Belinda Kato,"Senior Policy Advisor, International Relations and Trade Policy",2025-04-17,2025-04-17,1,Belinda Kato
Belinda White,Chief of Staff,2009-07-21,2013-02-14,5,Belinda White
Belleau Jacqueline,Director of Operations,2016-12-22,2024-05-30,2,Belleau Jacqueline
Bellemare Diane,Legislative Deputy to the Government Representative,2015-03-11,2020-07-06,2,Bellemare Diane
Belqies Hamidzada,Policy Analyst,2019-04-09,2019-09-24,3,Belqies Hamidzada
Ben Chin,Senior Advisor,2017-11-20,2025-03-17,1366,"Bem Chin, Ben   Chin, Ben  Chin, Ben  Chin , Ben Chin, Ben Chin , Ben Chinn, ben  chin"
Ben,Chief of Staff,2018-11-07,2018-11-07,1,Ben Chief
Ben Amor,Director | Professor,2023-09-08,2024-02-20,4,"Ben  Amor , Ben Amor"
Ben Bednarek,Senior Policy Advisor,2012-09-22,2012-09-22,1,Ben Bednarek
Ben Berman,"Special Assistant, Western Desk",2016-05-04,2024-08-13,28,Ben Berman
Ben Carr,Member of Parliament,2016-06-07,2025-06-11,98,"Ben  Carr, Ben Carr, Benn Carr"
Ben Carriere,Legislative Assistant,2024-01-08,2024-10-15,6,Ben Carriere
Ben Charland,Policy Advisor,2016-02-09,2017-02-15,2,Ben Charland
Ben Chine,Chief of Staff,2018-07-15,2018-07-15,1,Ben Chine
Ben Copp,Senior Director,2017-05-25,2024-03-27,4,Ben Copp
Ben Forer,Policy Advisor,2019-05-22,2023-03-23,9,Ben Forer
Ben Gailor,Analyst,2017-09-19,2017-09-19,1,Ben Gailor
Ben Gilding,Policy and Communications Assistant,2015-05-14,2015-05-14,1,Ben Gilding
Ben Gully,Assistant Superintendent,2019-04-03,2025-05-29,79,"Ben Gully, Ben R Gully"
Ben Gunn-doerge,Legislative Assistant,2017-11-09,2017-11-09,1,Ben Gunn-Doerge
Ben Hamilton,"Director, Issues Management",2009-01-14,2009-05-29,14,Ben Hamilton
Ben Hartley,Senior Advisor to the Parliamentary Secretary,2016-02-17,2017-11-09,64,"Ben Harley, Ben Hartley, ben Hatley, ben hartley"
Ben Hartly,"Policy Advisor, Office of the Minister of Environment and Climate Change",2017-02-16,2017-02-16,1,Ben Hartly
Ben Hooker,"Executive Assistant to the Chief of Staff, Minister of Agriculture and Agri-Food",2020-06-08,2020-06-08,1,Ben Hooker
Ben Howe,Member of Parliament,2018-04-09,2018-04-09,1,Ben Howe
Ben Johnson,Negotiator,2017-12-12,2017-12-13,4,Ben Johnson
Ben Letts,Team Leader,2015-03-17,2015-03-17,1,Ben Letts
Ben Lobb,Member of Parliament,2009-02-23,2024-12-17,426,"BEN LOBB, Ban Lobb, Ben  Lobb, Ben Lobb, Ben Lobb, M.P., Benn Lobb, Mr. Ben Lobb, Mr. Ben Lobb, M.P."
Ben Lones,Senior Policy Advisor,2016-04-04,2024-05-17,5,Ben Lones
Ben Marc Diendere,Permanent Observer to the African Union,2024-05-13,2025-02-13,3,"Ben Marc  Diendéré, Ben Marc Diendéré"
Ben Marega,"Regional Coordinator, Horizontal Policy",2022-09-02,2025-02-28,5,Ben Maréga
Ben Martin,Chief of Staff,2011-10-17,2024-11-26,15,"Ben  Martin, Ben Martin"
Ben Parsley,Policy Advisor,2021-04-14,2021-04-14,1,Ben Parsley
Ben Parsons,Issues Manager,2011-03-11,2016-06-25,2,Ben Parsons
Ben Sambivasan,Policy Advisor,2018-11-26,2018-11-26,1,Ben Sambivasan
Ben Sharkes,Director of Communications,2023-10-26,2023-10-26,1,Ben Sharkes
Ben Smith,Chief of Staff,2023-05-24,2023-05-24,1,Ben Smith
Ben Sparkes,Director of Operations,2020-02-06,2024-02-08,6,Ben Sparkes
Ben Steylen,Manager,2021-04-21,2021-04-21,1,Ben Steylen
Ben Stickles,Acting Unit Head,2024-02-12,2025-01-31,2,"Ben Stickles, Ben Stickles "
Ben Tassel,Parliamentary Assistant,2022-02-16,2022-02-16,1,Ben Tassel
Ben Tassell,Staffer,2023-12-04,2024-10-24,5,Ben Tassell
Ben Violette,Senior Policy Advisor,2011-07-19,2011-07-19,1,Ben Violette
Ben Waetford,"Director, Intervention Strategy and Operations",2017-03-28,2017-03-28,1,Ben Waetford
Ben Wiles,Chief of Staff,2024-02-15,2025-04-03,70,Ben Wiles
Ben Woodfinden,Director of Communications,2023-03-02,2023-08-29,2,Ben Woodfinden
Benadicta Arthur,Legislative Assistant,2021-01-07,2021-01-07,1,Benadicta Arthur
Benay Alex,Chief Information Officer,2017-09-13,2017-09-13,1,Benay Alex
Bendayab Rachel,Chief of Staff,2016-04-04,2016-04-04,1,Bendayab Rachel
Bendicta Arthur,Parliamentary Research Assistant,2021-11-17,2021-11-17,1,Bendicta Arthur
Benedict Sebastien,Senior Policy Advisor,2013-03-28,2013-03-28,1,Benedict Sébastien
Benedicta Arthur,Parliamentary Affairs Advisor,2021-01-07,2024-07-25,17,Benedicta Arthur
Benedicte Lamoureux,Senior Investment Analyst,2017-10-17,2017-10-17,2,Benedicte Lamoureux
Beniot Giroux,Senior Policy Advisor,2023-09-26,2023-09-26,2,"Beniot Giroux , Benoit Giroux"
Benjamin Bergen,Constituency Assistant,2014-03-17,2014-03-17,1,Benjamin Bergen
Benjamin Berman,"Special Assistant, Western Desk",2016-05-19,2017-01-19,3,Benjamin Berman
Benjamin Bisset,Policy Analyst,2014-12-15,2014-12-15,1,Benjamin Bisset
Benjamin Bronsema,Staffer to Member of Parliament,2024-02-16,2024-04-09,3,"Benjamin  Bronsema , Benjamin Bronsema"
Benjamin Caron,Constituency Assistant,2022-02-23,2022-02-23,1,Benjamin Caron
Benjamin Curry,Landscape Ecologist,2024-09-17,2024-09-17,1,Benjamin Curry
Benjamin Diepeveen,Policy Analyst,2021-04-09,2021-04-09,1,Benjamin Diepeveen
Benjamin Doyle,Manager,2024-06-07,2024-06-07,1,Benjamin Doyle
Benjamin Ebadi,Policy Advisor,2022-11-09,2025-03-24,6,Benjamin Ebadi
Benjamin Ebella,Trade Commissioner | Business Advisor,2025-01-30,2025-01-30,1,Benjamin Ebella
Benjamin Eliasoph,Trade Commissioner,2008-09-26,2008-09-26,2,Benjamin Eliasoph
Benjamin Gunn-doerge,Senior Procedural Advisor,2022-11-15,2022-11-15,3,"Benjamin  Gunn-Doerge, Benjamin Gunn-Doerge"
Benjamin Hooker,Executive Assistant to the Chief of Staff,2017-12-07,2022-11-25,7,Benjamin Hooker
Benjamin Howe,Special Assistant,2019-04-03,2020-02-04,5,Benjamin Howe
Benjamin Johnson,Research and Policy Analyst,2023-05-11,2023-05-11,1,Benjamin Johnson
Benjamin Lachance,Parliamentary Secretary,2020-12-02,2020-12-02,1,Benjamin Lachance
Benjamin Lukenchuk,Economist,2023-05-01,2023-05-01,1,Benjamin Lukenchuk
Benjamin Magnus,Senior Trade Policy Officer,2025-03-31,2025-03-31,1,Benjamin Magnus
Benjamin Mahon,"Senior Director, Health, Housing and Wage",2024-11-20,2024-11-20,1,Benjamin Mahon
Benjamin Martin,Staffer,2012-09-20,2024-11-07,30,Benjamin Martin
Benjamin Menka,Special Assistant,2015-03-11,2015-03-11,1,Benjamin Menka
Benjamin O'bright,Specialist,2019-03-20,2019-03-20,1,Benjamin O'Bright
Benjamin Perrin,Special Advisor,2012-05-03,2013-01-23,7,Benjamin Perrin
Benjamin Prud'homme,Policy Advisor,2018-10-30,2019-08-27,8,"Benjamin Prud'Homme, Benjamin Prud'homme"
Benjamin Roebuck,"Federal Ombudsperson, Victims of Crime",2023-06-22,2023-06-22,2,Benjamin Roebuck
Benjamin Silverman,Policy Assistant,2016-05-09,2016-05-09,1,Benjamin Silverman
Benjamin Sparkes,Director of Operations,2019-04-04,2025-02-07,10,"Benjamin  Sparkes, Benjamin Sparkes"
Benjamin Steylen,Manager,2021-06-23,2021-06-23,1,Benjamin Steylen
Benjamin Stickles,Policy Advisor,2022-04-29,2022-04-29,1,Benjamin Stickles
Benjamin Swan,Research Analyst | Economist,2018-03-19,2025-03-21,9,"Benjamin  Swan, Benjamin Swan"
Benjamin Walker,Manager,2022-11-22,2022-11-22,1,Benjamin Walker
Benjamin Whelan,Senior Manager,2021-06-11,2024-03-21,6,Benjamin Whelan
Benjamin Whelen,Senior Policy Advisor,2021-10-26,2021-10-26,1,Benjamin Whelen
Benjamin Wiles,Chief of Staff,2023-04-21,2025-04-10,18,"Benjamin  Wiles, Benjamin Wiles, Benjamin Wiles "
Bennett Jensen,Policy Advisor,2021-03-08,2022-05-06,10,"Bennet Jensen, Bennett Jensen"
Bennett Carolyn,Minister,2011-11-22,2018-02-27,2,Bennett Carolyn
Bennett Donahue,Parliamentary Assistant,2018-04-04,2024-09-19,8,"Bennett Donahue, Bennett Donahue "
Bennett Gallant,Junior Policy Analyst,2024-09-10,2024-09-10,1,Bennett Gallant
Bennett Kirk,Senior Policy Advisor,2023-08-18,2023-08-18,1,Bennett Kirk
Benoit Anctil,Senior Crash Avoidance and Research Engineer,2024-08-28,2024-08-28,1,Benoit Anctil
Benoit Audet,"Coordinator, Migratory Game Bird Management Table",2021-10-15,2021-11-19,3,Benoit Audet
Benoit Basillais,"Director, Policy and Economics",2020-11-16,2024-01-24,41,"Benoit Basillais, Benoît Basillais"
Benoit Bernier,Acting Manager,2011-10-05,2012-11-14,5,Benoit Bernier
Benoit Bouvier,Policy Advisor,2010-10-06,2013-11-04,22,"BENOIT BOUVIER, Benoit Bouvier"
Benoit Briere,"Director, Private Pension Plans Division",2018-07-16,2024-05-01,6,"Benoit Briere, Benoit Brière"
Benoit Cadieux,Director,2018-05-22,2022-11-15,6,"Benoit  Cadieux, Benoit Cadieux, Benoit cadieux"
Benoit Chiquette,Director General,2013-01-15,2020-09-18,3,"Benoit Chiquette, Benoît Chiquette, benoit chiquette"
Benoit Cyr,Exempt Staff,2010-11-25,2010-11-25,1,Benoit Cyr
Benoit Daignault,President and Chief Executive Officer,2012-02-29,2018-07-10,22,"Benoit Daignault, Benoit Daigneault"
Benoit Desforges,Vice President,2018-12-04,2018-12-04,1,Benoît Desforges
Benoit Dube,Regulation and Standards Officer,2016-06-13,2016-06-13,1,Benoit Dube
Benoit Dupras,Intern,2023-05-02,2023-05-02,1,Benoit Dupras
Benoit Fortin,Special Project Officer,2009-07-16,2021-10-21,10,Benoit Fortin
Benoit Gendron,Director,2010-05-06,2022-10-13,4,Benoit Gendron
Benoit Girard,Director General,2021-06-28,2024-05-13,3,"Benoit Girard, Benoît Girard"
Benoit Guertin,"Executive Director, Audit and Evaluation",2023-03-01,2024-01-29,2,Benoit Guertin
Benoit Jean-luc,"Director, Economic Development",2013-03-28,2013-03-28,1,Benoît Jean-Luc
Benoit Julien,"Advisor, Industrial Technology",2017-10-10,2017-10-10,1,Benoit Julien
Benoit Lacassess,Senior Environmental Officer,2013-11-29,2013-11-29,1,Benoit Lacassess
Benoit Lafond,Senior Policy Analyst,2023-04-19,2023-04-19,1,Benoit  Lafond 
Benoit Leduc,Manager,2017-05-08,2025-03-24,51,"Benoit Leduc, Benoît Leduc, benoit leduc"
Benoit Lefevre,Economic Attaché,2022-09-07,2022-11-28,3,"Benoît Lefevre, Benoît Lefèvre"
Benoit Legault,"Director, Program Integrity",2022-07-19,2022-07-27,2,"Benoit   Legault, Benoit Legault"
Benoit Long,Senior Assistant Deputy Minister,2010-08-18,2023-09-05,67,"BENOIT LONG, Benoir Long, Benoit  Long, Benoit Long"
Benoit Lymburner,Director General,2019-05-01,2019-05-09,3,Benoît Lymburner
Benoit Manseau,Parliamentary Assistant,2020-02-06,2021-10-15,6,"Benoit Manseau, Benoît Manseau"
Benoit Miousse,Parliamentary Secretary,2008-12-19,2008-12-19,1,Benoît Miousse
Benoit Morin,"Senior Policy Advisor, Defence",2025-05-15,2025-05-15,1,Benoit Morin
Benoit P. Seguin,"Associate Director, Operations",2017-11-21,2017-11-21,1,Benoit P. Séguin
Benoit Plamondon,Press Attaché,2019-08-20,2021-02-11,2,"Benoit Plamondon, Benoît Plamondon"
Benoit Prefontaine,Director,2009-10-20,2021-04-06,5,"BENOIT PREFONTAINE, Benoit Prefontaine, Benoit Préfontaine"
Benoit Robidoux,Assistant Deputy Minister,2012-04-19,2018-11-27,21,Benoit Robidoux
Benoit Seguin,Acting Director,2015-08-20,2024-05-22,9,"Benoit  Seguin, Benoit Seguin, Benoit Séguin"
Benoit Tessier,Director General,2014-04-02,2025-04-25,141,"Benoit Tessier, Benoît Tessier, Benoît Tessier "
Benoit Turcotte,"Director General, Transportation of Dangerous Goods",2016-02-16,2022-07-06,10,Benoit Turcotte
Benoit Violette,Senior Policy Advisor,2008-08-26,2017-05-10,89,"Beniot Violette, Beniot Viollette, Benoir Violette, Benoit Violette, Benoît Violette, Benôit Violette"
Benoit Voilette,"Special Assistant, Policy",2012-06-15,2012-06-15,1,Benoit Voilette
Benyamin Suzanne,Chief of Staff,2019-05-03,2019-05-03,2,Benyamin Suzanne
Bequie Lake,Parliamentary Assistant,2022-04-21,2022-04-21,1,Bequie  Lake
Bernard Boutin,Chief of Staff,2016-01-21,2021-06-30,74,"Berard Boutin, Bernard Boutin"
Berard Gabrielle,"Director, Parliamentary Affairs",2018-03-20,2018-03-20,1,Berard Gabrielle
Berard Isabelle,Director General,2011-05-18,2011-05-18,1,Berard Isabelle
Berit Beattie,Policy Advisor,2022-02-02,2023-06-22,30,"Berit Beattie, Berit Beattie , Berit beattie, Bertie Beattie"
Bern Nunan,Parliamentary Assistant,2022-09-06,2022-09-06,1,Bern Nunan
Bernadete Jordan,"Minister, Rural Economic Development",2019-06-19,2019-06-19,1,Bernadete Jordan
Bernadette Clement,Senator,2021-11-15,2024-10-28,53,"Bernadette  Clement , Bernadette Clement, Hon. Bernadette Clement, The Honourable Bernadette  Clement"
Bernadette Jordan,Member of Parliament,2016-02-02,2024-02-22,223,"Bernadette Jordan, Bernadette Jordon, Bernadetter Jordan, Bernatte Jordan, Hon Bernadette Jordan, Hon. Bernadette Jordan, Honourable Bernadette Jordan, The Honourable Bernadette Jordan, bernadette Jordan, bernadette jordan"
Bernadette Kudzin,Staffer,2022-02-04,2024-10-28,5,"Bernadette Kudzin, Burnadette Kudzin, bernadette kudzin"
Bernadette Power,Director,2021-08-13,2021-08-13,1,Bernadette Power
Bernard Bigras,Member of Parliament,2008-12-03,2011-03-09,23,Bernard Bigras
Bernard Bouvier,"Advisor, Leader of the Opposition",2010-10-19,2010-10-19,1,Bernard Bouvier
Bernard Butler,Assistant Deputy Minister,2015-07-21,2018-07-25,3,Bernard Butler
Bernard Dupont,Senior Director,2016-04-05,2021-04-14,8,Bernard Dupont
Bernard Fournier,"Director, Acquisitions",2014-09-25,2014-09-25,1,Bernard Fournier
Bernard Genereux,Member of Parliament,2010-10-06,2025-02-06,281,"BERNARD GENEREUX, BERNARD GÉNÉREUX, Bernard  Généreux, Bernard Genereaux, Bernard Genereux, Bernard Generoux, Bernard Génereux, Bernard Généreu, Bernard Généreux, Bernard Généreux MP, Mr. Bernard Généreux"
Bernard Genereux Genereux,Member of Parliament,2023-10-24,2023-10-24,1,Bernard Genereux Genereux
Bernard Higham,Constituency Assistant,2016-10-14,2016-10-14,1,Bernard Higham
Bernard Joel,Parliamentary Secretary,2015-02-23,2022-10-14,2,Bernard Joel
Bernard Lupien,Manager,2023-11-21,2023-11-21,1,Bernard  Lupien
Bernard Made,Director,2008-07-22,2012-02-24,4,"Bernard Made, Bernard Madé"
Bernard Massie,General Manager,2016-04-07,2016-04-07,1,Bernard Massie
Bernard Montigny,"Senior Director, Alternative Dispute Resolution and Processes",2017-12-11,2017-12-11,1,Bernard Montigny
Bernard Nunan,Staffer,2016-05-16,2022-10-05,9,"Bernard  Nunan, Bernard Nunan"
Bernard O'meara,"Special Assistant, Operations and Stakeholder Relations",2017-10-25,2017-10-25,1,Bernard O'Meara
Bernard Patry,Member of Parliament,2010-10-05,2011-03-23,18,"Bernard Patry, Dr. Bernard Patry"
Bernard Pilon,"Chief, Issues Management",2009-02-03,2009-02-03,2,Bernard Pilon
Bernard Trottier,Member of Parliament,2011-06-07,2015-06-04,181,"Bernard Trotier, Bernard Trottief, Bernard Trottier, bernard trottier"
Bernard Valcourt,Minister,2011-06-21,2015-06-22,79,"Bernard Valcourt, Bernard Valcourt, P.C., M.P., Bernard Vallcourt, Brenard Valcourt, Hon. Bernard Valcourt"
Bernard Vigneault,"Director General, Ecosystems Science Directorate",2015-11-10,2025-02-27,13,"Bernard  Vigneault, Bernard Vigneault"
Bernardo Rossani,Chief of Staff,2014-01-14,2014-01-14,1,Bernardo Rossani
Bernice Ayi,Supply Specialist,2023-09-07,2023-09-07,1,Bernice Ayi 
Bernice Draper-hickey,Senior Program Advisor,2010-03-25,2010-03-25,1,Bernice Draper-Hickey
Bernie Derible,Director of Issues Management,2016-01-18,2017-06-13,36,Bernie Derible
Bernier Maxence,Senior Policy Advisor,2020-11-17,2021-06-04,3,Bernier Maxence
Berrit Beattie,Special Assistant,2021-11-09,2021-11-09,1,Berrit Beattie
Berry Zinga Nkuni,Regional Advisor,2024-05-01,2024-10-24,9,"Berry Zinga Nkuni, Berry Zingha Nkuni"
Bersabel Ephrem,Director General,2015-12-09,2021-12-03,16,"Bersabel Ephram, Bersabel Ephrem"
Bert Brown,Senator,2010-09-29,2013-03-05,55,"Bert Brown, Burt Brown"
Bert Pereboom,Senior Manager,2021-11-24,2022-05-10,14,Bert  Pereboom
Bert Van Den Berg,Director,2014-05-23,2019-03-04,17,"Bert Van Den Berg, Bert van den Berg"
Berthold Luc,Member of Parliament,2018-03-16,2018-06-07,2,Berthold Luc
Berube Dominique,"Vice President, Research Programs",2016-10-19,2016-10-19,1,Bérubé dominique
Berube Justin,Special Assistant to the Minister of National Revenue,2020-12-07,2020-12-07,1,Berube Justin
Berzins Christopher A,Director of Policy,2017-02-01,2017-02-01,1,Berzins Christopher A
Beth Graham,Special Assistant,2009-12-15,2010-10-19,2,Beth Graham
Beth Macneil,Assistant Deputy Minister,2016-09-13,2022-06-24,183,"Beth  McNeil , Beth MacNeil, Beth MacNeill, Beth Macneil, Beth McNeil"
Beth Marshall,Senator,2016-10-25,2016-10-25,1,Beth Marshall
Beth Pieterson,Acting Director General,2012-04-24,2016-02-09,2,Beth Pieterson
Beth Richardson,"Consul General, Minneapolis",2023-12-15,2024-03-06,2,Beth Richardson
Beth Rohr,Manager,2018-03-16,2018-03-16,1,Beth Rohr
Beth Stanley,Senior Policy Analyst,2023-01-20,2023-01-20,1,Beth  Stanley
Bethany Ann Bernier,"Policy Analyst, Social",2024-12-03,2024-12-03,1,Bethany Ann Bernier
Bethany Livingstone,Staffer,2016-09-28,2016-09-28,1,Bethany Livingstone
Bethany Rooke,Parliamentary Assistant,2022-11-28,2022-11-29,2,Bethany Rooke
Bethany Vogler,"Special Assistant, Communications",2014-03-23,2014-03-25,3,Bethany Vogler
Bethlehem Duche Telahun Telahun,Intern,2014-10-29,2014-10-29,1,Bethlehem Duche Telahun Telahun
Betsy Mcneil,Assistant Deputy Minister,2020-06-11,2020-06-11,1,Betsy McNeil
Betti-jo Ruston,Trade Commissioner,2018-08-02,2018-08-02,1,Betti-Jo Ruston
Bettina Hamelin,Vice President,2015-11-12,2017-05-15,19,"Bettina Hamblin, Bettina Hamelin"
Bettina Roth,Managing Director,2015-04-29,2015-04-29,1,Bettina Roth
Betty So,Constituency Assistant,2016-05-12,2016-07-15,2,Betty So
Betty Tam,Consultant,2020-05-06,2020-05-06,1,Betty Tam
Betty Unger,Senator,2012-02-06,2018-05-23,48,"Betty E. Unger, Betty Ungar, Betty Unger, The Hon. Betty Unger"
Betty-ann Meyers,"Administrative Assistant, External Relations",2013-06-12,2013-06-12,1,Betty-Ann Meyers
Bev Boyd,"Executive Director, Border Program",2013-04-29,2013-04-29,1,Bev Boyd
Bev Busson,Senator,2018-11-22,2024-12-03,93,Bev Busson
Bev Carmichael,"First Secretary, Development and Consul",2015-05-01,2015-06-15,4,Bev Carmichael
Bev J. Oda,Minister,2010-11-29,2010-11-29,1,Bev J. Oda
Bev Oda,"Minister, International Cooperation",2008-07-06,2012-05-28,45,"Bev Oda, The Hon Bev Oda"
Bev Shipley,Member of Parliament,2008-08-01,2019-06-18,507,"BEV SHIPLEY, Bev Shipley, Bev Shipoley, Bev shipley, HON. BEV SHIPLEY, Mr. Bev Shipley, Mr. Bev Shipley, M.P., Ms. Bev Shipley, bev shipley"
Bev Therrien,"Manager, Entrepreneurship Programs and Partners",2021-10-15,2022-07-28,2,Bev Therrien
Bev Young,Senior Policy Analyst,2020-02-04,2020-02-04,1,Bev Young
Beverley Oda,"Minister, International Cooperation",2009-02-23,2012-05-30,38,"Beverlee Oda, Beverley Oda, Beverly J Oda, Beverly J. Oda, Beverly Oda"
Beverley Busson,Senator,2018-11-22,2020-05-29,4,"Beverley Busson, Beverly Busson"
Beverley J. Oda,"Minister, International Cooperation",2010-02-04,2011-11-22,4,"Beverley J. Oda, L'honorable Berverly J. Oda, L'honorable Beverley J. Oda"
Beverley Young,Assistant Deputy Director,2019-09-24,2020-02-06,2,Beverley Young
Beverly Beverly Oda,"Minister, International Cooperation",2009-03-25,2009-03-25,1,Beverly Beverly Oda
Beverly Boyd,Executive Director,2013-10-17,2015-08-31,4,Beverly Boyd
Beverly Jane Macadam,Senator,2024-04-17,2024-04-17,1,Beverly Jane MacAdam
Beverly Shipley,Member of Parliament,2019-06-18,2019-06-18,1,Beverly Shipley
Beverly Uibel,Senior Business Officer,2013-10-31,2013-10-31,1,Beverly Uibel
Beverly Young,Policy Advisor,2012-11-14,2015-04-09,7,Beverly Young
Bevington Dennis,Member of Parliament,2014-06-02,2014-06-02,1,Bevington Dennis
Bezan James,Member of Parliament,2011-11-01,2024-06-18,2,Bezan James
Bgen Brendon Cook,Director General,2024-09-25,2024-09-25,1,BGen Brendon Cook
Bgen Chris Moyle,Commandant,2025-06-11,2025-06-11,1,BGen Chris Moyle
Bgen Colin Keiver,Director General,2019-08-22,2019-08-22,1,BGen Colin Keiver
Bgen J.p. Thibert,"Director General, Air Strategic Resources and Air Reserve",2024-08-27,2024-08-27,1,BGen J.P. Thibert
Bgen Pitre,"Commander, Canadian Air Division",2010-04-30,2010-04-30,1,BGEN Pitre
Bgen Scott Kennedy,"Director General, Land Equipment Program Management",2013-08-22,2013-08-22,1,BGen Scott Kennedy
Bhagirath Singh,"Scientific Director, Infection and Immunity",2009-01-19,2009-01-19,1,Bhagirath Singh
Bharat Raj Paudyal,"Ambassador, Nepal",2024-11-05,2024-11-05,1,Bharat Raj Paudyal
Bhavik Thakkar,"Manager, Stakeholder Engagement",2022-08-23,2022-11-21,2,Bhavik Thakkar
Bianca Bertrand,"Director General, Executive Management Policy",2011-12-01,2011-12-01,1,Bianca Bertrand
Bianca Geneblaza,Administrative Officer,2023-12-04,2023-12-04,1,Bianca Geneblaza
Bianca Gonsalves,Assistant Director,2019-02-22,2019-02-22,1,Bianca Gonsalves
Bianca Gucciardi Gonsalves,Assistant Director,2019-04-29,2019-04-29,1,Bianca Gucciardi Gonsalves
Bianca Hossaid,"Special Assistant, Policy",2020-04-15,2021-02-03,3,"Bianca Hossaid, Bianca Hossaini, Bianca Hussaini"
Bianca Hossain,Senior Special Assistant,2020-02-11,2025-03-04,492,"Bianca  Hossain, Bianca  Hossain , Bianca Hossain, bianca hossain"
Bianca Hossian,Senior Policy Advisor,2021-05-14,2022-06-21,2,Bianca Hossian
Bianca Houssain,Policy Coordinator,2022-09-07,2024-02-27,2,Bianca Houssain
Bianca Hussein,Policy Advisor,2020-04-01,2024-10-23,10,"Bianca  hossein, Bianca Hossein, Bianca Hussein, Bianca Husseini"
Biance Vong,Policy Advisor,2024-10-22,2024-10-22,1,Biance Vong
Bibeau Marie-claude,"Minister, Agriculture and Agri-Food Canada",2015-12-03,2019-03-05,2,"BIBEAU MARIE-CLAUDE, Bibeau Marie-Claude"
Bibi Hakim,Parliamentary Affairs Advisor,2022-06-23,2025-06-09,13,"Bibi  Hakim, Bibi Hakim"
Bikaram Sandhu,Policy Advisor,2020-09-28,2020-09-28,1,Bikaram Sandhu
Biljana Bozickovic,Assistant to the Ambassador,2023-02-27,2023-02-27,1,Biljana Bozickovic
Bill Anderson,Executive Director,2010-05-04,2019-09-04,7,Bill Anderson
Bill Baker,"Commissioner, CRA",2008-09-30,2011-10-19,4,Bill Baker
Bill Balan,"Director, Regional Affairs",2017-07-06,2018-10-12,3,Bill Balan
Bill Bavis,"Vice President, Newfoundland",2020-04-06,2020-04-06,1,Bill Bavis
Bill Blair,Minister,2015-12-03,2025-03-07,272,"Bill  Blair, Bill  Blair , Bill Blair, Bill Blair , Hon. Bill Blair, Minister Bill Blair, The Honourable Bill Blair"
Bill Blaire,Parliamentary Secretary,2018-04-24,2018-04-24,1,Bill Blaire
Bill Brake,"Field Unit Superintendent, Eastern Newfoundland",2018-04-17,2021-02-23,4,Bill Brake
Bill Breckenridge,Assistant Deputy Minister,2017-03-15,2017-03-15,1,Bill Breckenridge
Bill Casey,Member of Parliament,2015-12-09,2019-06-06,220,"BILL CASEY, Bill Casey, Bill Cassey, bill Casey, bill casey"
Bill Crosbie,Assistant Deputy Minister,2012-09-25,2012-12-04,2,Bill Crosbie
Bill Dalile,"Division Chief Warrant Officer, 2 Canadian Air Division",2010-04-30,2010-04-30,1,Bill Dalile
Bill Davern Jones,Senior Associate Deputy Minister,2014-12-04,2015-01-22,3,Bill Davern Jones
Bill E. May,"Scientist, Crop Management Agronomy",2017-10-26,2017-12-12,3,"Bill E May, Bill E. May"
Bill Edwardson,"Senior Advisor, Council Operations and Communications",2014-11-28,2014-11-28,1,Bill Edwardson
Bill Elliott,Commissioner,2010-03-26,2010-03-26,1,Bill Elliott
Bill Fisher,"Director General, Western and Northern Canada",2009-11-25,2012-11-29,4,Bill Fisher
Bill Gannon,Inspection Manager,2017-09-08,2017-09-08,1,Bill Gannon
Bill Goodman,Senior Program Officer,2013-09-04,2013-09-30,3,Bill Goodman
Bill Grandy,Director General,2016-09-02,2021-07-21,4,Bill Grandy
Bill Gunton,"Vice President, Marketing and Commercial Products",2016-02-04,2016-02-04,1,Bill Gunton
Bill Harron,"Director, Regional Services",2008-09-09,2008-09-09,2,Bill Harron
Bill Hawkins,Chief of Staff,2010-09-16,2015-10-03,245,"BILL HAWKINS, Bill Hawkin, Bill Hawkins, Bill Kawkins, bill hawkins"
Bill Henwood,Senior Planner,2010-08-04,2010-08-04,1,Bill Henwood
Bill James,Superintendent of Bankruptcy,2009-04-28,2016-02-22,19,Bill James
Bill Jones,Senior Associate Deputy Minister,2010-05-28,2017-02-27,23,Bill Jones
Bill Kavanagh,Assistant to Member of Parliament,2021-01-21,2021-01-25,2,Bill Kavanagh
Bill Kelly,"Director General, Aerospace Equipment Program",2010-07-21,2010-07-21,1,Bill Kelly
Bill King,Chief of Staff,2008-07-15,2022-02-17,73,"BILL KING, Bill (William) King, Bill King"
Bill Kroll,Chief Financial Officer,2023-10-11,2023-10-11,1,Bill Kroll
Bill Martin,Manager,2021-09-07,2023-12-01,3,Bill Martin
Bill Mathieson,Senior Project Engineer,2024-06-25,2024-06-25,2,Bill Mathieson
Bill Matthews,Deputy Minister,2011-01-12,2025-02-28,135,"Bill  Matthews, Bill Matthews, Bill Matthews "
Bill Mattthews,Secretary to the Treasury Board,2025-02-28,2025-02-28,1,Bill Mattthews
Bill Mcmurray,Member,2014-12-02,2014-12-02,2,Bill McMurray
Bill Morneau,"Minister, Finance",2015-11-05,2020-08-12,451,"BILL MORNEAU, Bill MORNEAU, Bill Mornea, Bill Morneau, Bill Morneu, Hon Bill Morneau, Hon. Bill Morneau, Hon. Bill Morneau, P.C., M.P., The Hon. Bill Morneau, The Honourable Bill Morneau, The Honourable Bill Morneau, P.C., M.P."
Bill Norton,Senior Trade Policy Officer,2013-03-24,2014-12-04,5,Bill Norton
Bill Pentney,"Deputy Secretary to the Cabinet, Plans and Consultation",2009-04-06,2011-11-30,4,Bill Pentney
Bill Rodgers,Director of Communications,2008-08-11,2010-05-10,6,"Bill Rodgers, Bill Rogers"
Bill Rompkey,Senator,2010-10-19,2011-03-08,9,Bill Rompkey
Bill Sanderson,Chair,2020-12-11,2020-12-11,1,Bill Sanderson
Bill Santos,Program Manager,2012-02-07,2012-02-07,1,Bill Santos
Bill Siksay,Member of Parliament,2010-09-28,2011-02-15,3,"Bill Siksay, Bill Siksay, M.P."
Bill Singleton,Senior Policy Advisor,2011-08-03,2011-08-03,1,Bill Singleton
Bill Smirle,Chair,2008-10-06,2010-02-08,14,Bill Smirle
Bill Varvairs,Director General,2021-03-26,2022-09-09,2,"Bill Varvairs, Bill Varvaris"
Bill Walker,Manager,2021-04-29,2021-04-29,1,Bill Walker
Bill Wong,Manager,2019-04-16,2019-04-16,1,Bill Wong
Billy Hewett,"Director General, Tourism",2010-03-30,2012-01-19,13,Billy Hewett
Billy Hewitt,Director,2015-03-11,2015-03-11,1,Billy Hewitt
Billy Morin,Member of Parliament,2025-05-07,2025-06-09,2,"Billy  Morin, billy  Morin"
Billy Morrison,Legislative Assistant,2019-03-01,2024-05-27,6,Billy Morrison
Billy Pattinson,Parliamentary Secretary,2023-05-02,2023-05-02,1,Billy Pattinson
Bilodeau Francis,Associate Deputy Minister,2024-09-23,2024-09-23,1,Bilodeau Francis
Bineta Laly Ngom,"Advisor, Economic Development",2024-10-02,2025-01-31,10,"Bineta Laly Ngom, Bineta Laly Ngom, Bineta Laly  Ngom"
Bio Aikawa,Acting Associate Director,2021-01-15,2021-01-15,1,Bio Aikawa
Bird Colin,"Director, Trade Negotiations",2021-05-10,2021-05-10,1,Bird Colin
Bismah Haq,Legislative Assistant,2016-07-13,2020-02-05,6,Bismah Haq
Bita Pejam,"Manager, Operations and Stakeholder Relations",2023-07-11,2024-11-28,25,"Bita  Pejam, Bita  Pejam , Bita Pejam, Bita Pejam , Brita Pejam"
Bj Jensen,Policy Advisor,2021-03-09,2021-03-09,1,BJ Jensen
Bjorn Ravensbergen,Legislative Assistant,2023-01-23,2023-10-17,3,Bjorn Ravensbergen
Bjorn Ravensburg,Legislative Assistant,2023-02-14,2023-02-14,2,Bjorn Ravensburg
Bjornson Tyler,Chief of Staff,2008-11-13,2008-11-13,1,Bjornson Tyler
Blackwood Rose,Assistant,2020-01-30,2020-01-30,1,Blackwood Rose
Blaikie Daniel,Member of Parliament,2018-02-13,2018-02-13,1,Blaikie Daniel
Blain Isabelle,Vice President,2013-05-23,2013-05-23,1,Blain Isabelle
Blaine Calkins,Member of Parliament,2009-03-04,2025-06-12,436,"Blain Calkins, Blaine  Calkins, Blaine  Calkins , Blaine Calkin, Blaine Calkins, Blaine Calkins , Blaine Caukins, Blaine Caulkins"
Blaine Duffley,Project Manager,2024-02-28,2024-02-28,1,Blaine Duffley
Blaine Jean,Member of Parliament,2012-09-26,2012-09-26,1,Blaine Jean
Blaine Langdon,Director,2016-11-29,2024-07-05,21,"Blaine Langdon, Blaine Langond"
Blair Batchelor,Deputy Director,2021-03-26,2025-01-27,15,Blair Batchelor
Blair Brimmell,"Head of Section, Climate and Security",2022-05-04,2022-07-12,2,Blair Brimmell
Blair Dickerson,Vice President,2008-08-21,2014-12-08,10,Blair Dickerson
Blair Folkes,Parliamentary Assistant,2016-02-24,2016-02-24,2,Blair Folkes
Blair Gowan,"Deputy Director, LNG",2020-03-04,2025-05-26,25,"Blair  Gowan , Blair Gowan, Blair Gowan , blair gowan"
Blair Hammond,"Director, Pacific Region",2020-11-16,2022-10-27,3,Blair Hammond
Blair Hodgson,Executive Advisor,2011-07-18,2011-07-18,1,Blair Hodgson
Blair Hynes,Deputy Director,2016-11-04,2024-10-21,28,"Blair Hynes, Blair K Hynes"
Blair Kesteven,Policy Advisor,2014-01-08,2021-12-07,22,Blair Kesteven
Blair Lekstrom,"Minister, Transport and Infrastructure",2011-07-21,2011-07-21,1,Blair Lekstrom
Blair Mcmurren,Director General,2016-11-24,2025-05-23,16,"Blair  McMurren, Blair MMurran, Blair McMurren"
Blair Mcmurrin,Associate Assistant Deputy Minister,2025-03-20,2025-03-20,1,Blair McMurrin
Blais Jean Pierre,Assistant Deputy Minister,2008-12-09,2008-12-09,1,Blais Jean Pierre
Blais Jean-pierre,Chairperson,2012-07-19,2012-07-19,1,Blais Jean-Pierre
Blaise Cathcart,Judge Advocate General,2014-06-18,2014-06-18,1,Blaise Cathcart
Blaise Champagne,Director General,2011-01-24,2011-01-24,1,Blaise Champagne
Blake Armstrong,Parliamentary Secretary's Assistant,2015-03-11,2015-05-28,2,Blake Armstrong
Blake Desjarlais,Member of Parliament,2021-11-18,2025-04-08,129,"Blair Desjarlais, Blake  Desjarlais, Blake DESJARLAIS, Blake Desjarlais, Blake Desjarlais , blake desjarlais"
Blake Edwards,Member of Parliament,2012-09-25,2016-04-13,2,Blake Edwards
Blake Evans,Member of Parliament,2021-07-22,2021-08-05,3,Blake Evans
Blake Hobson,Parliamentary Assistant,2018-10-23,2018-10-23,1,Blake Hobson
Blake Hodson,Special Assistant,2018-10-19,2019-05-02,6,Blake Hodson
Blake Keidan,Stakeholder and Issues Manager,2018-07-04,2018-07-04,2,Blake Keidan
Blake Libfeld,Policy Advisor,2023-05-10,2023-05-10,1,Blake Libfeld
Blake Mann,Senior Strategic Policy Advisor,2024-03-04,2024-03-04,1,Blake Mann
Blake Mclaughlin,Acting Director General,2022-11-29,2022-11-29,1,Blake McLaughlin
Blake Oliver,Senior Policy Advisor,2020-03-27,2024-02-23,628,"Blake  Oliver, Blake Oliver, Blake Oliver , Blake Olivier, Blake oliver, blake oliver"
Blake Richards,Member of Parliament,2009-03-31,2025-02-06,376,"Blake  Richards, Blake Richads, Blake Richard, Blake Richards, Blake Richards, M.P., Blake Richards, MP, Blake Richardson, Mr. Blake Richards, M.P., blake Richards"
Blanar Patrick,"Director, Copyright and Trademark Policy",2024-04-30,2024-04-30,1,Blanar Patrick
Blanca Serrano,Program Consultant,2024-11-27,2024-11-27,1,Blanca Serrano
Blanchet Yves-francois,Member of Parliament,2019-12-12,2020-09-21,2,"Blanchet Yves-Francois, Blanchet Yves-François"
Blanchette-lamothe Lysanne,Member of Parliament,2014-04-07,2014-04-07,1,Blanchette-Lamothe Lysanne
Blaney Steven,Member of Parliament,2010-10-06,2016-01-20,3,Blaney Steven
Blewett Catherine,Deputy Minister,2023-04-17,2023-04-17,1,Blewett Catherine
Bllinda White,Senior Policy Advisor,2009-09-02,2009-09-02,1,Bllinda White
Block Kelly,Member of Parliament,2024-11-28,2024-11-28,1,Block Kelly
Bloom Mitch,Vice President,2012-08-23,2012-08-23,1,Bloom Mitch
Blue Knox,Director of Communications,2020-01-16,2022-03-31,11,"Blue Knox, blue knox"
Bo-alex Fredvik,Sustainable Development Strategies,2017-07-28,2017-07-28,1,Bo-Alex Fredvik
Bob Auchterlonie,Commander,2024-02-04,2024-02-04,1,Bob Auchterlonie
Bob Benzen,Member of Parliament,2017-06-08,2022-07-07,58,"Bob Benezen, Bob Benzan, Bob Benzen, Bob Menzen"
Bob Betts,Member of Parliament,2014-10-08,2014-10-08,1,Bob Betts
Bob Bratina,Member of Parliament,2015-12-08,2021-07-30,246,"BOB BRATINA, Bob Bratina, Bob Bratina, M.P., Bob Brattina, Bon Bratina"
Bob Carberry,Assistant Secretary,2008-11-26,2016-05-30,30,"Bob Carberry, Bob Carbery"
Bob Dechert,Member of Parliament,2009-10-07,2015-02-03,88,"BOB DECGERT, Bob Dechert, Bob Deichart, Bob Dekert, Bob Diechart"
Bob Fay,"Deputy Chief, Canadian Economic Analysis Department",2016-07-18,2016-07-18,1,Bob Fay
Bob Gowe,Manager,2013-11-01,2013-11-01,1,Bob Gowe
Bob Hamilton,Deputy Minister,2008-07-04,2024-03-05,386,Bob Hamilton
Bob Hanna,Assistant Superintendent,2009-04-23,2009-04-23,1,Bob Hanna
Bob Ingratta,Chair of the Board,2021-10-22,2021-10-22,1,Bob Ingratta
Bob Jones,Director,2010-01-06,2016-12-15,13,Bob Jones
Bob Khanga,Chief of Staff,2008-12-01,2008-12-01,1,Bob Khanga
Bob Klager,Chief of Staff,2008-11-28,2009-12-17,41,"Bob Klagen, Bob Klager, Bob Klanger"
Bob Lanouette,Director General,2016-05-13,2016-05-13,1,Bob Lanouette
Bob Leore,Manager,2016-02-02,2024-11-06,9,Bob Leore
Bob Mccann,Chief Warrant Officer,2024-02-28,2024-02-28,1,Bob McCann
Bob Mccubbing,Senior Trade Commissioner,2024-09-23,2024-09-23,1,Bob McCubbing
Bob Mclean,Director General,2008-12-16,2017-03-23,3,Bob McLean
Bob Naufal,Manager,2018-05-07,2019-02-19,4,Bob Naufal
Bob Nault,Member of Parliament,2015-11-11,2019-05-07,50,"Bob Nault, Bob nault, Hon Bob Nault, PC, Hon. Bob Nault"
Bob Nawolsky,Regional Director,2012-07-12,2023-02-22,6,Bob Nawolsky
Bob Noakes,"Senior Manager, Telemarketing Regulation",2009-03-02,2009-04-15,4,Bob Noakes
Bob Papanikolaou,Senior Analyst,2014-12-09,2018-12-04,8,Bob Papanikolaou
Bob Paquin,Head of Office,2022-06-24,2022-06-24,1,Bob Paquin
Bob Paulson,"Commissioner, RCMP",2012-06-20,2012-06-20,1,Bob Paulson
Bob Peterson,Senator,2011-06-14,2011-10-13,3,Bob Peterson
Bob Publicover,Trade Commissioner,2008-11-18,2008-11-18,1,Bob Publicover
Bob Rae,Member of Parliament,2008-07-14,2025-05-07,155,"BOB RAE, Bob  Rae , Bob Rae, Hon. Bob Rae, Honourable Bob Rae, The Honourable Bob  Rae , The Honourable Bob Rae, The Honourable Bob Rae, P.C., M.P., bob rae"
Bob Runciman,Senator,2010-10-20,2017-07-06,49,"Bob Runciman, Bob Runcimen, Bon Runciman, The Honourable Senator Bob Runciman"
Bob Sambasivan,Political Advisor,2019-08-27,2019-08-27,1,Bob Sambasivan
Bob Saroya,Member of Parliament,2016-02-09,2021-06-18,41,"Bob Saroya, Bob Soraya"
Bob Snyder,Senior Program Officer,2008-11-21,2008-11-21,1,Bob Snyder
Bob Sopuck,Member of Parliament,2012-03-12,2019-06-18,18,"Bob Sopuck, Bon Sopuck"
Bob Zimmer,Member of Parliament,2011-06-01,2025-03-17,371,"Bob   Zimmer  , Bob  Zimmer, Bob  Zimmner , Bob Zimmer, Bob Zimmer "
Bob Zimmerman,Member of Parliament,2016-04-18,2016-04-18,1,Bob Zimmerman
Bobbi Macleod,Supply Team Leader,2023-12-07,2023-12-07,1,Bobbi Macleod
Bobby Chauhan,Director,2016-11-22,2024-06-06,13,Bobby Chauhan
Bobby Kelly,Chief of Staff,2021-11-18,2025-03-31,9,"Bobby  Kelly, Bobby Kelly, Bobby Kelly "
Bobby Kwon,President and Chief Executive Officer,2021-06-15,2025-01-08,8,"Bobby  Kwon, Bobby Kwan, Bobby Kwon"
Bobby Matheson,Director General,2011-06-17,2018-01-18,8,Bobby Matheson
Bobby Morrissey,Member of Parliament,2016-10-25,2024-04-10,7,"Bobby Morrisey, Bobby Morrissey"
Bobby-jo Peebles,Senior Investment Analyst,2023-06-05,2023-12-05,8,Bobby-Jo Peebles
Boda Ammar,Communications Assistant,2023-03-17,2023-03-17,1,Boda Ammar
Bogdan Ciobanu,Vice President,2012-06-27,2016-09-22,10,Bogdan Ciobanu
Bogdan Makuc,Director,2016-10-17,2023-11-15,5,"Bogdan Makuc, Bogdan Makuc "
Bogden Jacqueline,Deputy Secretary to the Cabinet,2022-03-24,2022-03-24,1,Bogden Jacqueline
Bohdana Dutka,Director General,2017-07-26,2021-06-24,9,Bohdana Dutka
Boisvert Frederik,Assistant,2015-06-10,2015-08-19,2,Boisvert Frederik
Bojan Pavlovic,"Senior Assistant Deputy Minister, Service Delivery and Management",2024-11-21,2024-11-21,1,Bojan Pavlovic
Bonita Gagne,Policy Analyst,2023-12-01,2023-12-01,1,Bonita Gagne
Bonita Wacholtz,Unknown,2024-07-31,2024-07-31,1,Bonita Wacholtz
Bonita Zarrillo,Member of Parliament,2021-11-03,2025-03-13,174,"Bonita  Zarillo, Bonita  Zarillo , Bonita  Zarrillo, Bonita  Zarrillo , Bonita Zarillo, Bonita Zarrillo, Bonita Zarrilo"
Bonnie Antcliffe,"Associate Director General, Regional",2020-06-12,2021-03-26,2,Bonnie Antcliffe
Bonny Berger,Commercial and Economic Counsellor and Head of Commercial Section,2022-05-04,2024-12-03,9,"Bonnie Berger, Bonny Berger"
Bonnie Cohen,Sector Specialist,2021-03-23,2022-05-04,3,Bonnie Cohen
Bonnie Crombie,Member of Parliament,2010-09-13,2011-04-27,44,Bonnie Crombie
Bonnie Feigenbaum,Constituency Assistant,2016-11-09,2016-11-17,3,Bonnie Feigenbaum
Bonnie Fung,Director,2024-09-11,2024-09-11,1,Bonnie Fung
Bonnie James,"Manager, Policy and Outreach",2009-11-24,2009-11-24,1,Bonnie James
Bonnie Leask,Special Advisor,2016-04-15,2017-02-16,32,"Bonnie LEASK, Bonnie Leask, Bonnie Least, Bonnie Lesak"
Bonny Wong-fortin,Director General,2021-07-06,2021-12-10,4,"Bonny  Wong-Fortin, Bonny Wong-Fortin"
Boon Ng,Innovation Officer,2020-05-12,2021-04-15,2,Boon Ng
Boothe Paul,Deputy Minister,2011-09-27,2011-09-27,1,Boothe Paul
Borys Koba,Chief Information Officer,2008-12-05,2009-02-13,2,Borys Koba
Borys Wrzesnewskyj,Member of Parliament,2016-02-03,2019-07-03,34,"Boris Wrzesnewskyj, Borys Wryzesnewsky, Borys Wrzesnewsky, Borys Wrzesnewskyj"
Bosse Judith,Assistant Deputy Minister,2015-12-17,2015-12-17,1,Bossé Judith
Botham Richard,Assistant Deputy Minister,2013-05-16,2016-11-23,2,Botham Richard
Bouchard Laurie,Advance,2018-08-09,2018-08-09,2,Bouchard Laurie
Boucher Claude,"Advisor, Francophonie",2016-06-23,2016-06-23,1,Boucher Claude
Boucher Sylvie,Member of Parliament,2010-10-06,2010-10-06,1,Boucher Sylvie
Boughen Ray,Member of Parliament,2011-09-27,2011-09-27,1,Boughen Ray
Boulerice Alexandre,Member of Parliament,2012-02-23,2025-02-11,2,Boulerice Alexandre
Bouroumdou Naloum,"Ambassador, Republic of Chad",2024-05-28,2024-11-05,2,"Bouroumdou Naloum, Bouroumdou,  Naloum"
Bourque Marie-josee,Advisor,2021-11-17,2021-11-17,1,Bourque Marie-Josée
Boutin Michele,"Executive Director, Secretariat",2010-03-24,2010-03-24,1,Boutin Michele
Boyan Gerasimov,Director of Policy,2020-04-06,2024-04-25,285,"Boyan  Gasimov, Boyan  Gerasimov, Boyan Geramisov, Boyan Gerasimov, Boyan Gerasimov , Boyan Gerisamov, Boyan Gersimov"
Brad Bass,"Coordinator, Environmental Programs",2021-06-08,2021-07-06,2,Brad Bass
Brad Boudreau,Policy Advisor,2022-05-04,2022-08-23,5,"Brad  Boudreau, Brad Boudreau"
Brad Butt,Member of Parliament,2011-06-14,2015-07-07,281,"BRAD BUTT, Brab Butt, Brad Butt, Brad Butt MP, Brad Butt Mp, Brad Butt, M.P., Brad Butts, Brian Butt, Mr. Brad Butt, M.P., brad butt"
Brad Callaghan,Associate Deputy Commissioner,2018-07-04,2024-10-31,3,"Brad Callaghan, Brad Callahan"
Brad Cline,Director,2014-12-03,2017-03-16,4,Brad Cline
Brad Fanos,Regional Manager,2016-04-11,2021-07-26,6,Brad Fanos
Brad Feasey,Senior Analyst and Manager,2014-05-20,2015-05-07,2,Brad Feasey
Brad Gover,"Director, Research and Development",2021-06-16,2021-06-16,1,Brad Gover
Brad Havixbeck,Trade Commissioner,2023-11-23,2023-11-23,1,Brad Havixbeck
Brad Jenkins,Analyst,2016-04-12,2016-04-12,1,Brad Jenkins
Brad Lattanzi,Special Assistant,2012-03-13,2015-06-16,41,Brad Lattanzi
Brad Lattanzi Lattanzi,Advisor,2014-11-19,2014-11-19,1,Brad Lattanzi Lattanzi
Brad Lavigne,Director,2011-06-18,2012-03-15,6,Brad Lavigne
Brad Little,Policy Advisor,2020-01-29,2021-11-18,8,Brad Little
Brad Mullen,Staffer,2019-02-07,2023-04-27,5,Brad Mullen
Brad Nazar,Policy Advisor,2012-04-04,2012-08-02,6,"Brad Nazar, Brad Nazur"
Brad Norwood,Senior Economist,2015-06-10,2023-05-09,4,Brad Norwood
Brad Parker,Legislative Affairs,2017-05-11,2017-05-11,1,Brad Parker
Brad Redekopp,Member of Parliament,2019-12-03,2025-02-25,253,"Brad  Redekopp, Brad  Redekopp , Brad Redekopp"
Brad Richard,Senior Science and Technology Advisor,2016-03-30,2025-04-30,3,Brad Richard
Brad Sweeney,"Head, Departmental Initiatives",2012-09-27,2013-09-18,5,Brad Sweeney
Brad Trost,Member of Parliament,2009-02-11,2019-05-27,225,"BRAD TROST, Brad Frost, Brad Trost, Brad Trost,, Bred Trost"
Brad Vaillancourt,Negotiations Manager,2024-09-04,2025-03-05,4,Brad Vaillancourt
Brad Vis,Member of Parliament,2011-12-01,2025-04-11,271,"Brad  Vis , Brad Vis, Brad Viss"
Brad Wassink,Manager,2022-08-04,2022-08-24,4,"Brad Wassink, brad Wassink"
Brad Weston,Parliamentary Assistant,2016-11-29,2018-02-26,5,Brad Weston
Brad Wood,"First Secretary, Commercial",2009-02-26,2017-12-06,3,Brad Wood
Bradd Lattanzi,Policy Advisor,2014-10-21,2014-10-21,1,Bradd Lattanzi
Braden Leslie,Legislative Assistant,2018-08-03,2018-08-03,1,Braden Leslie
Braden Mcmillan,Constituency Assistant,2018-03-06,2018-10-05,8,Braden McMillan
Bradley Bekkeheim,Member's Assistant,2023-01-11,2023-01-11,1,Bradley Bekkeheim
Bradley Bekkenheim,Legislative Assistant,2024-10-01,2024-10-01,1,Bradley Bekkenheim
Bradley Bennett,Pharmacist Consultant,2024-11-26,2024-11-26,1,Bradley Bennett
Bradley Boudreau,Policy Advisor,2022-03-08,2024-10-21,49,"Bradley  Boudreau, Bradley  Boudreau , Bradley Boudreau, Bradley Boudreault, bradley boudreau"
Bradley Callaghan,Assistant Deputy Commissioner,2019-07-05,2024-05-27,4,Bradley Callaghan
Bradley Goodyear,Director General,2017-10-25,2024-11-22,16,"Bradley  Goodyear, Bradley Goodyear, bradley goodyear"
Bradley Henstock,"Director, Parliamentary Affairs",2022-10-25,2025-02-13,11,Bradley Henstock
Bradley Lattanzi,"Policy Advisor, Science and Technology",2012-12-10,2015-06-26,45,"Bradley Latanzi, Bradley Lattanzi"
Bradley Little,Policy Advisor,2020-01-28,2024-06-10,14,Bradley Little
Bradley Mullen,Staffer,2018-11-07,2020-10-20,4,Bradley Mullen
Bradley Nazar,Policy Advisor and Parliamentary Affairs Advisor,2012-05-11,2012-09-14,3,Bradley Nazar
Bradley Redekopp,Member of Parliament,2021-01-26,2021-02-08,2,Bradley Redekopp
Bradley Trost,Member of Parliament,2010-09-22,2014-02-04,10,Bradley Trost
Bradley Vis,Parliamentary Assistant,2012-01-31,2022-11-01,10,Bradley Vis
Bradley Weston,Staffer,2018-11-20,2018-12-05,2,Bradley Weston
Brady Allin,"Manager, Infrastructure and Climate Change",2021-06-03,2022-06-02,2,Brady Allin
Brady Matthew,Senior Policy Advisor,2020-09-14,2021-01-28,3,Brady Matthew
Braedan De Bakker,Policy Advisor,2022-05-03,2022-09-28,6,"Braedan  de Bakker, Braedan de Bakker, Braeden  de Bekker"
Braeden Caley,Deputy Chief of Staff,2025-04-28,2025-04-28,1,Braeden Caley
Braedon Clark,Member of Parliament,2025-06-03,2025-06-03,1,Braedon Clark
Braid Peter,Member of Parliament,2011-11-01,2011-11-01,1,Braid Peter
Brain Jean,Parliamentary Secretary,2010-10-26,2010-10-26,1,Brain Jean
Bryan Mackay,Director of Policy,2021-03-25,2024-09-18,3,"Brain  MacKay, Bryan MacKay, Bryan Mackay"
Bram Abramson,"Commissioner, Ontario",2023-03-07,2025-01-29,23,"Bram  Abramson , Bram Abrahamson, Bram Abramson, Bram Abramson "
Bram Sepers,Chief of Staff,2011-07-18,2022-06-09,45,"Bram Sepers, Bram Spears, Bram Speers"
Bram Strain,Assistant Deputy Minister,2014-01-14,2015-02-10,4,Bram Strain
Bramwell Strain,Assistant Deputy Minister,2012-03-16,2016-01-15,6,Bramwell Strain
Branavi Raveendran,Staffer to Senator,2024-10-08,2024-10-08,1, Branavi  Raveendran   
Brandan Lowe,Senior Policy Advisor,2019-03-25,2019-03-25,1,Brandan Lowe
Brandan Parsley,Senior Advisor,2020-03-04,2020-03-05,2,Brandan Parsley
Brandan Rowe,Director of Policy,2016-07-06,2025-06-12,208,". Brandan Rowe, Brandan  Rowe, Brandan Rowe, Branden  Rowe, Brandon Rowe"
Branden Leslie,Member of Parliament,2013-09-13,2025-05-22,155,"Branden Leslie, Brandon Leslie, Brendan Leslie"
Branden Lesue,Legislative Assistant,2018-02-27,2018-02-27,1,Branden Lesue
Branden Nguyen,Director,2021-05-06,2021-05-06,1,Branden Nguyen
Brandon Baker,DNCS 5-6-6,2017-06-19,2017-06-19,1,Brandon Baker
Brandon Carte,Senior Policy Advisor,2020-11-05,2024-06-10,7,"Brandon  La Carte, Brandon La Carte"
Brandon Chakar,Administrative Officer,2023-08-03,2024-01-26,18,Brandon Chakar
Brandon Clim,Legislative Assistant,2016-11-29,2016-11-29,1,Brandon Clim
Brandon Geithner,Deputy Director,2022-11-02,2022-11-02,1,Brandon Geithner
Brandon Hawley,Parliamentary Assistant,2022-03-22,2022-03-22,1,Brandon Hawley
Brandon Lee,Director General,2016-06-06,2024-06-04,9,Brandon Lee
Brandon Pardy,Parliamentary Secretary,2016-06-16,2017-06-01,4,Brandon Pardy
Brandy Oliveira,Strategic Initiatives Officer,2019-07-18,2019-07-18,1,Brandy Oliveira
Brandy Schmidt,Parliamentary Assistant,2021-01-20,2021-03-05,3,Brandy Schmidt
Brandyn Hayes,"Special Assistant, Communications",2013-05-28,2013-05-28,1,Brandyn Hayes
Branka Pejcic-karapetrovic,Pharmaceutical Analyst,2015-07-29,2015-07-29,1,Branka Pejcic-Karapetrovic
Bratina Bob,Member of Parliament,2018-06-13,2018-06-13,1,Bratina Bob
Braydon Wilson,Senior Advisor,2014-04-23,2024-09-11,6,Braydon Wilson
Breanna Lee,Constituency Assistant,2021-06-22,2021-06-22,1,Breanna Lee
Breanna Walls,Program Officer,2024-06-03,2024-06-03,1,Breanna Walls
Brenna Walsh,"Policy Advisor, Atlantic",2024-01-23,2025-03-19,75,"Breanna Walsh, Brenna  Walsh, Brenna Walsh, brenna Walsh"
Breanne Kemp,Staffer,2014-11-07,2014-12-09,2,Breanne Kemp
Breitkreuz Gary,Member of Parliament,2012-04-25,2012-04-25,1,Breitkreuz Gary
Brenda Baxter,Assistant Deputy Minister,2017-12-20,2024-07-16,25,"Brenda  Baxter , Brenda Baxter"
Brenda Bugge,"Director, National Economic Accounts Division",2023-08-16,2023-08-16,1,Brenda Bugge
Brenda Dogbey,Chief Diversity Officer,2020-09-01,2023-11-13,2,Brenda Dogbey
Brenda Elliot,Executive Assistant,2014-10-07,2014-10-07,1,Brenda Elliot
Brenda Elliott,Staffer,2013-01-15,2013-03-07,2,Brenda Elliott
Brenda Hensler-hobbs,"Director General, Aviation Security",2012-10-03,2017-08-01,31,Brenda Hensler-Hobbs
Brenda Lepage,Assistant Deputy Minister,2013-12-05,2014-12-12,2,"Brenda LePage, Brenda Lepage"
Brenda Lucki,Commissioner,2020-09-29,2022-02-08,8,Brenda Lucki
Brenda Mccorquodale,Senior Director,2022-07-04,2023-09-26,2,Brenda McCorquodale
Brenda Mcintyre,Senior Policy Advisor,2009-07-09,2009-07-09,1,Brenda McIntyre
Brenda Page,Deputy Minister,2013-12-23,2013-12-23,1,Brenda Le Page
Brenda Price,Senior Policy Advisor,2017-05-30,2021-05-10,2,Brenda Price
Brenda Shanahan,Member of Parliament,2016-01-15,2024-10-29,104,"BRENDA SHANAHAN, Branda Shanahan, Branda Shannan, Brenda  Shanahan , Brenda Shanahan, Brenda Shanahan MP"
Brenda Tang,Acting Director,2012-05-02,2012-05-02,1,Brenda Tang
Brenda Wagle,"Senior Analyst, Stakeholder Relations",2023-10-31,2023-10-31,1,Brenda Wagle
Brenda Watkins,Director,2017-07-26,2017-11-30,3,Brenda Watkins
Brendan Carley,Managing Director,2014-02-07,2023-07-24,2,Brendan Carley
Brendan Carmichael,Senior Desk Officer,2024-05-10,2024-06-10,2,"Brendan  Carmichael, Brendan Carmichael"
Brendan Cook,Director General,2024-10-04,2025-05-29,3,Brendan Cook
Brendan Dunne,"Assistant Deputy Minister, Client Service Delivery and Management – National Defence and Policing Branch",2017-06-15,2023-09-12,10,"Brendan  Dunne, Brendan Dunne"
Brendan Edge,Legislative Assistant,2020-04-20,2023-10-24,3,"Brendan Edge, Brendan Edge "
Brendan Hanley,Member of Parliament,2021-11-19,2025-05-28,216,"Brendan  Hanley, Brendan  Hanley , Brendan Hanley, Brendan Hanley , brendan hanley"
Brendan Haveman,Ministerial Liaison Officer,2010-03-24,2018-11-05,2,Brendan Haveman
Brendan Haverman,Senior Policy Advisor,2017-09-06,2017-09-06,1,Brendan Haverman
Brendan Knight,Chief of Staff,2024-02-09,2024-12-04,4,"Brendan  Knight, Brendan Knight"
Brendan Macdonald,Junior Policy Analyst,2022-06-29,2022-06-29,1,Brendan Macdonald
Brendan Marshall,Executive Assistant,2009-01-10,2010-05-04,8,Brendan Marshall
Brendan Mcneill,Senior Policy Analyst,2016-01-08,2016-01-08,1,Brendan McNeill
Brendan Murphy,Deputy Director,2021-03-02,2022-05-17,7,Brendan Murphy
Brendan Parsley,Parliamentary Secretary,2020-03-25,2021-06-15,57,"Brendan Parsely, Brendan Parsley"
Brendan Reding,"Regional Director, Prairies",2023-12-20,2023-12-20,1,Brendan Reding
Brendan Rowe,Policy Advisor to Minister of Infrastructure,2019-02-21,2022-05-31,3,Brendan Rowe
Brendan Thompson,Economic Development Officer,2021-08-12,2021-10-21,2,Brendan Thompson
Brenden Reding,"Regional Director, IRAP",2018-06-28,2018-06-28,1,Brenden Reding
Brendon Graveline,Senior Program Analyst,2024-08-07,2024-08-07,1,Brendon Graveline
Brendon Legault,"Director, Parliamentary Affairs",2018-07-10,2025-02-06,6,"Brendon Legault, brendon legault"
Brenna Belland,Analyst,2022-08-30,2022-08-30,1,Brenna Belland
Brenna Furlong,Policy Analyst,2022-09-20,2022-09-20,1,Brenna Furlong
Brenna Macneil,"Director General, Strategic Integration",2022-08-11,2024-05-21,4,"Brenna MacNeil, Brenna MacNiel, Brenna Macneil"
Brenna Morgan,Junior Technical Advisor,2024-12-16,2024-12-16,1,Brenna Morgan
Brennan Graham,Policy Advisor,2022-06-21,2022-06-21,1,Brennan Graham
Brennan Young,Senior Director,2021-04-30,2021-04-30,1,Brennan Young
Brenne Young,"Director, Policy and Strategic Planning Division",2020-07-14,2020-07-20,2,Brenne Young
Brent Almond,"Director, Indigenous Taxation",2022-05-13,2022-05-13,2,Brent Almond
Brent Babcock,Senior Policy Advisor,2010-06-08,2012-06-18,86,"Brent Babcock, Brent Badcock"
Brent Bauer,Director,2017-05-18,2021-12-13,3,Brent Bauer
Brent Cotter,Senator,2020-07-13,2024-11-26,122,"Brent  Cotter, Brent Cotter, Brett Cotter"
Brent Cotter Cotter,Senator,2021-02-22,2021-02-22,1,Brent Cotter Cotter
Brent Court,General Manager,2011-03-28,2011-03-28,1,Brent Court
Brent Herbert Copley,Vice President,2014-05-06,2017-03-16,5,"Brent Herbert Copley, Brent Herbert-Cupley"
Brent Herbert-copley,Executive Vice President,2010-05-05,2021-06-11,60,"Brent Hebert-Copley, Brent Herbert-Copley"
Brent Homan,"Deputy Commissioner, Compliance",2010-04-20,2023-06-27,33,"Brent  Homan, Brent Hoffman, Brent Homan, Brent Homan "
Brent Johnston,"Director General, Digital Product Development, Delivery and Management",2021-02-19,2022-11-02,3,Brent Johnston
Brent Lawlor,Director,2021-03-10,2022-10-06,11,Brent Lawlor
Brent Mcroberts,Director General,2014-07-23,2014-07-23,1,Brent McRoberts
Brent Parker,Director,2016-01-08,2025-04-16,50,Brent Parker
Brent Patten,Director,2009-02-05,2009-04-28,2,Brent Patten
Brent Raicevic,Compliance Officer,2024-12-05,2024-12-05,1,Brent Raicevic
Brent Rathberger,Member of Parliament,2012-01-06,2013-01-21,2,"Brent Rathberger, Brent Rathburger"
Brent Rathgeber,Member of Parliament,2010-09-28,2015-06-03,76,"Brent Rathgeber, Brent Rathgerber"
Brent Roe,Executive Director,2011-08-25,2011-08-25,1,Brent Roe
Brent Rubeli,Project Engineer,2022-03-08,2022-03-08,1,Brent Rubeli
Brent Taylor,Manager,2021-04-01,2021-04-01,1,Brent Taylor
Brent Trowsse,Manager,2018-10-10,2018-10-10,1,Brent Trowsse
Brent Watson,Project Manager,2023-11-17,2023-11-17,1,Brent Watson
Brent Wilhelm,Policy Analyst,2021-07-07,2022-08-24,3,Brent Wilhelm
Brent Wilson,Deputy Director,2021-02-01,2021-02-01,1,Brent Wilson
Breton Cousins,Staffer,2016-04-18,2020-02-11,3,Breton Cousins
Breton Niddery,Senior Policy Analyst,2022-08-11,2024-08-15,2,Breton Niddery
Brett Aylward,Parliamentary Secretary,2018-06-05,2019-05-16,23,"Brett Alward, Brett Alyward, Brett Aylward"
Brett Capwell,Staffer,2022-05-24,2022-05-24,1,Brett Capwell
Brett Carlson,"Senior Special Assistant, Policy",2013-11-13,2015-03-13,15,Brett Carlson
Brett Dietrich,"Vice President, Partnerships and Promotions",2020-02-05,2020-05-08,4,Brett Dietrich
Brett Gilchrist,"Director, National Programs",2019-11-20,2025-05-01,18,"Brett Gilchrist, Brett Gilchristr"
Brett Hartley,Parliamentary Assistant,2023-10-24,2023-10-24,2,Brett Hartley
Brett Johnson,Policy Analyst,2022-09-21,2022-09-21,1,Brett Johnson
Brett Levitt,Manager,2025-02-11,2025-02-11,1,Brett Levitt
Brett Martin,Constituency Assistant,2022-03-22,2024-10-04,32,"Brett  Martin , Brett Martin"
Brett Maxwell,Director,2018-06-27,2024-10-15,8,Brett Maxwell
Brett Norton,Deputy Director,2022-02-08,2022-02-08,2,Brett Norton
Brett Shearing,Legislative Assistant,2016-10-04,2016-10-04,1,Brett Shearing
Brett Thalmann,"Director, Administration and Special Projects",2017-02-13,2021-05-14,6,"BRETT THALMANN, Brett Thalman, Brett Thalmann"
Brewster Michael,Minister's Office Staff,2023-02-24,2023-02-24,1,Brewster Michael
Brian A Farnand,Director,2017-05-01,2017-05-01,1,Brian A Farnand
Brian Ahier,"Acting Director General, ERHSD",2021-05-31,2021-07-27,2,Brian Ahier
Brian Aiken,"Chief Audit Executive, Assistant Deputy Minister",2010-12-06,2010-12-06,1,Brian Aiken
Brian Bohon,Exempt Staff,2010-11-25,2010-11-25,1,Brian Bohon
Brian Bohonicky,Platform Advisor,2010-11-01,2010-11-01,1,Brian Bohonicky
Brian Bohuncky,Director of Policy,2010-10-06,2010-10-06,2,Brian Bohuncky
Brian Bohunicky,Senior Advisor,2010-06-03,2019-08-15,81,"Brian Bohunicki, Brian Bohunicky"
Brian Bohunickly,"Director, Research, Office of the Leader of the Opposition",2010-05-20,2010-05-20,1,Brian Bohunickly
Brian Brennan,Deputy Commissioner,2021-03-08,2022-11-21,5,Brian Brennan
Brian Brian Bohunicky,"Director of Policy | Director, Liberal Research Bureau",2010-11-16,2010-11-16,1,Brian Brian Bohunicky
Brian Brian Mackay,Senior Policy Advisor,2022-05-16,2022-05-16,1,Brian Brian MacKay
Brian Chamberlain,Not Specified,2023-02-23,2023-05-18,4,Brian Chamberlain
Brian Clow,Deputy Chief of Staff,2011-02-16,2025-03-03,612,"BRIAN CLOW, Brian  Clow, Brian Chow, Brian Clow, Brian Clow , Brian Clowe, Brian Crow, brian clow"
Brian De Montmorency,DNCS 5-6-2,2015-12-09,2018-05-22,9,"Brian de Montmorency, Briand de Montmorency"
Brian De Montmournsey,DMSS 8-2-13,2011-04-27,2013-07-16,2,Brian de Montmournsey
Brian Demontmorency,LCMM,2014-06-26,2014-11-12,2,Brian deMontmorency
Brian Demontmourcey,DMSS 8-4-2,2011-02-08,2011-02-08,1,Brian deMontmourcey
Brian Demontmourncey,DNCS 5-6-2,2015-08-03,2015-08-03,1,Brian deMontmourncey
Brian Demontmournesey,DMSS 11-8-2,2012-08-29,2012-08-29,1,Brian deMontmournesey
Brian Derrah,Member's Assistant,2013-03-01,2013-03-21,2,Brian Derrah
Brian Douglas,Chair and Deputy Head,2019-01-25,2024-11-27,67,Brian Douglas
Brian Enerwien,Assistant Deputy Minister,2008-12-16,2008-12-16,1,Brian Enerwien
Brian Ernewein,Director General,2008-08-15,2020-11-20,246,"Brian Enewein, Brian Ernerwein, Brian Ernewein, brian ernewein"
Brian Ermewein,"Associate Assistant Deputy Minister, Legislation",2019-04-02,2019-04-02,1,Brian Ermewein
Brian Ernewin,Policy Advisor,2008-07-16,2008-07-16,1,Brian Ernewin
Brian Evans,Executive Vice President,2008-07-24,2012-12-12,50,"Brian Evans, DR BRIAN EVANS, Dr. Brian Evans"
Brian Ferguson,Assistant Deputy Minister,2010-09-01,2010-10-05,3,Brian Ferguson
Brian Fields,"Senior Policy Analyst, Business Frameworks and Taxation Policy",2009-03-24,2009-03-24,1,Brian Fields
Brian Francis,Senator,2019-02-05,2025-06-11,51,"Brian  Francis , Brian Francis, Senator Brian  Francis, The Honourable Brian  Francis, The Honourable Brian  Francis "
Brian Fuerst,Policy Analyst,2017-08-30,2018-02-21,3,Brian Fuerst
Brian Gear,Director General,2010-09-20,2014-04-09,13,"Brian Gear, brian gear"
Brian Gray,Assistant Deputy Minister,2008-10-29,2021-01-14,98,"Brain Gray, Brian Gray, Brian Grey, Brian grey, Dr. Brian Gray"
Brian Healy,Biologist,2023-10-26,2023-10-26,1,Brian Healy
Brian Hickey,Director General,2019-08-21,2024-10-02,31,"Brian  Hickey, Brian  Hickey , Brian Hickey, Brian Hickey "
Brian Innes,"Director, Parliamentary Affairs",2016-02-02,2016-02-02,1,Brian Innes
Brian Jean,Member of Parliament,2008-11-27,2013-12-04,163,"BRIAN JEAN, Brian Jean, Brian Jean MP, Mr. Brian Jean, brian jean"
Brian Kaufamnn,"Director, Parliamentary Affairs",2019-04-08,2019-04-08,1,Brian Kaufamnn
Brian Kaufmann,Senior Policy Advisor,2016-01-21,2021-10-19,257,"BRIAN KAUFMANN, Brian Kauffman, Brian Kauffmann, Brian Kaufman, Brian Kaufmann, Brian Koffman, Bryan Kaufmann, brian Kaufmann, brian kaufman, brian kaufmann"
Brian Keenan,Innovation Advisor,2020-09-22,2020-09-22,1,Brian Keenan
Brian Kelly,Special Advisor,2019-03-29,2019-06-06,2,Brian Kelly
Brian Koval,"Coordinator, Marine National Wildlife Area",2024-04-03,2024-04-03,1,Brian Koval
Brian Laghi,"Director, Parliamentary Affairs",2022-01-18,2023-02-15,8,"Brian  Laghi, Brian Laghi"
Brian Lester,"Assistant Director, Integrated Resource Management",2017-05-08,2019-04-03,3,Brian Lester
Brian Loma,Member of Parliament,2016-11-17,2016-11-17,1,Brian Loma
Brian Macdonald,Senior Policy Advisor,2008-08-05,2010-03-12,69,"BRIAN MACDONALD, Brian MacDonald, Brian Macdonald, Brian McDonald"
Brian Mackay,Senior Policy Advisor,2019-05-02,2025-06-11,673,"Brian  MacKay, Brian  MacKay , Brian  MacKay  , Brian  Mackay, Brian  McKay, Brian  McKay , Brian MacKay, Brian MacKay , Brian Mackay, Brian McKay, Brian Mckay, brian Mackay, brian mckay"
Brian Macleod,Special Assistant,2014-11-18,2014-11-18,1,Brian MacLeod
Brian Major,Acting Science Authority,2024-04-04,2024-11-15,2,"Brian  Major, Brian Major"
Brian Masse,Member of Parliament,2009-02-11,2025-03-05,557,"Brian  Masse, Brian Masse, Brian Masse, M.P., Brian Masses, Brian Massey, Brian Massé, Briane Masse, Mr. Brian Masse M.P."
Bryan May,Member of Parliament,2015-12-01,2025-02-28,496,"Brad May, Brian May, Bryan  May , Bryan May, brian May, bryan May, bryan may"
Brian Mccauley,Assistant Commissioner,2009-04-09,2013-12-02,26,"Brian MCCauley, Brian McAuley, Brian McCaulay, Brian McCauley"
Brian Mcgregor,Senior Policy Advisor,2022-08-10,2025-02-27,11,"Brian  McGregor, Brian McGregor, Brian McGregor "
Brian Mckenzie,Member of Parliament,2015-03-31,2015-03-31,1,brian McKenzie
Brian Mcshane,Innovation Officer,2021-04-14,2021-04-14,1,Brian McShane
Brian Moniz,Constituency Assistant,2024-10-04,2024-10-04,1,Brian Moniz
Brian Murphy,Member of Parliament,2009-11-17,2011-03-09,13,"Brian Murphy, Brian Murphy, M.P."
Brian Nesbitt,"Technical Leader, Engineering",2012-03-09,2012-03-09,1,Brian Nesbitt
Brian Oak,Consul General,2008-08-18,2008-08-18,1,Brian Oak
Brian Opitz,"Manager, Outreach and Partnerships",2009-12-18,2009-12-18,1,Brian Opitz
Brian Orrbine,Chief,2015-11-12,2017-08-10,4,Brian Orrbine
Brian Pagan,"Assistant Secretary, Expenditure Management",2011-03-08,2016-08-16,2,Brian Pagan
Brian Parker,Senior Policy Analyst,2017-11-21,2020-10-01,5,Brian Parker
Brian Parrott,Minister-Counselor and Senior Trade Commissioner,2014-03-25,2014-03-25,1,Brian Parrott
Brian Pebbles,Member of Parliament,2023-02-06,2023-02-06,1,Brian Pebbles
Brian Peebles,Policy Advisor,2022-02-15,2023-06-15,28,"Brian  Peebles, Brian  Peebles , Brian Peebles, brian Peebles "
Brian Peterson,Director,2019-04-09,2019-04-09,2,Brian Peterson
Brian Post,Advisor,2016-02-16,2024-03-18,3,"Brian  Post, Brian Post"
Brian Rae,"Director, Digital Operations and Transformation",2022-11-17,2022-11-17,1,Brian Rae
Brian Rattray,Deputy Director,2018-04-16,2020-11-26,9,Brian Rattray
Bryan Rourke,Director of Operations,2016-09-13,2024-12-14,101,"BRYAN ROURKE, Brian  Rourke  , Brian Rourke, Bryan   Rourke, Bryan  Rourke, Bryan ROURKE, Bryan Rourke, Bryan Rourque, bryan  rourke, bryan rourke"
Brian Santarpia,"Commander, Maritime Forces Atlantic",2022-06-28,2022-09-15,2,Brian Santarpia
Brian Saunders,"Acting Director, Public Prosecutions",2009-04-30,2009-04-30,1,Brian Saunders
Brian Scott Masse,Member of Parliament,2009-10-02,2009-10-02,1,Brian Scott Masse
Brian Shipley,"First Secretary, Trade Policy",2020-12-02,2020-12-02,1,Brian Shipley
Bryan Smith,Policy Advisor,2009-04-29,2023-12-20,65,"Brian  Smith, Brian Smith, Bryan Smith"
Brian Spurling,Director General,2011-09-30,2011-09-30,1,Brian Spurling
Brian St Louis,Parliamentary Assistant,2012-10-04,2013-05-02,3,Brian St Louis
Brian St-louis,Special Assistant,2012-10-17,2012-10-17,1,BRIAN ST-LOUIS
Brian St. Louis,Executive Assistant,2013-01-29,2013-05-09,3,"Brian St. Louis, Brian St.Louis"
Brian Stethem,"Field Operation Supervisor, Vancouver CFO",2021-04-14,2021-04-14,1,Brian Stethem
Brian Storseth,Member of Parliament,2010-04-01,2015-05-27,153,"Brian Storeseth, Brian Storseth, Brian Storseth, MP, Brian Stoseth, Bryan Storseth"
Brian Sundue,Senior Sector Development Officer,2008-11-04,2018-10-26,5,Brian Sundue
Brian T. Gray,Assistant Deputy Minister,2019-09-11,2019-09-11,1,Brian T. Gray
Brian Thilagarajah,Staffer,2019-06-20,2023-02-02,9,"Brian E Thilagarajah, Brian Thilagarajah, Brian Thilagatajah"
Brian Torgunrud,Senior Chief,2018-01-18,2018-01-18,1,Brian Torgunrud
Brian Torrie,Director General,2019-08-23,2021-07-28,3,Brian Torrie
Brian Underhill,Staffer,2012-02-13,2015-12-03,16,Brian Underhill
Brian Vockathaler,Economic Analyst,2020-04-21,2022-03-04,4," Brian Vockathaler, Brian Vockathaler"
Brian Young,Assistant Director,2023-12-13,2024-09-23,2,"Brian  Young , Brian Young"
Brianna Rector,Science and Technology Analyst,2024-01-19,2024-01-19,1,Brianna   Rector
Brianne Lamarche,"Director, Data Science and Analytics",2025-03-19,2025-03-19,1,Brianne Lamarche
Brianne Pierre,Constituency Assistant,2024-08-27,2024-08-27,1,Brianne La Pierre
Briaunna Coburn,Policy Analyst,2023-01-27,2023-01-27,1,Briaunna Coburn
Bridges,Policy Advisor,2011-09-13,2013-05-28,3,J.D. Bridges
Bridges John-david,"Special Assistant, Office of the Minister of National Revenue",2010-06-07,2010-06-07,1,Bridges John-David
Bridget Howe,Parliamentary Assistant to Kirsty Duncan,2017-10-11,2017-10-11,1,Bridget Howe
Bridgette Diogo,Vice President,2021-03-19,2021-03-19,1,Bridgette Diogo
Brien Benoit,Chairperson,2008-10-21,2008-10-31,9,"Brian Benoit, Brien Benoit, Dr. Brien Benoit"
Brigadier General Scott Clancy,"Director General, Air Readiness",2017-03-31,2017-03-31,1,Brigadier General Scott Clancy
Brigadier General Todd N. Balfe,"Special Advisor, Fighter Capability",2024-12-18,2024-12-18,1,Brigadier General Todd N. Balfe
Brigadier-general Ayotte,Chief of Staff,2021-04-07,2021-04-28,4,"Brigadier-General Ayotte, Brigadier-General C.C. Ayotte"
Brigette Belanger,Manager,2020-11-18,2020-11-18,1,Brigette Belanger
Brigita Gravitis-beck,Director General,2009-03-04,2013-02-05,8,"Brigita Gravitas-Beck, Brigita Gravitis-Beck"
Brigitte Brigitte,Member of Parliament,2016-04-20,2016-04-20,1,Brigitte Brigitte
Brigitte Diogio,Director of Operations,2009-09-17,2009-09-17,1,Brigitte Diogio
Brigitte Diogo,Associate Deputy Minister,2015-02-05,2025-03-20,63,"Bridgitte  Diogo, Brigitte Diogo"
Brigitte Dumond-filion,Policy Advisor,2022-04-20,2022-04-20,1,Brigitte Dumond-Filion
Brigitte Fortin,Assistant Deputy Minister,2013-05-09,2013-05-09,1,Brigitte Fortin
Brigitte Gibson,"Regional Director General, Prairies and North",2024-05-28,2024-09-25,2,Brigitte Gibson
Brigitte Goulard,Deputy Commissioner,2014-04-22,2018-11-26,105,Brigitte Goulard
Brigitte Joly,Director General,2019-02-20,2024-07-22,27,Brigitte Joly
Brigitte Legault,Director,2010-10-26,2024-10-29,6,Brigitte Legault
Brigitte Leuke,Director,2014-11-17,2014-11-17,1,Brigitte Leuke
Brigitte Levesque,NMSO Team,2015-11-11,2015-11-11,1,Brigitte Levesque
Brigitte Phaneuf,"Senior Director, Deposit-Taking Supervision Sector",2017-09-28,2019-04-08,2,Brigitte Phaneuf
Brigitte Poullet,"Acting Director, Issues Management",2018-05-11,2018-05-11,1,Brigitte Poullet
Brigitte Proucelle,Cultural and Scientific Advisor,2019-05-17,2019-05-17,1,Brigitte Proucelle
Brigitte Sansoucy,Member of Parliament,2016-02-24,2019-05-07,112,"BRIGITTE SANSOUCY, Bridgette Sansoucy, Bridgitte Sanasoucy, Bridgitte Sansoucy, Brigette Sancoucy, Brigette Sansoucy, Brigite Sansoucy, Brigitte Sancoucy, Brigitte Sanscoucy, Brigitte Sansoucy, Brigitte Sansousy"
Brison Scott,Member of Parliament,2011-12-08,2018-10-02,4,"Brison Scott, Brisson Scott"
Britney Reid,Staff,2022-01-14,2023-01-11,4,"Britney  Reid, Britney Reid"
Brittany Ann Fish,"Senior Advisor, Director General's Office",2020-04-15,2020-04-15,1,Brittany Ann Fish
Brittany Barnes,Constituency Assistant,2016-04-29,2016-07-12,5,Brittany Barnes
Brittany Flamank,Executive Assistant,2016-04-20,2016-04-20,1,Brittany Flamank
Brittany Harkness,Administrative Assistant,2024-07-10,2024-10-29,4,"Brittany  Harkness, Brittany Harkness"
Brittany Kelly,Senior Manager,2024-03-05,2024-03-05,1,Brittany Kelly
Brittney Kerr,"Regional Desk, British Columbia",2016-01-13,2017-01-31,68,"BRITTNEY KERR, Brittany Kerr, Brittney Kerr"
Brittany Lang,Staffer to Member of Parliament,2022-02-02,2023-06-20,3,"Brittany Laing, Brittany Lang"
Brittany Lorenz,Staffer to Member of Parliament,2016-09-28,2020-11-25,3,Brittany Lorenz
Brittany Merpaw,Acting Director,2024-04-12,2024-05-09,2,Brittany Merpaw
Brittany Morison,Policy Analyst,2022-05-03,2022-05-03,1,Brittany Morison
Brittany Mosher,Executive Assistant,2024-06-03,2024-06-04,2,Brittany Mosher
Brittany Noakes,Political Officer,2017-02-27,2017-02-27,1,Brittany Noakes
Brittany Reid,Staffer to Senator,2023-05-30,2023-05-30,1,Brittany  Reid
Brittany Tardif,"Manager, Pensions Communications",2021-07-21,2021-07-21,1,Brittany Tardif
Brittany Turcotte,Policy Advisor,2020-12-22,2020-12-22,1,Brittany Turcotte
Brittany Turcotte-hameed,Policy Advisor,2021-02-11,2021-02-11,1,Brittany Turcotte-Hameed
Brittney Reid,Special Assistant,2023-02-06,2023-02-06,1,Brittney Reid
Brittney Uhrich,Program Officer,2022-11-08,2022-11-08,1,Brittney Uhrich
Brittney Whittaker,Policy Analyst,2020-03-26,2022-07-05,4,Brittney Whittaker
Brittni Tee,Policy Advisor,2017-05-16,2017-05-26,2,Brittni Tee
Brittny Anderson,Member of Parliament,2022-07-13,2022-07-13,1,Brittny Anderson
Brock Hamley,Constituency Assistant,2014-05-05,2015-07-09,4,Brock Hamley
Brock Harrison,"Director, Communications",2018-08-21,2018-08-21,1,Brock Harrison
Brock Holowachuk,Manager,2021-12-03,2023-05-10,5,Brock Holowachuk
Brock Stephenson,Staffer,2008-08-20,2013-02-28,6,Brock Stephenson
Brock Vandrick,"Special Assistant to the Minister, International Trade",2013-06-06,2014-03-04,2,Brock Vandrick
Brodie Berrigan,"Executive Advisor, Deputy Minister's Office",2015-07-02,2017-05-02,4,"BRODIE BERRIGAN, Brodie Berrigan"
Brodie Neil,Director of Policy,2011-01-12,2011-01-12,1,Brodie Neil
Brody Mcdonald,"Special Assistant, Policy",2015-03-24,2015-07-02,11,Brody McDonald
Brody Stuart,Assistant,2021-05-04,2021-05-04,1,Brody Stuart
Bronwen Clark-brewin,Policy Analyst,2024-10-24,2024-10-24,1,Bronwen Clark-Brewin
Bronwen Jervis,Director of Policy,2018-11-26,2025-05-27,114,"Bowen Jervis, Bronwen  Jervis , Bronwen Jarvis, Bronwen Jervais, Bronwen Jervis, Bronwen Jerwis, Bronwyn Jervis, bronwen Jervis"
Bronwyn Azar,Policy Analyst,2023-07-06,2023-11-10,5,"Bronwyn  Azar, Bronwyn Azar"
Bronwyn Eyre,Minister,2022-04-14,2022-04-14,1,Bronwyn  Eyre 
Bronwyn Fong,Assistant,2021-11-17,2021-11-17,1,Bronwyn Fong
Bronwyn Graves,Director,2023-02-01,2023-04-26,2,Bronwyn Graves
Bronwyn May,Director General,2021-07-08,2025-05-07,16,"Bronwyn  May, Bronwyn May"
Brook Bertrand,Senior Policy Analyst,2018-09-14,2019-04-29,2,Brook Bertrand
Brook Petersmeyer,Constituency Assistant,2012-08-03,2012-08-03,1,Brook Petersmeyer
Brook Simpson,"Director, Parliamentary Affairs",2016-09-13,2021-12-17,108,Brook Simpson
Brooke Davis,"Deputy Director, Investment",2015-03-02,2015-03-02,1,Brooke Davis
Brooke De Waal,Minister's Office,2012-10-24,2012-10-24,1,Brooke De Waal
Brooke Delwisch,Parliamentary Assistant,2025-01-17,2025-01-17,1,Brooke Delwisch
Brooke Malinoski,Senior Manager,2017-06-26,2022-04-28,4,Brooke Malinoski
Brooke Pigott,"Director, Market Research",2012-04-03,2014-11-26,5,"Brooke Pigot, Brooke Pigott"
Brooke Simpson,Press Secretary,2018-06-14,2021-12-13,3,Brooke Simpson
Brookfield Robert,Director General,2019-05-07,2019-05-07,1,Brookfield Robert
Brooklyn Sutton,Economist and Policy Analyst,2020-10-29,2020-12-10,2,Brooklyn Sutton
Brown Jasmine,Policy Advisor,2013-07-10,2013-07-10,1,Brown Jasmine
Brown Lois,Member of Parliament,2011-10-04,2011-10-04,1,Brown Lois
Brown Mary-rose,Director of Policy,2024-04-24,2024-04-24,1,Brown Mary-Rose 
Browyn Fong,Staffer,2023-05-12,2023-05-12,1,Browyn Fong
Bruce Archibald,President,2009-09-28,2016-09-27,71,"Bruce Archibald, Bruce Archibold, bruce archibald"
Bruce Calvert,Tax Policy Officer,2023-02-13,2023-04-19,3,"Bruce  Calvert , Bruce Calvert"
Bruce Carson,Senior Advisor,2008-07-11,2008-09-04,7,Bruce Carson
Bruce Cheadle,Senior Communications Advisor,2017-02-24,2023-03-07,5,Bruce Cheadle
Bruce Chen,Foreign Reserves Management,2016-06-28,2016-06-28,1,Bruce Chen
Bruce Christie,Assistant Deputy Minister,2009-09-30,2025-01-24,111,"BRUCE CHRISTIE, Bruce  Christie, Bruce Christie, Bruce Christie "
Bruce Cooper,"Deputy Minister, Health",2013-03-19,2013-03-19,1,Bruce Cooper
Bruce Couchman,Senior Legal Analyst,2011-06-02,2011-07-19,3,Bruce Couchman
Bruce Donaldson,VCDS,2010-06-16,2012-07-31,6,"BRUCE DONALDSON, Bruce Donaldson"
Bruce Fanjoy,Member of Parliament,2025-06-03,2025-06-03,1,Bruce Fanjoy
Bruce Fraser,Section Head,2018-02-23,2020-09-04,8,Bruce Fraser
Bruce Hickey,Executive Assistant,2016-10-19,2017-10-18,2,Bruce Hickey
Bruce Hirst,"Assistant Deputy Minister, Chief Financial Officer",2008-12-05,2009-03-23,2,Bruce Hirst
Bruce Hyer,Member of Parliament,2009-03-31,2015-06-16,99,"Bruce Hyer, Bruce Hyer MP"
Bruce Labrador,Regional Director,2022-11-11,2022-11-11,1,Bruce Labrador
Bruce Macdonald,Director,2023-04-19,2025-02-21,2,Bruce MacDonald
Bruce Manion,"Special Advisor to the Assistant Deputy Minister, HRSB",2010-12-17,2012-03-23,2,Bruce Manion
Bruce Mccuaig,Executive Advisor,2017-05-09,2017-06-23,5,"Bruce McCuaig, Bruce McQuaig"
Bruce Mcfarlane,Policy Advisor,2012-11-29,2012-11-29,1,Bruce McFarlane
Bruce Murdock,"Director, Corporate Security",2018-05-28,2022-09-29,2,Bruce Murdock
Bruce Ralston,Member of Parliament,2022-07-13,2022-07-13,1,Bruce Ralston
Bruce Randall,Director General,2023-09-14,2025-05-05,4,Bruce Randall
Bruce Scoffield,Director General,2018-04-26,2019-04-09,4,Bruce Scoffield
Bruce Stanton,Member of Parliament,2010-09-28,2021-07-21,143,"BRUCE STANTON, Bruce Stanton, Bruce Staunton"
Bruce Stephen,Director,2017-12-15,2017-12-15,1,Bruce Stephen
Bruce Stirrett-wood,Senior Policy Advisor,2022-06-16,2025-05-23,7,"Bruce  Stirrett-Wood, Bruce Stirrett-Wood, bruce stirrett-wood"
Bruce Vo,Manager | Senior Advisor,2022-02-08,2022-02-08,1,Bruce Vo
Bruce Wallace,Director,2011-03-22,2021-03-22,15,Bruce Wallace
Bruce Wang,Director,2016-02-16,2022-03-09,4,Bruce Wang
Bruce Winchester,Senior Policy Advisor,2008-07-16,2012-07-03,336,"BRUCE WINCHESTER, Bruce Minchester, Bruce Wincester, Bruce Winchester, Bruce Winchestor, Bruce Wincheter, Bruce Winchster, Bruce Wunchester, Bruse Winchester"
Bruinooge Rod,Member of Parliament,2012-10-23,2014-11-26,2,Bruinooge Rod
Bruna Rados,Director General,2012-01-27,2012-11-30,4,Bruna Rados
Bruno Bond,Assistant Director,2008-07-29,2008-07-29,1,Bruno Bond
Bruno Drolet,Biologist,2010-02-16,2010-02-16,1,Bruno Drolet
Bruno Gagnon,Policy Analyst,2018-07-13,2022-11-09,5,Bruno Gagnon
Bruno Guilmette,Chief Investment Officer,2018-03-26,2018-03-26,1,Bruno Guilmette
Bruno Hardy-chartrant,Industry Relations,2017-03-08,2017-03-08,1,Bruno Hardy-Chartrant
Bruno Lamy,Analyst,2014-07-16,2014-07-16,1,Bruno Lamy
Bruno Nordeste,"Program Coordinator, Americas",2009-12-18,2009-12-18,1,Bruno Nordeste
Bruno Paris,Policy and Program Advisor,2024-03-14,2024-03-14,1,Bruno Paris
Bruno Rodrigue,"Executive Director, Office of Legislative and Regulatory Modernization",2023-03-28,2023-03-28,1,Bruno Rodrigue
Bruno Rodrique,Director,2015-12-03,2015-12-03,1,Bruno Rodrique
Bruno Roy,"Senior Analyst, Resources, Energy and Environment Section, EDCF Branch",2016-09-22,2016-09-22,1,Bruno Roy
Bruno Saccomani,"Ambassador, Canada to Jordan and Iraq",2014-06-16,2015-01-14,2,Bruno Saccomani
Bruno Steinke,Senior Director,2011-10-27,2022-09-27,8,Bruno Steinke
Bryan Clow,"Director, Canada-U.S. Relations",2018-11-08,2018-11-08,1,Bryan Clow
Bryan Dalphy,Deputy Director,2019-06-19,2024-11-05,8,"Brian Dalphy, Bryan Dalphy"
Bryan Gray,Policy Advisor,2009-06-03,2014-06-26,4,"Brayan Gray, Bryan Gray"
Bryan Hayes,Member of Parliament,2011-06-22,2015-07-14,53,"Brian Hayes, Bryan Hayes, Bryan Hays"
Bryan Larkin,Deputy Commissioner,2023-04-11,2025-02-06,6,Bryan Larkin
Bryan Luck,Deputy Director,2022-06-29,2022-06-29,1,Bryan Luck
Bryan Macleod,Policy Advisor,2014-03-27,2015-05-27,12,"Brian McLeod, Bryan MacLed, Bryan MacLeod"
Bryan Mcleod,"Special Advisor, Policy",2014-02-05,2014-02-05,1,Bryan McLeod
Bryan P. Dalphy,Senior Industrial and Regional Benefits Manager,2010-10-25,2010-10-25,1,Bryan P. Dalphy
Bryan Rogers,"Director, QP",2018-05-29,2018-05-29,1,Bryan Rogers
Bryan Stephens,Senior Policy Advisor,2017-03-29,2022-01-24,9,"Bryan  Stephens, Bryan Stephens"
Bryan Tenasco-teixeira,Administrative Assistant,2024-04-17,2024-09-11,2,"Bryan Tenasco-Teixeira, Bryn Tenasco-Teixeira"
Bryan Tisch,Senior Environmental Scientist,2022-06-08,2023-06-14,3,Bryan Tisch
Bryon Wilfert,Member of Parliament,2010-10-05,2011-03-23,26,"Bryan Wilfert, Bryon Wilfert, Bryon Wilfret, Byron Wilfert, Hon. Bryon Wilfert, The Honourable Bryon Wilfert, P.C., M.P."
Bryana Rousselle,Indigenous Engagement Coordinator,2021-03-09,2021-03-09,1,Bryana Rousselle
Bryce Anderson,Senior Supervisor,2019-04-24,2019-04-24,1,Bryce Anderson
Bryce Conrad,Assistant Deputy Minister,2009-12-09,2011-06-08,10,Bryce Conrad
Bryce Mckay,Policy Advisor,2023-06-30,2023-07-06,2,"Bryce McKay, Bryce Mckay"
Bryce Mcrae,"Manager, Stakeholder Relations",2020-02-19,2025-03-05,211,"Bryce  McCrae, Bryce  McRae, Bryce  McRae , Bryce  McRea, Bryce McRae, Bryce McRea"
Bryce Murray,"Manager, Stakeholder Relations",2024-03-01,2024-03-01,1,Bryce Murray
Bryce Van Sluys,Acting Assignment,2023-03-14,2023-03-14,1,Bryce van Sluys
Bryce Vansluys,"Technical Leader, Energy Outlooks",2023-03-14,2023-03-14,1,Bryce VanSluys
Bryn De Chastelain,"Director, Operation and Planning",2025-01-31,2025-05-21,4,Bryn de Chastelain
Bryn Dechastelain,"Director, Operating and Planning",2025-02-24,2025-02-24,1,Bryn Dechastelain
Bryn Gray,Policy and Legal Advisor,2013-09-20,2015-06-22,21,"Bryn Gray, Bryn Grey"
Bryna Young,Policy Analyst,2018-12-19,2018-12-19,1,Bryna Young
Brys Stafford,Senior Implementation Officer,2024-09-04,2025-03-05,4,Brys Stafford
Bryson Perrin,Policy Analyst,2020-08-06,2021-07-20,2,Bryson Perrin
Buckley Belanger,"Secretary of State, Rural Development",2025-05-26,2025-05-30,3,Buckley Belanger
Bud Sambasivam,Policy Advisor,2018-10-12,2025-04-08,1054,"Bud  Sambasivam, Bud  Sambisavam, Bud Sambasiivam, Bud Sambasivam, Bud Sambasivam , Bud Sambasivan, Bud Sambassivam, Bud Sambisavam, Bud Sambisavan, Bud Sambisivan, Bud Simbasivam, Bud Sumbasivam, Bud sambasivam"
Bud Sambavisam,"Deputy Director, Deputy Prime Minister and Finance Minister",2019-03-13,2023-11-21,6,Bud Sambavisam
Bud Sambisivam,Senior Advisor,2020-04-12,2020-06-15,2,Bud Sambisivam
Bud Samvasian,Director of Policy,2022-01-21,2022-01-21,1,Bud Samvasian
Bugailiskis Alex,"Assistant Deputy Minister, Europe, Middle East and Maghreb",2016-03-10,2016-03-10,1,Bugailiskis Alex
Burce Stantion,Member of Parliament,2015-03-12,2015-03-12,1,Burce Stantion
Burnett John,Director of Policy,2017-03-23,2017-03-23,1,Burnett John
Burr Kristine,Assistant Deputy Minister,2010-10-27,2010-10-27,1,Burr Kristine
Burt Brwon,Senator,2010-11-03,2010-11-03,1,Burt Brwon
Burton Bailey,Member of Parliament,2025-05-29,2025-05-29,1,Burton Bailey
Burton Gustajtis,Statistician,2024-05-13,2024-05-13,1,Burton Gustajtis
Burton Mike,"Director, Operations",2019-11-26,2019-11-26,1,Burton Mike
Bushra Mir,Constituency and Planning Advisor,2024-01-25,2024-01-25,1,Bushra Mir
Butera Eloge,Principal Policy Advisor,2019-08-28,2019-08-28,1,Butera Eloge
Button Hanna,Director of Policy,2023-01-25,2023-01-25,1,Button Hanna
Buyi Zhu,Portfolio Manager,2017-03-20,2017-05-18,2,Buyi Zhu
Byrne Furlong,Press Secretary,2016-08-24,2018-07-18,4,Byrne Furlong
Byron Allin,Policy Advisor,2015-03-26,2015-03-26,1,Byron Allin
Byron Chassin De Kergommeaux,Director,2020-03-15,2020-03-15,1,Byron Chassin de Kergommeaux
Byron Nutton,Section Head,2023-09-27,2023-09-27,1,Byron Nutton
