CleanName_version3,CleanTitle_version3,first_appearance,last_appearance,count,dpoh_name_raw
E Souillar,Advisor,2017-05-26,2017-05-26,1,É Souillar
E Van Der Velden,Director,2017-12-08,2017-12-08,1,e van der velden
Elaine Hood,Director,2011-03-23,2024-11-05,90,"ELAINE HOOD, Eaine Hood, Elaine Hood"
Eamon Schwartz,Atlantic Regional Advisor,2022-11-15,2022-11-15,1,Eamon Schwartz
Eamonn Horan-lunney,Chief of Staff,2016-03-24,2023-08-23,19,"Eammonn Horan-Lunney, Eamon Horan-Lunney, Eamonn  Horan-Lunney, Eamonn  Horan-Lunney , Eamonn Horan-Lunney, Earmonn Horan-Lunney, eammon horan-lunney, eamonn Horan-Lunney"
Eamonn Horon-lunney,Legislative Assistant,2016-05-04,2016-05-04,1,Eamonn Horon-Lunney
Eamonn Mcginty,Advisor to Minister of the Environment,2022-02-03,2022-02-08,2,"Eamonn McGinty, eamonn mcginty"
Eamonn Mcguinty,Senior Policy Advisor,2022-01-18,2025-05-27,408,"Eamon McGuinty, Eamonn  McGuinty, Eamonn  McGuinty , Eamonn McGuinty, Eamonn McGuinty , Eamonn McGunity"
Eamonn Schwartz,"Policy Advisor, DEI",2023-02-02,2024-11-05,33,"Eamonn  Schwartz, Eamonn  Schwartz , Eamonn Schwartz, Eamonn Schwartz "
Earl Dreeshen,Member of Parliament,2009-01-09,2025-02-18,662,"EArl Dreeshen, Earl  Dreeshen, Earl Dreeschen, Earl Dreeshan, Earl Dreeshen, Earl Dreeshen Mp, Earl Dreishen, Earl Dresheen, Earl Dresshen, Mr Earl Dreeshen, Mr. Earl Dreeshen"
Earl Maynard,Director of Communications,2013-11-28,2014-12-01,10,Earl Maynard
Earl Nichol,"Director, Transport",2022-06-21,2024-04-19,5,Earl Nichol
Easter Wayne,Member of Parliament,2013-07-07,2013-07-07,1,Easter Wayne
Easton Jason,Chief of Staff,2022-05-19,2022-05-19,1,Easton Jason
Ebyan Ali,Legislative Assistant,2020-02-25,2020-02-25,1,Ebyan Ali
Ekateryna Nova,Regional Advisor,2018-02-15,2024-08-02,135," Ekateryna (Katya)  Nova, Ecateryna Nova, Ekataryna Nova, Ekateryna  Nova, Ekateryna  Nova , Ekateryna Nova"
Ed Belkaloul,"Manager, Standards and Performance, Eastern Regional Operations",2015-01-22,2015-01-22,1,Ed Belkaloul
Ed Crupi,"Senior Policy Advisor, Regulatory",2013-09-18,2016-06-07,4,"ED CRUPI, Ed Crupi"
Ed Dreeshan,Member of Parliament,2011-03-01,2024-05-23,2,"E. Dreeshen, Ed Dreeshan"
Ed Drover,Chair of the Board,2013-02-13,2013-02-13,1,Ed Drover
Ed Ed,Member of Parliament,2019-06-20,2019-06-20,1,Ed Ed
Ed Fast,Member of Parliament,2010-09-14,2025-03-19,790,"ED FAST, Ed  Fast, Ed Fast, Ed Fast , HON. ED FAST, Hon Ed Fast, Hon. Ed Fast, Honourable Ed Fast, Mr. Ed Fast, The Hon. Ed Fast, The Hon. Minister Ed Fast, P.C., M.P., The Honourable Ed Fast, The Honourable Ed Fast, P.C., M.P., ed Fast"
Ed Holder,Member of Parliament,2010-10-19,2015-07-15,205,"ED HOLDER, Ed Holder, Ed Holder, M.P., Ed Holder, MP, Hon. Ed Holder, Mr. Ed Holder, ed holder"
Ed Hutchinson,Press Secretary,2024-05-29,2024-05-29,3,"Ed Hutchinson, Ed Hutchinson "
Ed Jager,"Director, Real Property and Assets Management",2012-10-10,2024-04-30,3,Ed Jager
Ed Komarnicki,Member of Parliament,2008-08-06,2015-06-16,175,"E. Kormarnicki, ED KOMARNICKI, ED KORMANICKI, Ed Komarnecki, Ed Komarnicki, Ed Komarnikci, Ed Kormanecki, Ed Kormanicki, Ed Kormarnicki"
Ed Kormendy,"Regional Manager, Capital and Infrastructure Programs",2016-07-08,2016-07-08,1,Ed Kormendy
Ed Malota,"Director, Defence",2020-06-04,2020-06-04,1,Ed Malota
Ed Mcdonnell,Senior Mineral Economist,2014-10-03,2017-05-31,6,Ed McDonnell
Ed Morgan,Director General,2010-06-09,2024-10-22,22,"Ed  Morgan , Ed Morgan"
Ed Rawlinson,Senior Advisor,2018-03-23,2020-05-06,2,Ed Rawlinson
Ed Williams,Vice Chair,2013-10-02,2018-07-16,7,"Ed Willaims, Ed Williams"
Edanna Jones,Constituency Assistant,2024-10-02,2024-10-02,1,Edanna Jones
Eddie Bisson,Advisor,2023-06-01,2023-06-01,1,Eddie Bisson
Eddie Bissoon,Acting Development Officer,2024-11-13,2024-11-13,1,Eddie  Bissoon 
Eddie Rutanga,Acting Director,2016-09-02,2025-01-24,4,Eddie Rutanga
Eddy Chui,Director,2015-10-28,2024-04-12,12,"Eddie Chiu, Eddy Chiu, Eddy Chui"
Eddy Isaacs,Director General,2014-04-22,2014-11-20,2,Eddy Isaacs
Eddy Perez,"Senior Advisor, International Affairs",2023-01-30,2025-06-09,215,"Eddie  Perez , Eddie Perez, Eddy  Perez, Eddy  Pérez, Eddy EP Perez, Eddy Perez, Eddy Pérez"
Eden Barry,Senior Economist,2023-12-12,2024-02-08,4,"Eden Barry , eden barry"
Eden Thurston,Protected Areas Coordinator,2021-06-28,2021-06-28,1,Eden Thurston
Edison Stewart,Assistant Deputy Minister,2016-03-08,2016-03-08,1,Edison Stewart
Edith Gingras,Manager,2024-08-01,2024-08-01,1,Edith Gingras
Edith Laflamme,"Director, Trade Policy",2020-11-19,2020-11-19,1,Edith Laflamme
Edith Pedneault,Senior Communications Advisor,2024-02-21,2024-02-21,1,Edith  Pedneault
Edler Marques,Policy Advisor,2016-04-18,2018-02-12,2,Edler Marques
Edmond Bastiampillai,TCS Officer,2023-09-18,2024-10-10,2,Edmond Bastiampillai
Edmond D. Wega,Acting Director General,2009-09-25,2009-09-25,1,Edmond D. Wega
Edmond Wega,Senior Director,2015-11-17,2016-05-10,2,Edmond Wega
Edouard Asnong,Chairperson,2011-06-16,2011-06-16,1,Edouard Asnong
Edrianne-alexa Tumaneng,Junior Project Engineer,2024-05-24,2024-05-24,1,Edrianne-Alexa Tumaneng
Edsel Aytona,Trade Commissioner,2023-09-22,2023-09-22,1,Edsel Aytona
Eduard Blanquet Arago,Senior Advisor,2024-05-01,2024-05-22,3,Eduard Blanquet Arago
Edward Burrows,Policy Advisor,2019-01-09,2022-01-19,2,"Edward BURROWS, Edward Burrows"
Edward De Sousa,"Director General, Resource Management Directorate",2015-03-09,2015-03-09,1,Edward De Sousa
Edward Fast,"Minister, International Trade",2011-06-08,2024-11-26,107,"Edward Fast, Hon. Edward Fast, Hon. Edward Fast, P.C., M.P., The Honourable Edward Fast"
Edward Hutchinson,Press Secretary,2021-11-03,2024-06-06,6,"Edward Hutchinson, Edward Hutchison"
Edward Irving,Director,2023-11-23,2025-04-10,9,Edward Irving
Edward Komarnicki,Parliamentary Secretary,2010-09-22,2010-09-22,1,Edward Komarnicki
Edward Livingstone,Acting Assistant Deputy Minister,2019-02-15,2019-02-15,2,Edward Livingstone
Edward Malota,"Manager, Sector Analysis",2011-08-29,2013-07-24,2,Edward Malota
Edward Mcainsh,Senior Policy Analyst,2023-11-28,2023-11-28,1,Edward Mcainsh
Edward Rawlinson,"Director, Parliamentary Affairs",2016-04-13,2021-11-22,53,"Edward Rawlinson, Edward Rolinson"
Edward Sem,Staffer to Senator,2020-05-21,2020-05-21,1,Edward Sem
Edward Steeves,"Regional Vice President, Atlantic",2020-04-06,2023-08-03,2,Edward Steeves
Edward Straw,"Vice President, Corporate Financing",2009-02-03,2009-02-09,2,Edward Straw
Edward Trippel,Research Scientist,2022-11-30,2025-02-25,10,Edward Trippel
Edwards Gary,Tax Policy Officer,2016-10-28,2016-10-28,1,Edwards Gary
Edwige Affaa,Program Officer,2024-04-05,2024-04-05,1,Edwige Affaa
Edwin Holder,"Minister of State, Science and Technology",2014-10-14,2015-06-30,3,Edwin Holder
Edyta Dwojewska,Regional Program Development Team Leader,2024-06-13,2024-06-13,1,Edyta Dwojewska
Eesha Chaudhry,Intern,2022-11-18,2022-11-18,1,Eesha Chaudhry
Effie Panousos,Senior Policy Analyst,2023-04-21,2024-02-01,3,Effie Panousos
Effie Triantafilopoulos,Member of Parliament,2020-08-20,2020-08-20,1,Effie Triantafilopoulos
Ehren Corey,President and CEO,2021-01-15,2023-12-15,4,Ehren Corey
Ehren Cory,Chief Executive Officer,2020-11-26,2025-02-25,16,"Ehren Cory, Ethen Cory"
Ehsan Alavi,Special Assistant to Member of Parliament,2012-06-07,2012-06-07,1,Ehsan Alavi
Eiad El Fateh,Senior Policy Analyst,2021-04-23,2021-04-23,1,Eiad El Fateh
Eiad El-fateh,Director,2021-04-21,2021-04-21,1,Eiad El-Fateh
Eileen Boyd,Assistant Cabinet Secretary,2012-02-29,2012-02-29,1,Eileen Boyd
Eileen Clarkin,Senior Policy Advisor,2017-04-20,2017-04-20,1,Eileen Clarkin
Eileen Hinton,Communications Advisor,2019-03-20,2019-04-04,2,Eileen Hinton
Eileen Stewart,"Deputy Director, Cuba and Nicaragua",2024-05-10,2024-06-10,3,"Eileen  Stewart, Eileen Stewart"
Eilliam Kuchapski,Special Assistant,2009-11-24,2009-11-24,1,Eilliam Kuchapski
Eiman Zarrug,Executive Assistant,2018-01-22,2018-01-29,2,Eiman Zarrug
Elisabeth Briere,Member of Parliament,2020-02-04,2025-02-27,96,"Elisabeth Briere, Elisabeth Brière, Éisabeth Brière, Élisabeth Brière"
Eitan Waldman,Policy Analyst,2020-08-13,2023-10-31,11,Eitan Waldman
Ej Kenny,Commander,2022-11-08,2022-11-08,1,EJ Kenny
Ekaterina Stoica,"Senior Analyst, Secretariat",2022-10-31,2025-03-05,2,Ekaterina Stoica
Ekaternya Nova,Senior Policy Advisor,2023-11-21,2023-11-21,1,Ekaternya Nova
El Mehdi Haddou,Veterinary Officer,2018-10-24,2018-10-24,1,El Mehdi Haddou
Elaine Chong,Senior Advisor,2020-09-15,2021-06-16,9,"Elaina Chong, Elaine Chong"
Elaina Liang,Policy Analyst,2023-03-06,2025-05-12,6,Elaina Liang
Elaine Brown,"Director of Operations, Northeast Ontario Operations",2022-04-29,2022-04-29,1,Elaine Brown
Elaine Chatigny,Branch Head,2015-09-15,2018-06-07,14,"Elaine Chatigny, Elaine Chattigny, Élaine Chatigny"
Elaine Cote,Parliamentary Assistant,2023-11-08,2024-11-06,7," Élaine Côté, Elaine Cote, Élaine  Côté, Élaine Côté"
Elaine De Granpre,"Manager, Food and Nutrition Education",2015-01-16,2015-01-16,1,Elaine De Granpré
Elaine Feldman,President,2008-09-24,2013-03-06,49,Elaine Feldman
Elaine Furie,Constituency Assistant,2018-12-17,2018-12-17,1,Elaine Furie
Elaine Mccoy,Senator,2009-03-06,2020-02-25,71,"ELAINE McCoy, Elaine McCoy, Elaine Mccoy"
Elaine Michaud,Member of Parliament,2011-10-03,2015-07-14,35,"Elaine Michaud, Eleaine Michaud, ÉLAINE MICHAUD, Élaine Michaud"
Elaine Nixon,Chief of Operations,2022-12-01,2022-12-01,1,Elaine Nixon
Elaine Saunders,"Manager, Licensing, MMPR",2015-08-20,2015-08-20,1,Elaine Saunders
Elaine Wong,Senior Scientific Evaluator,2021-01-14,2021-01-14,1,Elaine Wong
Elan Harper,Policy Advisor,2024-01-10,2025-03-10,159,"Elan  Harper, Elan  Harper , Elan Harper, Elan Harper , Elana Harper"
Elana Cherry,"Associate Director, GIVD, TPD",2014-06-04,2014-06-04,1,Elana Cherry
Elana Mitchell,Special Regional Assistant to the Minister,2021-02-18,2021-02-18,1,Elana Mitchell
Elana Pal,Senior Officer,2016-11-09,2016-11-09,1,Elana Pal
Elder Bains,Chief of Staff,2016-02-04,2016-02-04,1,Elder Bains
Elder Marques,Chief of Staff,2016-01-11,2020-09-16,397,"Elden Marques, Elder C. Marques, Elder Marques, Elders Marques, elder marques"
Elder Marquez,Senior Advisor,2016-02-08,2019-03-27,8,"Elder Maques, Elder Marquez"
Eldon Holder,Director,2021-03-19,2021-03-19,1,Eldon Holder
Eleanor Catenaro,Press Secretary,2018-10-16,2018-10-16,1,Eleanor Catenaro
Eleanor Haine-bennett,Program Officer,2020-10-22,2020-10-22,1,Eleanor Haine-Bennett
Eleanor Hornback,Senior Policy Advisor,2024-06-05,2024-06-05,1,Eleanor Hornback
Eleanor Hughes,Director of Policy,2021-12-16,2023-03-21,7,Eleanor Hughes
Eleanor Hugues,Senior Advisor,2022-03-02,2022-03-02,1,Eleanor Hugues
Eleanor Johnston,Senior Special Assistant,2009-05-12,2010-03-30,5,"ELEANOR JOHNSTON, Eleanor Johnston"
Eleanor Ryan,"Senior Chief, Structural Initiatives",2008-07-21,2022-10-18,33,Eleanor Ryan
Eleanor Toews,Manager,2021-02-24,2021-06-29,3,Eleanor Toews
Eleanore Catenaro,Director of Communications,2014-10-06,2020-06-12,2,Eleanore Catenaro
Elena Humeniuk,Program Manager,2019-03-22,2019-04-16,2,Elena Humeniuk
Elena Lungu,Manager,2015-07-29,2020-12-09,2,Elena Lungu
Elena Milicevic,Policy Analyst,2019-05-01,2019-05-01,1,Elena Milicevic
Elena Mitchell,Senior Operations Manager,2020-04-09,2025-05-15,37,"Elena Mitchel, Elena Mitchell"
Elena Pierce,Acting Manager,2023-08-29,2023-08-29,1,Elena Pierce
Eleonora Di Salvo,"Manager, Alcohol Policy",2022-10-28,2022-10-28,1,Eleonora  Di Salvo
Eleonore Rupprecht,Trade Commissioner,2024-08-28,2025-03-28,4,Eleonore Rupprecht
Eli Ahsassi,Member of Parliament,2016-05-02,2023-10-18,2,"Eli  Ehassi, Eli Ahsassi"
Eli Arkin,Senior Environmental Advisor,2024-02-21,2024-02-21,1,Eli Arkin
Eli Kallab,"Policy Advisor, Stakeholder Relations",2023-07-05,2023-07-05,1,Eli Kallab
Elie Salibi,Policy Advisor,2008-11-17,2013-12-12,128,"ELIE SALIBI, Eli Salibi, Elie Salebi, Elie Salibi, Ely Salibi"
Eli Schuster,Communications Advisor,2008-11-27,2008-11-27,1,Eli Schuster
Elias Abourizk,"Director, Policy and Negotiations",2018-08-24,2024-10-03,13,Elias Abourizk
Elias Collette,Director General,2023-09-28,2023-09-28,1,Elias Collette
Elias Nelson,Senior Advisor,2019-03-28,2020-12-02,6,Elias Nelson
Elias Rafoul,"Vice President, Accreditation Services",2019-05-09,2019-05-09,1,Elias Rafoul
Elie Kallab,Director of Policy,2023-02-17,2025-01-16,60,"Elie  Kabab , Elie  Kallab, Elie Kallab, Elie Kallab, , Elie kallab"
Elin Miller,Senior Policy Analyst,2018-05-01,2020-05-19,2,Elin Miller
Eline Hu,"Advisor, Parliamentary Affairs",2019-04-02,2019-04-09,5,"Eline HU, Eline Hu, Éline Hu"
Elinor Mcnamee,Specialist,2020-05-19,2020-05-19,1,Elinor McNamee
Eliot Bergeron,Communications Assistant,2025-01-16,2025-01-16,1,Eliot Bergeron
Elliot Hughes,Policy Advisor,2015-12-18,2019-04-18,447,"ELLIOT HUGHES, Eliot Hughes, Elliot Hugh, Elliot Hughes, Elliot Hugues, Elliott Hughes, Elliott Hugues"
Eliot Phillipson,President,2009-03-23,2009-03-23,1,Eliot Phillipson
Elisa Kaltcheva,Senior Desk Officer,2015-11-24,2015-11-24,1,Elisa Kaltcheva
Elisa Lieff,Senior General Counsel,2012-01-18,2012-01-18,1,Elisa Lieff
Elisa Mayhew,Assistant Comptroller General,2014-10-29,2014-10-29,1,Elisa Mayhew
Elisabeth Anctil,Senior Development Officer,2023-10-03,2023-10-03,1,Elisabeth  Anctil 
Elisabeth Bertrand,Acting Executive Director,2014-10-03,2019-05-08,3,Elisabeth Bertrand
Elisabeth Chatillon,Assistant Deputy Minister,2009-04-09,2009-04-09,1,Élisabeth Châtillon
Elisabeth D'amours,Policy Advisor,2021-03-01,2025-05-15,209,"Elisabeth  d'Amours, Elisabeth D'Amours, Elisabeth d'Amours, Elisabeth d'Amours , Elisabeth d'Armours, Élisabeth  D’Amour, Élisabeth  d'Amours, Élisabeth D'Amours"
Elisabeth Eid,Assistant Deputy Minister,2020-11-15,2020-11-27,2,Elisabeth Eid
Elisabeth Humphrey,Analyst,2020-05-19,2020-05-19,1,Elisabeth Humphrey
Elisabeth Huot,Trade Policy Officer,2025-05-14,2025-05-14,1,Elisabeth Huot
Elisabeth Lander,Associate Director,2019-02-04,2019-02-04,1,Elisabeth Lander
Elisabeth Lang,"Superintendent, OSB",2022-10-14,2022-10-14,1,Elisabeth Lang
Elisabeth Lecoursiere,"Director, Outreach and Marketing",2019-07-03,2020-02-04,2,"Elisabeth Lecoursiere, Elizabeth Lacoursiere"
Elisabeth Paul,Chief of Staff | Executive Assistant to the Minister,2023-11-09,2023-11-09,1,Elisabeth Paul
Elisabetta Kerr,"Analyst and Economist, Indigenous Policy and Northern Division",2024-10-04,2024-10-04,1,Elisabetta Kerr
Elisapee Sheutiatik,"Director, Regional Affairs",2012-12-12,2012-12-12,1,Elisapee Sheutiatik
Elise Boisjoly,Assistant Deputy Minister,2019-07-05,2021-06-18,5,"Elise Boisjoly, Élise Boisjoly"
Elise Lacaille,Policy Analyst,2025-01-13,2025-01-14,2,Elise Lacaille
Elise Laiolino,Special Assistant,2018-05-22,2018-05-22,1,Elise Laiolino
Elise Lavigne,"Director, National Programs, Fisheries Resource Management",2019-11-27,2021-05-14,2,Elise Lavigne
Elise Maiolino,Senior Gender and Diversity Advisor,2018-04-05,2021-06-11,39,Elise Maiolino
Elise Racine,Senior Policy Analyst,2014-03-20,2014-03-20,1,Elise Racine
Elise Renaud,Director,2023-05-19,2024-11-19,5,"Elise  Renaud, Elise Renaud"
Elise Saint-martin,Executive Assistant,2018-11-22,2018-11-22,1,Élise Saint-Martin
Elise Wagner,Director of Policy,2019-01-08,2024-06-25,159,"Elise  Wagner, Elise Wagner"
Elise Wiebe,Member of Parliament,2024-02-28,2024-02-28,1,Elise Wiebe
Elisha Ram,Associate Assistant Deputy Minister,2008-11-12,2024-05-21,72,Elisha Ram
Elissa Golberg,Assistant Deputy Minister,2011-07-28,2024-12-19,87,"Elisa Golberg, Elissa A Golberg, Elissa Golberg, Elissa Goldberg, Eliza Goldberg"
Elissa Golbert,Director General,2011-07-28,2011-07-28,1,Elissa Golbert
Elissa Tilley,"Regional Director, Communications – Atlantic Region",2015-06-15,2015-06-15,1,Elissa Tilley
Eliza Ngai,Metallurgical Engineer,2022-07-02,2022-07-02,1,Eliza Ngai
Elizabeth Allen,Deputy Director,2020-06-09,2022-10-07,3,"Elizabeth  Allen, Elizabeth Allen"
Elizabeth Anderson,Senior Special Assistant,2018-01-18,2024-02-07,99,"Elizabeth  Anderson, Elizabeth Anderson"
Elizabeth Arsenault,Atlantic Desk,2017-05-18,2025-02-24,111,"Elizabeth  Arsenault, Elizabeth  Arsenault , Elizabeth  Arseneault , Elizabeth Arsenault, Elizabeth Arsenault , Elizabeth Arseneault"
Elizabeth Atkinson,Senior Policy Manager,2021-09-21,2021-09-21,1,Elizabeth Atkinson
Elizabeth Barker,Vice Chair,2017-09-14,2019-12-05,3,Elizabeth Barker
Elizabeth Baxter,Economic Advisor,2022-09-07,2024-10-31,3,Elizabeth Baxter
Elizabeth Beckett,Director,2017-10-17,2025-04-04,9,"Elizabeth  Beckett, Elizabeth Beckett"
Elizabeth Boston,"Director, Mathematical, Environmental and Physical Division",2019-03-21,2019-03-21,1,Elizabeth Boston
Elizabeth Brandon-williams,Project Manager,2019-04-10,2019-04-10,1,Elizabeth Brandon-Williams
Elizabeth Briere,Parliamentary Secretary,2020-02-04,2024-11-20,3,"Elizabeth Brière, elizabeth Brière , Élizabeth Brière"
Elizabeth Cabrera,"Special Assistant, Policy",2008-08-26,2009-12-16,4,Elizabeth Cabrera
Elizabeth Cahill,Senior Policy Analyst,2013-09-25,2013-09-25,1,Elizabeth Cahill
Elizabeth Campbell,Parliamentary Assistant,2020-10-13,2023-07-11,3,"Elizabeth  Campbell, Elizabeth Campbell"
Elizabeth Casuga,Director,2009-07-14,2023-10-16,4,Elizabeth Casuga
Elizabeth Chalmers,Director,2025-05-26,2025-05-26,1,Elizabeth  Chalmers
Elizabeth Champoux,Chief of Staff,2022-03-04,2022-03-04,1,Elizabeth Champoux
Elizabeth Cheesbrough,Director of Policy,2012-11-22,2024-07-17,89,"Elizabeth  Cheesbrough, Elizabeth  Cheesbrough , Elizabeth Cheesborough, Elizabeth Cheesbrough, Elizabeth Cheesbrough,, Elizabeth Chessbrough, elizabeth Cheesbrough"
Elizabeth Cheesebrough,Senior Policy Advisor,2019-04-23,2019-04-23,1,Elizabeth Cheesebrough
Elizabeth Clark,Director General,2024-09-23,2024-09-23,1,Elizabeth Clark
Elizabeth Clarke,Deputy Director,2014-11-07,2024-11-20,8,"Elizabeth  Clarke , Elizabeth Clarke"
Elizabeth D'amours,Director of Policy,2022-01-06,2022-01-07,2,Elizabeth D'Amours
Elizabeth Davidson,Director of Communications,2022-09-27,2022-09-27,1,Elizabeth Davidson
Elizabeth Daylor,Director,2024-03-14,2024-03-14,1,Elizabeth Daylor
Elizabeth Denham,Assistant Privacy Commissioner,2008-07-10,2010-04-28,32,Elizabeth Denham
Elizabeth Dodds,Chief of Staff,2009-02-02,2009-03-03,3,Elizabeth Dodds
Elizabeth Douglas,Director General,2018-03-21,2018-11-29,3,Elizabeth Douglas
Elizabeth Dowdeswell,Lieutenant Governor,2023-11-02,2023-11-02,1,Elizabeth Dowdeswell
Elizabeth Drent,Acting Deputy Director,2014-03-09,2014-03-12,4,Elizabeth Drent
Elizabeth Duncan,Commissioner,2012-02-27,2014-03-05,2,Elizabeth Duncan
Elizabeth Dussault,Manager,2020-12-11,2021-04-08,3,Elizabeth Dussault
Elizabeth Edmondson,"Policy Analyst, Oceans and Fisheries Policy",2017-08-17,2017-08-17,1,Elizabeth Edmondson
Elizabeth Edmonson,Policy Advisor,2024-05-23,2024-05-23,1,Elizabeth  Edmonson
Elizabeth Edwards,Constituency Assistant,2017-05-11,2017-05-11,2,Elizabeth Edwards
Elizabeth Eve,Program Officer,2013-01-09,2013-01-09,1,Elizabeth Eve
Elizabeth Faure,Administrative Assistant,2012-02-15,2012-02-15,2,Elizabeth Faure
Elizabeth Foster,Associate Assistant Deputy Minister,2020-02-25,2023-03-29,10,Elizabeth Foster
Elizabeth Frangos,Constituency Assistant,2022-04-25,2022-04-25,1,Elizabeth Frangos
Elizabeth Gill,"Acting Director, Quebec",2023-07-14,2023-07-14,1,Elizabeth Gill
Elizabeth Hardy,"Project Leader, Behavioural Insights and Policy Innovation",2018-04-05,2018-04-05,1,Elizabeth Hardy
Elizabeth Hendy,Director General,2023-06-15,2023-06-15,1,Elizabeth Hendy
Elizabeth Hubley,Senator,2011-03-08,2017-02-09,29,"Elizabeth Hubley, The Hon. Elizabeth Hubley, elisabeth hubley"
Elizabeth Kaminsky,Policy Analyst,2024-04-10,2024-08-09,2,"Elizabeth  Kaminsky, Elizabeth Kaminsky"
Elizabeth Kennedy,Director,2021-09-28,2024-09-13,2,Elizabeth Kennedy
Elizabeth King,Manager,2023-11-15,2023-11-15,1,Elizabeth King
Elizabeth Lang,Director General,2013-11-01,2013-11-01,1,Elizabeth Lang
Elizabeth Lefrancois,Senior Policy Analyst,2011-05-11,2011-05-11,1,Elizabeth Lefrancois
Elizabeth Macdonald,Regional Advisor,2023-09-13,2023-09-21,2,"Elizabeth MacDonald, Elizabeth MacDonald "
Elizabeth Mackinnon,Director,2021-08-05,2024-02-15,4,"Elizabeth MacKinnon, Elizabeth Mackinnon"
Elizabeth Macpherson,Chairperson,2008-12-10,2011-06-08,2,Elizabeth MacPherson
Elizabeth Marshall,Senator,2010-03-16,2024-10-08,142,"ELIZABETH MARSHAL, Elizabeth (Beth) Marshall, Elizabeth Marshal, Elizabeth Marshall, The Hon. Elizabeth Marshall, The Honourable Elizabeth Marshall"
Elizabeth May,Member of Parliament,2010-09-28,2025-06-04,792,"ELIZABETH MAY, ELizabeth May, Eizabeth May, Elisabeth May, Elizabeh May, Elizabeth   May, Elizabeth  May , Elizabeth Mary, Elizabeth May, Elizabeth May`, Elizebeth May, Hon. Elizabeth May, Ms. Elizabeth May, The Hon. Elizabeth May, elizabeth may"
Elizabeth Mccann,Senior Policy Analyst,2020-10-26,2020-10-26,1,Elizabeth McCann
Elizabeth Moore,"Manager, Dementia Policy Unit",2017-09-19,2024-02-06,8,Elizabeth Moore
Elizabeth Murphy,Policy Advisor,2012-11-27,2014-10-07,16,Elizabeth Murphy
Elizabeth Normandeau-bertrand,"Special Assistant, Issues and Communications",2022-11-08,2023-05-02,2,"Elizabeth  Normandeau-Bertrand, Elizabeth Normandeau-Bertrand"
Elizabeth Orton,Assistant Director,2010-10-07,2022-06-21,3,Elizabeth Orton
Elizabeth Palmer,Staffer,2014-09-26,2014-09-26,1,Elizabeth Palmer
Elizabeth Quenville,Manager,2023-08-29,2023-09-06,2,Elizabeth Quenville
Elizabeth Reid,"Consul and Senior Trade Commissioner, Canada, Atlanta",2025-04-08,2025-04-08,1,Elizabeth Reid
Elizabeth Rhodenizer,Chief Information Officer,2018-11-14,2019-05-01,2,Elizabeth Rhodenizer
Elizabeth Richards,Senior Policy Officer,2021-03-01,2021-11-23,3,Elizabeth Richards
Elizabeth Robertson,Scheduler,2023-04-25,2023-04-25,1,Elizabeth  Robertson
Elizabeth Seale,Senior Policy Manager,2023-07-06,2023-07-06,1,Elizabeth Seale
Elizabeth Seibel,Policy Analyst,2022-12-05,2022-12-05,1,Elizabeth Seibel
Elizabeth Seymour,Staffer,2014-02-04,2015-01-27,3,Elizabeth Seymour
Elizabeth Smalley,"Director, Strategic Planning and Integration",2022-04-22,2024-06-21,7,"Elizabeth  Smalley, Elizabeth Smalley, elizabeth Smalley"
Elizabeth Steele,"Deputy Chief of Staff, MAT",2012-08-27,2013-01-16,2,Elizabeth Steele
Elizabeth Svyatnenko,Policy Analyst,2023-10-13,2023-10-13,1,Elizabeth Svyatnenko
Elizabeth Toller,"Director, Strategic Horizontal Policy Division",2016-12-19,2025-03-04,10,"Elizabeth  Toller, Elizabeth Toller, elizabeth toller"
Elizabeth Troller,"Director General, Health Care Strategies",2024-10-01,2024-10-01,1,Elizabeth Troller
Elizabeth Tromp,Senior Assistant Deputy Minister,2012-10-02,2014-08-12,5,Elizabeth Tromp
Elizabeth Tudor-bezies,Officer,2024-01-15,2024-01-15,1,Elizabeth Tudor-Bezies
Elizabeth Van Allen,"Assistant Deputy Minister, Infrastructure and Environment",2018-01-15,2018-03-14,4,Elizabeth Van Allen
Elizabeth Wademan,President and CEO,2023-08-17,2023-08-17,1,Elizabeth Wademan
Elizabeth Walsh,Fellow,2021-05-06,2021-05-06,1,Elizabeth Walsh
Elizabeth Werszko,Senior Analyst,2024-06-03,2024-06-04,2,Elizabeth Werszko
Elizabeth White-senack,Policy Analyst,2023-05-30,2024-04-17,2,Elizabeth White-Senack
Elizabeth Williams,"Ambassador of Canada to Costa Rica, Honduras and Nicaragua",2018-01-15,2023-09-08,5,Elizabeth Williams
Elizabeth Wong,Policy Advisor,2023-10-04,2025-01-08,39,"Elizabeth  Wong, Elizabeth  Wong , Elizabeth Wong, elizabeth wong"
Elizabeth Young,Deputy Chief Information Officer,2023-05-15,2023-08-03,2,Elizabeth Young
Elizibeth Lander,Assistant Manager,2014-09-10,2014-09-10,1,Elizibeth Lander
Ella Alvarado De Catleugh,Intern,2024-07-22,2024-07-22,1,Ella Alvarado De Catleugh 
Ella Clarke,Staffer,2023-10-24,2024-10-10,8,"Ella  Clarke, Ella  Clarke , Ella Clarke"
Ella Harvey,Intern,2019-05-06,2019-05-06,1,Ella Harvey
Ellan Burack,"Director General, Environmental Policy",2017-10-11,2017-10-11,1,Ellan Burack
Ellie Kallab,Policy and Stakeholder Relations,2023-04-24,2023-12-20,3,"Elle Kallab, Ellie Kallab"
Ellen Barry,Director,2023-11-28,2023-11-28,1,Ellen Barry
Ellen Bertrand,"Vice President, Communications",2013-01-16,2013-01-16,1,Ellen Bertrand
Ellen Birnbaum,Senior Policy Advisor,2017-02-07,2020-08-20,3,Ellen Birnbaum
Ellen Burack,Assistant Deputy Minister,2016-08-08,2021-02-19,29,Ellen Burack
Ellen Creighton,Officer,2019-08-13,2019-08-13,1,Ellen Creighton
Ellen Desmond,"Commissioner, Atlantic Region and Nunavut",2024-05-07,2025-05-15,6,"Ellen  Desmond, Ellen Desmond"
Ellen Dillabough,Senior Advisor,2011-07-26,2023-12-15,8,Ellen Dillabough
Ellen Dunbar,Parliamentary Secretary Assistant,2014-11-18,2015-05-12,5,Ellen Dunbar
Ellen Galupo,Senior Advisor,2019-02-20,2024-12-04,86,"Ellen  Galupo, Ellen  Galupo , Ellen Galupo, Ellen Galupo "
Ellen Guopo,Special Advisor,2020-09-30,2020-09-30,1,Ellen Guopo
Ellen Handyside,Technical Advisor,2021-03-02,2021-03-02,1,Ellen Handyside
Ellen Healey,Director,2013-07-10,2014-04-22,2,Ellen Healey
Ellen Hols,Director of Operations,2015-08-06,2019-02-12,5,Ellen Hols
Ellen Kudnick,Policy Advisor,2021-05-12,2021-05-12,1,Ellen Kudnick
Ellen Kuschnik,"Director, Parliamentary Affairs",2016-01-28,2023-06-23,20,"Ellen  Kuschnik, Ellen  Kuschnik , Ellen Kuschnik"
Ellen Maier,Policy and Regional Affairs Advisor,2014-03-06,2014-06-13,2,Ellen Maier
Ellen Mair,Senior Policy Advisor,2013-12-10,2013-12-10,1,Ellen Mair
Ellen Ruth Zeisler,Consul | Senior Trade Commissioner,2011-06-14,2011-06-14,1,Ellen Ruth Zeisler
Ellen Walker,Planning and Coordination Officer,2019-01-18,2019-01-18,1,Ellen Walker
Ellen Wiltsie Brown,Counsel,2023-06-22,2023-08-01,2,"Ellen Wiltsie Brown, Ellen Wiltsie-Brown"
Elli Carton,Engineer,2024-10-17,2024-10-17,1,Elli Carton
Ellie Farahani,Research Manager,2022-07-28,2022-07-28,1,Ellie Farahani
Ellie Haine,Policy Analyst,2023-07-19,2023-07-19,1,Ellie Haine
Ellie Kozak,Senior Communications Advisor,2024-03-18,2024-11-18,4,"Ellie Kozac, Ellie Kozak"
Elliot Hewitt,Manager,2016-10-20,2025-02-18,16,"Eliott Hewitt, Elliot Hewitt, Elliott Hewitt"
Elliot Lockhampton,Policy Advisor,2018-03-14,2018-03-14,1,Elliot Lockhampton
Elliot Lockington,Special Advisor,2016-07-07,2024-09-11,41,"Elliot  Lockington, Elliot Lockington"
Elliott Lockington,Chief of Staff,2016-03-16,2024-12-23,289,"Eliott Lockington, Elliott  Lockington, Elliott  Lockington , Elliott Lockington, Elliott Lockington "
Elliott Walkington,Policy Advisor to the Minister of Heritage,2016-06-01,2016-06-01,1,Elliott Walkington
Ellis Karen,President,2013-11-07,2013-11-07,1,Ellis Karen
Ellis Neil,Member of Parliament,2020-01-30,2020-01-30,1,Ellis Neil
Ellis Ross,Member of Parliament,2022-10-04,2022-10-04,1,Ellis Ross
Elodie Lavisse,Economic Development Advisor,2024-06-19,2024-06-19,1,Elodie Lavisse
Elodie Millette,SIMA Compliance Officer,2024-09-27,2024-09-27,1,Elodie Millette
Eloge Butera,Policy Advisor,2016-02-03,2024-06-06,110,"Eloge  Butera, Eloge Butera, Elogue Butera, Éloge  Butera, Éloge  Butera , Éloge Butera"
Eloge Buttera,Staffer to Minister of Public Safety,2016-02-09,2016-08-23,2,Eloge Buttera
Eloge C. Butera,Policy Advisor and Liaison to the Parliamentary Secretary,2016-06-27,2016-06-27,1,Éloge C. Butera
Elpiniki Karalis,"Manager, Programs Unit",2013-06-06,2024-10-29,2,Elpiniki Karalis
Elsa Dacosta,Director of Performance Audits,2021-05-20,2021-12-03,2,Elsa DaCosta
Elsa Josepha Niyongabo,Executive Assistant,2022-11-14,2022-11-14,1,Elsa Josepha Niyongabo
Elsie Maiolino,Special Assistant,2019-01-29,2019-02-26,2,"Elsie Maiolino, Elyse Maiolino"
Elsie Wagner,Special Assistant,2020-03-24,2020-03-24,1,Elsie Wagner
Elson Deborah,Senior Policy Advisor,2016-08-10,2016-08-10,1,Elson Deborah
Elspeth Burris,Staffer to Senator,2019-03-20,2019-03-20,1,Elspeth Burris
Elton Pantoja,Trade Commissioner,2022-07-26,2022-07-27,2,Elton Pantoja
Elton Toma,Senior Engineer,2022-07-05,2022-07-05,1,Dr. Elton Toma 
Elvanee Veeramalay,Stakeholder Relations Advisor,2016-09-28,2019-06-25,44,"Elevanee Veeramalay, Elvanee Veeramalay, Elvanee Veeramaly, Elvanee Veermalay, Elvanee Veramalay, Elvanee Verramalay"
Elwin Hermanson,Chief Commissioner,2008-07-03,2012-04-01,5,"Elwin Hermannson, Elwin Hermanson"
Elwyn Griffith,"Director General, Biologics Therapies Directorate",2010-01-12,2010-01-12,1,Elwyn Griffith
Elyas Irfani,"Director, Asia",2013-01-11,2013-01-11,1,Elyas Irfani
Elyse Banham,"Special Assistant, Ontario Desk",2016-04-26,2017-02-15,6,Elyse Banham
Elyse Jackson,Policy Advisor,2014-02-03,2015-05-27,5,Elyse Jackson
Elyse Moisan,Advisor for Quebec,2024-09-19,2025-05-29,29,"Elyse Moisan, Élyse Moisan"
Elyse Newbert,Senior Special Assistant,2009-02-17,2015-01-13,8,Elyse Newbert
Elysse Danson,Executive Assistant,2017-01-27,2021-03-31,7,Elysse Danson
Emalie Watt,Parliamentary Assistant,2023-10-24,2023-10-30,2,Emalie Watt
Emanuela Fedele,Policy Manager,2018-07-27,2018-07-27,1,Emanuela Fedele
Eme Onuoha,Managing Director,2023-05-02,2023-05-02,1,Eme Onuoha
Emelyana Titarenko,Press Secretary,2021-07-19,2024-12-09,17,"Emelyana Titarenko, emelyana titarenko"
Emerson Vandenberg,Director of Policy,2016-02-25,2024-06-18,620,"Emerson  Vandeberg, Emerson  Vandenberg, Emerson  Vandenberg , Emerson  Vanderberg, Emerson Vadenberg, Emerson Vadenburg, Emerson Vandenberg, Emerson Vandenburg, Emerson Vanderberg, Emerson Vanderburgh, Emerson Vendenberg, Emmerson Vandenberg, Emmerson Vandenburg"
Emersonvandenberg Vandenberg,Director of Policy,2022-11-20,2022-11-20,1,EmersonVandenberg Vandenberg
Emery Belanc,Political Advisor,2015-11-17,2016-03-31,2,"Emery Bélanc, Émery Bland"
Emery Beland,Constituency Assistant,2016-04-13,2017-01-11,15,"Emery Béland, Émery Béland"
Emiel Van Der Velden,"Director, Insurance",2015-02-19,2025-02-06,15,"Emiel Van Der Velden, Emiel van der Velden, emiel van der velden"
Emil Al-kadi,Program Officer,2023-02-07,2023-02-07,1,Emil Al-Kadi
Emil Lamontagne,Executive Assistant to the Chief of Staff,2021-02-08,2024-04-25,4,"Emil Lamontagne, Émil  Lamontagne, Émil Lamontagne"
Emil Savov,"Advisor, Industrial Technology",2018-10-25,2018-10-25,1,Emil Savov
Emilie Grenier,Policy and Stakeholder Relations Officer,2012-07-19,2017-01-27,9,"Emilie Grenier, Émile Grenier, Émilie Grenier"
Emile Rochon,Sector Development Officer,2009-03-09,2009-03-09,1,Emile Rochon
Emilea Chapman,Policy Analyst,2022-03-10,2022-03-10,1,Emilea Chapman
Emilia Ordolis,Senior Policy Analyst,2019-01-18,2019-01-18,1,Emilia Ordolis
Emilia Warriner,"Director, Aviation Security Policy",2015-03-11,2015-03-11,1,Emilia Warriner
Emilie Audy,Policy Advisor,2018-05-04,2019-06-25,26,"Emilie Aude, Emilie Audy, Émilie Audy"
Emilie Boily,Parliamentary Secretary,2023-10-19,2023-10-19,1,Emilie Boily
Emilie Gagne,Constituency Assistant,2017-10-26,2017-11-17,3,Émilie Gagné
Emilie Gauduchon,Press Secretary,2017-07-20,2017-07-20,1,Emilie Gauduchon
Emilie Gauduchon-campbell,Press Secretary,2018-02-07,2018-02-07,1,Émilie Gauduchon-Campbell
Emilie Gelinas,Director,2017-07-26,2021-03-15,7,Emilie Gelinas
Emilie Milroy,"Deputy Director, Humanitarian Assistance, Early Recovery and Reconstruction",2025-04-02,2025-04-02,1,Emilie Milroy
Emilie Morin,Senior Program Advisor,2021-06-15,2021-06-15,1,Emilie Morin
Emilie Rene,"Manager, Partnership and Stakeholder Literacy",2018-06-21,2018-06-21,1,Emilie René
Emilie Simard,"Advisor, Issues",2018-08-27,2024-11-25,31,"Emilie Simard, Émilie Simard"
Emilie Soucy,Administrative Assistant,2018-07-06,2021-03-19,4,Émilie Soucy
Emilie Tougas,Senior Advisor,2021-05-31,2021-07-27,2,Emilie Tougas
Emiliie Simard,"Director, Communications",2020-03-18,2020-03-18,1,Émiliie Simard
Emilija Charest,Senior Advisor,2013-11-29,2013-11-29,1,Emilija Charest
Emillie Audy,Special Assistant,2017-11-29,2017-11-29,2,Emillie Audy
Emily Akalu,"Deputy Director, Ethiopia and Sudan Development Desk",2024-11-15,2025-04-25,2,Emily Akalu
Emily Audy,"Special Assistant, Quebec Office",2018-01-18,2018-01-18,5,"Emily Audy, Émily Audy"
Emily Bates,Deputy Director,2023-12-18,2025-03-21,5,"Emily  Bates, Emily Bates"
Emily Clarkson,Analyst,2024-04-09,2024-12-09,4,Emily Clarkson
Emily Cronin,Manager,2018-05-17,2018-05-17,1,Emily Cronin
Emily Desrochers,"Advisor, Issues Management and Parliamentary Affairs",2023-03-30,2023-11-07,2,Emily Desrochers
Emily Fearon,"Acting Assistant, Office of the Leader",2020-07-21,2020-07-21,1,Emily Fearon
Emily Felisatti,"Head, Cosmetics Unit",2021-11-24,2021-11-24,1,Emily Felisatti
Emily Gale,Parliamentary Secretary's Assistant,2020-01-28,2020-09-10,9,Emily Gale
Emily Gibson,Junior Analyst,2022-07-21,2022-07-21,1,Emily Gibson
Emily Gilmour,Stakeholder Relations,2022-05-31,2022-05-31,1,Emily Gilmour
Emily Gilroy,Stakeholder Relations Advisor,2020-11-25,2022-07-27,44,"Emily  Gilroy, Emily Gilroy"
Emily Gordon,Policy Advisor,2021-05-26,2021-05-26,1,Emily Gordon
Emily Goucher,Director of Communications,2014-02-13,2014-02-13,1,Emily Goucher
Emily Grant,Special Assistant to the Minister,2020-08-25,2025-02-03,23,Emily Grant
Emily Gregus,Policy Analyst,2024-05-21,2024-05-21,1,Emily Gregus
Emily Griffiths,Subject Matter Specialist | Technical Specialist,2017-06-09,2022-08-17,4,Emily Griffiths
Emily Hachmer,Research Analyst,2024-10-30,2024-10-30,1,Emily Hachmer
Emily Haji,Senior Trade Advisor,2023-09-22,2023-09-22,1,Emily Haji
Emily Harris,Assistant to the Parliamentary Secretary,2016-05-31,2016-06-01,2,Emily Harris
Emily Harrison,Acting Vice President,2018-10-23,2018-10-23,1,Emily Harrison
Emily Hartman,Director of Policy,2020-06-09,2025-03-27,147,"Emily  Hartman, Emily  Hartman , Emily Hartman, Emily Hartman , Ms. Emily Hartman"
Emily Hartmann,Policy Analyst,2024-04-10,2024-12-04,2,Emily Hartmann
Emily Heffernan,"Deputy Director, Communications",2018-02-15,2023-05-21,11,"Emily Heffernan, emily heffernan"
Emily Hillstrom,Communications Officer,2016-04-07,2016-04-07,1,Emily Hillstrom
Emily Hillstron,Press Secretary,2017-01-24,2017-01-24,1,Emily Hillstron
Emily Hogeveen,Press Secretary to the Minister of Agriculture and Agri-Food,2014-03-04,2014-03-04,1,Emily Hogeveen
Emily Hollink,Acting Director,2021-01-14,2021-01-14,1,Emily Hollink
Emily Honorowitsch,Senior Advisor,2020-08-25,2020-08-25,1,Emily Honorowitsch
Emily Horonoswitch,Policy Advisor,2022-09-14,2022-09-14,1,Emily Horonoswitch
Emily Horonowitsch,Special Assistant,2019-05-07,2023-08-01,53,"Emily  Horonowitsch, Emily HORONOWITSCH, Emily Horonowitsch, Emily Horonwitsch"
Emily Jewell,Policy Analyst,2023-09-18,2023-09-18,1,Emily Jewell
Emily Jovic,Senior Research Advisor,2021-07-21,2021-07-21,1,Emily Jovic
Emily Keogh,Senior Communications Advisor,2021-12-02,2022-03-08,2,Emily Keogh
Emily Krispis,Constituency Assistant,2022-04-05,2022-05-25,2,"Emily  Krispis, Emily Krispis"
Emily Lo,Program Engineer,2024-05-24,2024-05-24,1,Emily Lo
Emily Lowan,Parliamentary Assistant,2022-03-02,2022-03-02,1,Emily Lowan
Emily Mackenzie,Trade Commissioner,2020-08-20,2020-08-20,1,Emily MacKenzie
Emily Martin,Assistant,2024-11-19,2024-11-19,1,Emily  Martin
Emily Mcauley,Acting Director,2022-01-10,2022-01-10,1,Emily McAuley
Emily Mccarthy,"Assistant Commissioner, Complaints Resolution and Compliance",2014-12-10,2014-12-10,1,Emily McCarthy
Emily Mccullough,Chief of Staff,2023-06-08,2023-06-08,1,Emily McCullough
Emily Mckenzie,"Regional Director, Global Affairs",2020-11-19,2020-11-19,1,Emily McKenzie
Emily Mclaughlin,Director,2022-02-01,2022-04-13,2,"Emily   McLaughlin, Emily McLaughlin"
Emily Mctaggart,Policy Analyst,2016-10-05,2016-10-05,1,Emily McTaggart
Emily Ouelllette,Policy Advisor,2024-11-19,2024-11-19,1,Emily Ouelllette
Emily Paradis,"Senior Policy Advisor, Office of the Federal Housing Advocate",2021-04-26,2023-02-14,2,Emily Paradis
Emily Pearce,Executive Assistant,2014-11-25,2014-11-25,1,Emily Pearce
Emily Peckham,Parliamentary Secretary,2021-06-01,2021-06-01,1,Emily Peckham
Emily Raab,Trade Commissioner,2023-01-30,2023-01-30,1,Emily Raab
Emily Robertson,Policy Analyst,2022-04-26,2022-04-26,1,Emily Robertson
Emily Shorrock,Senior Analyst,2020-05-28,2022-06-14,2,Emily Shorrock
Emily Silk,Director,2020-11-19,2025-01-29,9,"Emily  Silk, Emily  Silk , Emily Silk"
Emily Singer,"Senior Policy Analyst, Preclearance",2018-09-18,2018-09-18,1,Emily Singer
Emily Smits,Science Advisor,2024-02-28,2024-02-28,1,Emily Smits
Emily Taylor,Senior Policy Advisor,2024-06-11,2024-06-20,2,Emily Taylor
Emily Thibert,Committees Coordinator,2018-02-08,2019-05-06,4,Emily Thibert
Emily Thom,Policy Intern,2023-07-18,2023-07-18,3,Emily Thom
Emily Walkins,Director of Research,2015-05-26,2015-05-26,1,Emily Walkins
Emily Walsh,Special Assistant,2022-11-17,2024-02-06,8,Emily Walsh
Emily Warkins,Member of Parliament,2015-03-12,2015-03-12,1,Emily Warkins
Emily Watkins,"Director, Outreach and Stakeholder Relations",2010-12-02,2015-09-22,35,Emily Watkins
Emily Watt,"International Analysis, Reporting and Coordination",2015-06-24,2015-06-24,1,Emily Watt
Emily Wehbi,Director General,2024-07-26,2025-01-16,3,"Emily  Wehbi, Emily Wehbi"
Emily White,Senior Policy Analyst,2019-05-09,2022-03-03,3,Emily White
Emily Williams,Senior Communications Manager,2020-09-01,2025-05-15,10,Emily Williams
Emily Woods,Director General,2024-11-04,2025-02-27,2,"Emily  Woods, Emily Woods"
Emily Yorke,Policy Advisor,2016-04-28,2019-05-31,226,"Emily York, Emily Yorke, Emily Yorke,, Émily Yorke"
Emma Burger,Junior Analyst | Economist,2022-04-01,2022-04-01,1,Emma Burger
Emma Carver,Policy Advisor,2016-12-13,2018-05-23,10,Emma Carver
Emma Crane,Senior Policy Analyst,2023-09-07,2023-09-07,1,Emma Crane
Emma Drake,Policy Advisor,2023-08-14,2024-05-07,63,"Emma  Drake, Emma  Drake , Emma Drake"
Emma Fernandes,Program Officer,2022-08-09,2022-08-09,1,Emma Fernandes
Emma Haynes,"Director, Parliamentary Affairs",2022-12-13,2025-02-18,19,"Emma  Haynes, Emma Haynes"
Emma Hopper,"Senior Advisor, Parliamentary Affairs",2024-07-10,2024-07-10,1,Emma  Hopper
Emma Jia,Policy Officer,2020-02-04,2020-02-04,1,Emma Jia
Emma Kenny,Advisor,2024-05-01,2024-05-01,1,Emma Kenny
Emma Kristensen,Special Assistant,2018-01-15,2020-04-23,8,Emma Kristensen
Emma Meldrum,Parliamentary Affairs Advisor,2022-05-12,2024-07-09,7,"Emma  Meldrum , Emma Meldrum"
Emma Moore,Policy Advisor,2024-11-19,2024-11-19,1,Emma Moore
Emma Morris,Market Development Advisor,2024-05-31,2024-05-31,1,Emma Morris
Emma Orawiec,"Director General, Procurement Services",2022-07-27,2023-12-20,4,Emma Orawiec
Emma Thuot,Junior Business Analyst,2020-11-17,2021-04-08,5,Emma Thuot
Emma Vandermeer,Parliamentary Assistant,2023-04-24,2023-04-24,1,Emma Vandermeer
Emmaleigh Munro,Policy Advisor,2021-07-21,2025-05-21,35,"Emmaleigh  Munro, Emmaleigh  Munro , Emmaleigh Munro, Emmaleigh Munroe, emmaleigh Munro"
Emmaline English,Policy and Regional Affairs Advisor,2016-09-22,2019-04-01,28,"Emmaline English, Emmiline English"
Emmanuel Kamarianakis,Director General,2018-10-15,2024-10-21,14,"Emmaneul Kamarianakis, Emmanuel Kamarianakis"
Emmanuel,Advisor to Gerard Deltell,2019-08-20,2019-08-20,1,Emmanuel ?
Emmanuel Chabot,"Chief, Aviation Security Policy",2015-03-11,2020-12-03,3,Emmanuel Chabot
Emmanuel Dion Weiss,Legislative Assistant,2019-08-28,2019-08-28,2,Emmanuel Dion Weiss
Emmanuel Dion-weiss,Advisor to Member of Parliament,2018-06-20,2019-01-09,2,Emmanuel Dion-Weiss
Emmanuel Drake,Policy Advisor,2023-10-04,2023-10-04,1,Emmanuel Drake
Emmanuel Dubourg,Member of Parliament,2014-04-03,2024-11-25,63,"Emmanual Duborg, Emmanueal Dubourg, Emmanuel Dubourg, emmanuel  dubourg "
Emmanuel Kamarlanakis,Ambassador to Brazil,2024-01-19,2024-01-19,1,Emmanuel Kamarlanakis
Emmanuel St-aubin,"Acting Director General, Critical Infrastructure",2019-05-27,2024-05-16,3,Emmanuel St-Aubin
Emmanuel Xxx Nom De Famille Inconnu,Political Advisor,2019-08-27,2019-08-27,1,Emmanuel xxx nom de famille inconnu
Emmanuella Lambropoulos,Member of Parliament,2017-05-18,2024-11-18,70,"Emanuela Lambropoulos, Emanuella Lambropoulos, Emmanuela Lambropoulos, Emmanuella Lambropoulos, Emmanuelle Lambropoulos"
Emmanuella Mckennirrey,"Unit Head, Regulatory Development and Analysis",2023-11-07,2024-02-12,4,Emmanuella McKennirrey
Emmanuelle Bahl,Specialist,2025-02-12,2025-02-12,1,Emmanuelle Bahl
Emmanuelle Ducharme,Policy Advisor,2021-05-21,2021-06-17,7,Emmanuelle Ducharme
Emmanuelle Guay,Counsel,2023-12-11,2024-01-09,2,Emmanuelle Guay
Emmanuelle Kakou,Communications Advisor,2024-02-06,2024-02-06,2,Emmanuelle Kakou
Emmanuelle Lamoureux,Director General,2017-01-20,2024-06-10,7,"Emmanuelle  Lamoureux , Emmanuelle Lamoureux, emmanuelle lamoureux"
Emmanuelle Page Richer,"Assistant to the Assistant Deputy Minister, Safety and Security",2013-11-07,2014-10-06,3,"Emmanuelle Page Richer, Emmanuelle Pagé Richer"
Emmanuelle Sajous,Assistant Deputy Minister,2021-03-01,2025-01-17,13,"Emmaneulle Sajous, Emmanuelle  Sajous, Emmanuelle Sajous"
Emond Laura,"Manager, Aerospace, Defence and Marine Branch",2021-11-08,2021-11-17,4,Emond Laura
Emrys Graefe,Staffer to Member of Parliament,2012-11-02,2012-11-02,1,Emrys Graefe
Ena Cimic,Senior Program Officer,2024-10-04,2024-10-04,1,Ena Cimic
Engy Azouz,Acting Senior Regulatory Policy and Risk Management Advisor,2022-10-14,2022-10-14,1,Engy Azouz
Enkhjin Enzo Zorigtbaatar,Policy Advisor,2022-08-03,2024-11-05,6,"Enkhjin Enzo  Zorigtbaatar , Enkhjin Enzo Zorigtbaatar"
Enkhjin Zorigtbaatar,Policy Advisor,2022-10-14,2024-11-29,43,"Enkhjin  Zorigtbaatar, Enkhjin  Zorigtbaatar , Enkhjin Zorigtbaata, Enkhjin Zorigtbaatar, Enkhjin Zorigtbaatar, "
Enrick Rainville,Communications Assistant,2023-09-18,2023-09-18,1,Enrick Rainville
Enzo Zorigtbaatar,Policy Advisor,2023-11-07,2024-11-05,5,Enzo Zorigtbaatar
Eppo Maertens,Director of Policy,2022-08-03,2022-08-03,1,Eppo Maertens
Eram Rashid,Acting Regulatory Affairs Specialist,2021-01-14,2021-01-14,1,Eram Rashid
Eric Advocaat,Senior Director,2018-11-13,2018-11-13,1,Eric Advocaat
Eric Advokaat,"Director, Operations Eastern Canada",2013-11-29,2021-08-27,10,Eric Advokaat
Eric Amyot,Regional Advisor for Quebec,2017-02-28,2024-07-31,90,"Eric  Amyot, Eric Amyot, eric amyot, Éric Amyot"
Eric Aubin,National Manager,2013-03-20,2013-03-20,1,Eric Aubin
Eric Baril,Director General,2019-02-05,2023-07-07,4,Eric Baril
Eric Barker,Manager,2019-05-27,2023-10-19,4,Eric Barker
Eric Bastien,Director,2013-08-06,2022-07-27,11,"Eric Bastien, Éric Bastien"
Eric Beaulieu,"Senior Advisor, Regional Affairs",2020-08-24,2021-04-06,12,"Eric Beaulieu, eric beaulieu, Éric Beaulieu"
Eric Belair,Associate Assistant Deputy Minister,2020-08-06,2024-01-31,92,"Eric  Belair, Eric Belair, Eric Belair , Eric Belaire, Eric Blair, Eric Bélair, Erin Belair"
Eric Belzile,Director General,2024-01-09,2024-01-09,1,Eric Belzile
Eric Bertram,"Deputy Director, Political",2017-03-10,2017-04-11,2,Eric Bertram
Eric Bisaillon,Director General,2020-09-23,2022-03-22,3,Eric Bisaillon
Eric Blouin,Policy Analyst,2022-03-28,2022-03-28,1,Éric Blouin
Eric Boulton,Issue Coordinator,2014-09-22,2019-09-14,21,"Eric Boulton, Éric Boulton"
Eric Bourbonnais,Director,2020-02-28,2024-04-30,25,"Eric Bourbonnais, Éric Bourbonnais"
Eric Brouillette,"Advisor, Industrial Technology",2022-08-25,2025-06-05,4,"eric brouillette, Éric Brouillette"
Erin Campbell,Director,2018-08-30,2024-02-26,5,"Eric Campbell, Erin  Campbell, Erin Campbell"
Eric Cappon,Program Analyst,2024-06-04,2024-06-04,1,Eric Cappon
Eric Charlebois,Senior Policy Analyst,2021-08-19,2021-08-19,1,Eric Charlebois
Eric Chouinard,Senior Director,2024-10-22,2024-10-22,1,Éric Chouinard
Eric Cloutier,Senior Investment Analyst,2008-08-08,2017-02-07,8,Eric Cloutier
Eric Corneau,"Section Head, Measures Development and Sector Analyses",2020-10-06,2024-10-30,12,"Eric  Corneau, Eric Corneau"
Eric Costen,Senior Assistant Deputy Minister,2014-11-24,2025-05-29,293,"Eric  Costen, Eric  Coston, Eric Costen, Eric Costen , eric costen, Éric  Costen"
Eric Couture,Staffer,2018-01-12,2025-02-06,10,"Eric Couture, Éric Couture"
Eric Cragg,Manager | Senior Policy Advisor,2016-08-24,2023-11-21,3,"Eric  Cragg, Eric Cragg"
Eric Croisetiere,Defect Investigator,2016-03-30,2016-03-30,1,Eric Croisetiere
Eric Dagenais,Senior Assistant Deputy Minister,2009-05-08,2025-03-31,911,"Eric  Dagenais, Eric  Dagenais , Eric Dagenais, Eric Dagenais , Éric Dagenais"
Eric Dagenias,Director General,2009-05-20,2016-08-09,4,Eric Dagenias
Eric Dalke,Policy Advisor,2015-04-21,2015-04-21,1,Eric Dalke
Eric Degenais,Director General,2009-07-15,2016-11-21,5,Eric Degenais
Eric Depenau,"Executive Assistant, Regional",2021-03-05,2021-03-17,4,Eric Depenau
Eric Dionne,Trade Commissioner,2017-10-25,2017-10-25,1,Eric Dionne
Eric Ducharme,"Assistant Deputy Minister, Economic",2012-01-23,2012-01-23,1,Eric Ducharme
Eric Duncan,Member of Parliament,2019-11-28,2025-04-14,97,Eric Duncan
Eric Ferguson,Director of Operations,2022-02-07,2023-06-15,5,Eric Ferguson
Eric Ferron,Senior Competition Law Officer,2009-04-03,2009-04-03,1,Eric Ferron
Eric Forest,Senator,2017-05-10,2025-04-10,92,"Eric Forest, Eric Foret, Hon. Eric Forest, Senator Éric Forest, The Hon. Éric Forest, Èric Forest, Éric FOREST, Éric Forest, Éric Forest , Érice Forest"
Eric Fournier,Director General,2018-10-10,2022-04-01,4,"Dr. Eric  Fournier , Eric Fournier"
Eric Fraser,"Senior Trade Policy Officer, Technical Barriers and Regulations",2019-05-09,2019-05-09,1,Eric Fraser
Eric Fresque,Director,2011-11-01,2011-11-01,1,Eric Fresque
Eric G-l Gagnon,Policy Advisor,2018-09-26,2018-09-26,1,Eric G-L Gagnon
Eric Gagne,Director General,2012-10-29,2019-05-07,7,"Eric Gagne, Eric Gagné"
Eric Gagnon,Advisor,2018-10-17,2024-02-29,11,Eric Gagnon
Eric Gilbert,Director General,2018-02-12,2019-09-10,6,Eric Gilbert
Eric Gingras,"Acting Manager, Industrial Programs",2009-07-09,2021-06-09,2,Eric Gingras
Eric Giroux,Acting Chief,2023-11-23,2024-06-19,4,"Eric Giroux, Éric Giroux"
Eric Godrow,"Sergeant, International Capacity Building",2015-06-24,2015-06-24,1,Eric Godrow
Eric Grant,Acting Director,2016-03-24,2016-03-24,1,Eric Grant
Eric Guernsey,Senior Advisor,2019-02-15,2019-02-15,1,Eric Guernsey
Eric Gustavson,Policy Advisor,2020-01-27,2024-07-18,120,"Eric  Gustavson, Eric Gustavon, Eric Gustavson, Eric Gustavson "
Eric Holdrinet,"Advisor, Industrial Technology",2023-06-01,2023-06-01,1,Eric Holdrinet
Eric Hopkins,Manager,2017-05-30,2017-05-30,1,Eric Hopkins
Eric Hoskins,"Chair, Advisory Council on the Implementation of National Pharmacare",2018-06-28,2018-10-02,3,Eric Hoskins
Eric Joyce,Chief of Staff,2023-08-15,2024-06-19,3,"Eric  Joyce , Eric Joyce"
Eric Kavcic,Junior Policy Analyst,2021-05-28,2021-05-28,1,Eric Kavcic
Eric Kenny,Lieutenant General,2022-11-08,2025-05-28,13,Eric Kenny
Eric Laliberte,"Director General, Space Utilization",2013-09-25,2022-12-09,7,"Eric Laliberte, Éric Laliberté"
Eric Lam,Senior Policy Advisor,2023-06-07,2024-02-13,4,Eric Lam
Eric Landry,Vice President,2010-03-11,2025-02-26,80,"Eric  Landry, Eric  Landry , Eric Landry, Eric Laundry, eric landry, Éric Landry"
Eric Lariviere,Assistant Director,2020-10-08,2023-06-22,4,"Eric Larivière, Éric Larivière"
Eric Leclair,Client Engagement Advisor,2022-08-25,2024-05-14,3,"Eric Leclair, eric leclair, Éric Leclair"
Eric Leclerc,"Advisor, Client Engagement",2022-09-06,2022-09-06,1,Éric Leclerc
Eric Lefebvre,Business Advisor,2021-08-09,2025-02-21,3,"Eric Lefebvre, Éric Lefebvre"
Eric Legresley,Parliamentary Assistant,2019-04-10,2019-04-11,2,Eric LeGresley
Eric Levesque,Assistant Director,2025-03-25,2025-03-25,1,Éric Lévesque
Eric Madueno,Acting Chief,2015-02-17,2015-06-25,2,Eric Madueno
Eric Magnuson,"Director General, Strategic Initiatives",2013-11-01,2017-01-26,15,Eric Magnuson
Eric Marion,"Senior Director, Fiscal Relations Unit",2016-12-09,2016-12-09,1,Eric Marion
Eric Marr,Senior Policy Analyst,2020-11-06,2024-05-29,2,Eric Marr
Eric Melillo,Member of Parliament,2020-02-04,2025-03-05,162,"Eric  Meilillo, Eric  Melillo, Eric MELILLO, Eric Melillo, Eric Mellilo, eric  Melillo"
Eric Meloche,"Section Head, Motorcycle and Small Engine Regulations",2023-03-08,2023-03-08,1,Eric Meloche
Eric Muellejans,Policy Assistant,2016-06-27,2016-06-27,1,Eric Muellejans
Eric Napier Strong,Executive Assistant,2020-12-18,2020-12-18,1,Eric Napier Strong
Eric Neudorf,"Manager, Advocacy",2020-11-16,2024-02-13,3,Eric Neudorf
Eric Nichol,Assistant,2022-01-21,2024-06-27,5,"Eric Nichol, eric Nichol, eric nichol"
Eric Nicol,"Regional Advisor, Ontario",2022-05-05,2025-02-28,22,"Eric Nicol, Eric Nicole, eric nicol, Éric Nicol"
Eric Nielsen,Senior Counsel,2018-12-17,2022-07-06,3,"Eric  Nielsen, Eric Nielsen"
Erin O'toole,Member of Parliament,2013-02-05,2023-06-14,436,"ERIN O'TOOLE, Eric O'Toole, Erin O'Toole, Erin O'Toole, MP, Erin O'toole, Erin OToole, Erin O’Toole, Hon. Erin O'Toole, Hon. Erin O’Toole, Honourable Erin  O'Toole , Honourable Erin O'Toole, The Hon. Erin O'Toole, The Honorable Erin O'Toole, The Honourable Erin O'Toole, The Honourable Erin O'Toole, P.C., The Honourable Erin O'Toole, P.C., M.P., erin o'toole"
Eric Parsons,Senior Director,2018-04-04,2019-07-18,3,Eric Parsons
Eric Pemberton,Senior Associate Deputy Minister,2024-08-08,2024-08-19,2,"Eric  Pemberton, Eric Pemberton "
Eric Petersson,"First Secretary, Academic Relations",2011-10-21,2011-10-21,1,Eric Petersson
Eric Pongs,Director of Portfolio Innovation,2023-05-12,2023-05-12,1,Eric Pongs
Eric Primeau,Project Manager,2022-08-30,2022-08-30,1,Eric Primeau
Eric Provencher,Auditor,2017-01-30,2017-01-30,1,Eric Provencher
Eric Rancourt,Assistant Chief Statistician,2023-03-03,2023-05-10,3,"Eric Rancourt, Eric Rancourt "
Eric Sabourin,Senior Investment Analyst,2022-09-08,2025-02-24,16,"Eric  Sabourin, Eric Sabourin"
Eric Sanacartier,"Director, Energy and Economics Analysis Division",2023-11-20,2023-11-20,1,Eric  Sanacartier 
Eric Sanscartier,Senior Director,2017-11-07,2025-05-21,19,"Eric  Sancartier, Eric Sanscartier, eric sanscartier, Éric Sanscartier"
Eric Santor,"Chief, International Economic Analysis",2013-09-27,2024-05-06,7,"Eric Santo, Eric Santor"
Eric Savard,Administrative Assistant,2022-06-03,2022-06-03,1,Éric Savard
Eric Sheik,"Director, Support Vehicle Program Management",2023-06-07,2023-06-07,1,Eric Sheik
Eric Siegel,Chief Executive Officer,2009-02-12,2009-05-26,4,"Eric Siegal, Eric Siegel"
Eric Slinn,Assistant Commissioner,2015-04-22,2020-09-24,2,Eric Slinn
Eric Smith,Director,2013-03-28,2025-02-20,71,"Eric  Smith, Eric Smith"
Eric Snow,Deputy Director,2017-06-06,2025-01-29,7,Eric Snow
Eric Souillac,Advisor,2017-02-03,2022-02-17,5,"Eric Souillac, Éric Souillac, Éric Souillar"
Eric St-amand,Advisor,2010-11-05,2024-10-24,2,"Eric St-Amand, Éric St-Amand"
Eric St-amant,Staffer,2017-05-02,2024-02-28,6,"Eric St-Amant, Éric St-Amant"
Eric St. Pierre,Member of Parliament,2025-05-17,2025-05-17,2,Eric St. Pierre
Eric Sutherland,"Executive Director, Pan-Canadian Health Data Strategy",2022-01-18,2022-09-08,3,Eric Sutherland
Eric Theis,Issues Manager,2014-05-17,2014-11-18,2,"Eric Theis, Eric Thies"
Eric Tremblay,Major General,2014-03-17,2014-03-17,1,Eric Tremblay
Eric Tuer,Director,2013-02-13,2016-05-03,5,Eric Tuer
Eric Vachon,Chief Financial Officer,2024-02-09,2024-09-17,6,"Eric  Vachon, Eric Vachon"
Eric Vandenberg,Brigadier General,2022-06-02,2022-06-02,1,Eric  Vandenberg
Erik Waddell,Senior Policy Advisor,2009-01-06,2012-04-12,78,"Eric Waddel, Eric Waddell, Erick Waddell, Erik Waddell, Erik Wadell, Érik Waddell"
Eric Walsh,Director General,2017-02-01,2021-06-28,5,Eric Walsh
Eric Ward,Policy Advisor,2009-06-24,2009-06-24,1,Eric Ward
Eric Widdowson,Competition Law Officer,2023-11-27,2023-11-27,1,Eric Widdowson
Eric-aime Patry,Manager,2020-11-02,2020-11-02,1,Eric-Aime Patry
Eric-antoine Menard,Director of Policy,2016-07-27,2016-07-27,1,Eric-Antoine Menard
Eric-pascal Ciaburro,Advisor,2020-05-27,2021-07-12,2,"Eric-Pascal Ciaburro, Éric-Pascal Ciaburro"
Erica Berg,Senior Policy Analyst,2017-12-04,2024-08-08,3,Erica Berg
Erica Da Silva Miranda,Policy Analyst,2024-05-29,2024-05-29,1,Erica Da Silva Miranda 
Erica Evely,Special Assistant Advisor,2024-06-19,2024-11-26,3,"Erica  Evely, Erica Evely"
Erica Fraser,Director,2024-10-30,2024-10-30,1,Erica Fraser
Erica Furtado,Director of Communications,2014-11-07,2014-11-07,1,Erica Furtado
Erica Hendry,Economist,2014-09-23,2017-06-02,8,Erica Hendry
Erica Johnson,Journalist,2017-03-29,2017-04-17,2,Erica Johnson
Erica Kohos,"Deputy Director, Indigenous, Intergovernmental and Stakeholder Affairs",2024-06-27,2024-09-19,3,"Erica  Kohos, Erica Kohos"
Erica Meekes,Director of Communications,2015-03-03,2015-03-03,1,Erica Meekes
Erica Pashley,"Senior Analyst, Patent Policy Directorate",2016-04-12,2016-04-12,1,Erica Pashley
Erica Robibero,Policy Analyst,2020-06-10,2023-06-13,4,Erica Robibero
Erica Spracklin,Constituency Assistant,2016-06-30,2016-08-02,2,Erica Spracklin
Erica Tao,"Acting Assistant Deputy Minister, Multiculturalism and Anti-Racism",2018-05-18,2025-04-08,3,"Erica  Tao , Erica Tao"
Erica Van Wyngaarden,"Special Assistant, Policy and Research",2014-03-18,2017-10-31,10,"Erica Van Wyngaarden, Erica van Wyngaarden"
Erica Wyngaarden,"Special Assistant, Policy and Research",2014-10-28,2014-10-28,1,Erica Wyngaarden
Erich Cripton,Advisor,2013-09-25,2013-09-25,2,Erich Cripton
Erich Harvey,Executive Assistant,2018-01-19,2020-03-25,11,Erich Harvey
Erick Saint-laurent,Regional Director,2016-03-30,2016-05-18,2,Érick Saint-Laurent
Erick St-laurent,Director General,2016-01-14,2016-06-22,2,Érick St-Laurent
Ericka Tulloch,Director,2024-11-18,2025-03-12,2,Ericka Tulloch
Ericka Van Egmond,Director,2024-11-18,2024-11-18,1,Ericka Van Egmond
Erik Allain,"Director, Lands",2020-02-06,2020-02-06,1,Erik Allain
Erik Anderson,Manager,2017-05-15,2017-05-15,1,Erik Anderson
Erik Bainbridge,Senior Policy Analyst,2023-05-08,2023-12-12,3,Erik Bainbridge
Erik Blache,Liaison,2016-08-11,2016-08-11,1,Erik Blache
Erik Brunet,Senior Analyst,2016-06-08,2016-06-08,1,Erik Brunet
Erik Carey,Legislative Assistant,2019-06-13,2019-06-13,1,Erik Carey
Erik Ens,"Director, Senior Policy",2024-01-29,2024-01-29,1,Erik Ens
Erik Furu,"Minister Counsellor, Deputy Head of Mission",2020-02-05,2020-02-05,1,Erik Furu
Erik Menna,Project Officer,2017-03-07,2017-03-07,1,Erik Menna
Erik Mistal,Parliamentary Secretary Assistant,2017-03-09,2018-05-29,15,Erik Mistal
Erik Mistral,Parliamentary Assistant,2017-05-09,2017-05-09,1,Erik Mistral
Erik N. Waddell,Senior Policy Advisor,2011-10-26,2011-10-26,1,Erik N. Waddell
Erik Nosaluk,"Special Assistant, Communications",2020-04-30,2024-02-29,8,"Erik  Nosaluk, Erik Nosaluk"
Erik Stenlund,Acting Director,2020-11-05,2024-05-22,4,"Erik  Stenlund , Erik Stenlund"
Erik Windfeld,Policy Analyst,2016-07-21,2019-05-01,2,Erik Windfeld
Erika Cook,Senior Project Leader,2023-05-11,2024-11-14,11,Erika Cook
Erika Kirsten-easton,"Director General, Communications",2017-05-29,2017-05-29,1,Erika Kirsten-Easton
Erika Korven,Policy Advisor,2023-02-21,2023-02-21,1,Erika Korven
Erika Lashbrook Knutson,Parliamentary Assistant,2017-12-12,2017-12-12,1,Erika Lashbrook Knutson
Erin Mcclelland,Parliamentary Secretary,2009-05-28,2010-11-29,9,"Erika McClelland, Erin McClelland"
Erika Nahm,"Director, Wellness Policy and Programs",2018-06-27,2018-06-27,1,Erika Nahm
Erika Shaw,Policy Analyst,2016-02-02,2017-05-17,5,Erika Shaw
Erika Taves,Acting Director,2024-05-13,2024-05-13,1,Erika Taves
Erika Uchmanowicz,Senior Policy Advisor,2019-05-21,2023-05-03,7,Erika Uchmanowicz
Erika Van Neste,Deputy Director,2017-05-16,2024-11-21,10,Erika Van Neste
Erika Wagner,Director General,2024-11-06,2024-11-06,1,Erika Wagner
Erika-kirsten Easton,"Chief Data Officer | Director General, Enterprise Service, Data and Architecture",2024-02-28,2025-03-10,5,"Erika-Kirsten  Easton, Erika-Kirsten Easton"
Erin Anderson,"Director, Parliamentary Affairs and Issues Management",2012-03-09,2014-09-03,9,Erin Anderson
Erin Bonokoski,"Deputy Director, Strategic Communications",2013-10-11,2014-03-27,4,"Erin Bonokoski, Erin Bronokowski"
Erin Brady,General Counsel,2024-04-03,2024-04-03,1,Erin Brady
Erin Bureau,Acting Deputy Director,2022-02-08,2022-02-08,1,Erin Bureau
Erin Cato,Senior Director,2023-07-26,2023-07-26,1,Erin Cato
Erin Cato (lamoureux,"Director, Document and Visa Policy",2022-08-09,2022-08-09,1,Erin Cato (Lamoureux)
Erin Cimino,Director General,2023-08-04,2024-07-10,3,Erin Cimino
Erin Connell,Director,2014-08-21,2024-12-10,12,"Erin  Connell, Erin Connell"
Erin Corneau,Manager,2024-10-30,2024-10-30,1,Erin Corneau
Erin Davidge,Trade Commissioner,2024-08-14,2024-08-14,1,Erin Davidge
Erin Down,No valid job title detected,2023-11-27,2023-11-27,1,Erin Down
Erin Elgersma,Legislative Assistant,2022-11-01,2024-04-10,5,Erin Elgersma
Erin Erin Obrien,"Assistant Deputy Minister, Fuels Sectors",2023-10-04,2023-10-04,1,Erin  Erin O’Brien
Erin Estey,Project Manager,2024-04-10,2024-04-10,1,Erin Estey
Erin Feeney,Director,2018-07-24,2018-07-24,1,Erin Feeney
Erin Filliter,Director of Communications,2010-05-12,2012-11-01,6,Erin Filliter
Erin Flagna,Director of Policy,2019-07-17,2019-07-17,1,Erin Flagna
Erin Flanagan,"Director, Climate, Energy and Regulatory Affairs",2018-02-28,2024-10-07,684,"Erin Flanagan, Erin Flanagin, Erin Flanegan, Erin Flangan, Erin Flannagan, Erin Flannigan, erin Flanagan, erin flanagan"
Erin Flanagan Erin Flanagan,Director of Policy,2019-04-23,2019-04-23,1,Erin Flanagan Erin Flanagan
Erin Fowler,Softwood Lumber Division,2015-06-17,2015-06-17,1,Erin Fowler
Erin Gillepsie,Director,2023-09-07,2024-10-09,4,"Erin Gillepsie, Erin Gillespie"
Erin Gilmer,"Manager, Legislative and Regulatory Affairs",2024-05-21,2024-05-21,1,Erin Gilmer
Erin Gorman,Policy Advisor,2013-05-14,2020-05-12,5,"ERIN GORMAN, Erin Gorman"
Erin Gregg,Assistant Deputy Minister,2022-10-25,2022-10-25,1,Erin Gregg
Erin Groulx,Director,2020-04-28,2020-04-28,1,Erin Groulx
Erin Groulz,"Chief, Client Services Unit",2013-11-29,2013-11-29,1,Erin Groulz
Erin Henry,Director General,2020-08-25,2025-02-25,6,Erin Henry
Erin Hetherington,Director,2022-06-29,2024-02-15,7,"Erin  Hetherington, Erin Heatherington, Erin Hetherington"
Erin Hunt,Director General,2019-07-17,2024-11-08,17,"Erin  Hunt, Erin  Hunt , Erin Hunt, Erin Hunt "
Erin Jackson,Deputy Director,2025-03-04,2025-03-04,2,Erin Jackson
Erin Koeing,Advisor to the Assistant Deputy Minister,2017-03-22,2017-03-22,2,Erin Koeing
Erin Krzyzanowski,Manager,2023-02-10,2023-02-10,1,Erin  Krzyzanowski
Erin Kumar,Acting Deputy Minister,2024-02-20,2024-03-27,2,Erin Kumar
Erin L Schock,"Acting Executive Director, Governance and Strategic Integration",2022-04-21,2022-06-15,2,Erin L Schock
Erin Landry,Director General,2017-10-24,2017-10-24,1,Erin Landry
Erin Lynch,Director General,2016-09-01,2025-06-03,75,"Erin  Lynch, Erin  Lynch , Erin Lynch"
Erin Malley,"Manager, Policy and Operations",2024-06-26,2024-06-26,1,Erin Malley
Erin Marchington,Senior Policy Advisor,2018-08-24,2018-08-24,1,Erin Marchington
Erin Mcdonald,"Director, Intake and Complaint Analysis",2019-01-23,2019-01-23,1,Erin McDonald
Erin Mckee,Western Newfoundland and Labrador Field Unit,2021-02-23,2021-02-23,1,Erin McKee
Erin Mclean,Senior Nutrition Advisor,2014-06-05,2014-08-08,4,Erin McLean
Erin Mclelland,Exempt Staff,2011-01-31,2011-01-31,1,Erin McLelland
Erin Mierdel,Policy Analyst,2023-10-17,2023-10-17,1,Erin Mierdel
Erin Miller,Senior Policy Advisor,2017-04-20,2017-04-20,1,Erin Miller
Erin Mostovac,Senior Director,2012-11-14,2013-05-07,3,Erin Mostovac
Erin O'brien,Assistant Deputy Minister,2011-11-02,2025-05-27,462,"Erin  O'Brien, Erin  O'Brien , Erin O'Brian, Erin O'Brien, Erin OBrien, Erin O’Brien"
Erin O'gorman,Assistant Deputy Minister,2012-09-27,2025-06-05,81,"Erin O'Gorman, Erin O’Gorman, Erin O’Gorman,"
Erin Pietrykowski,Senior Policy Advisor,2015-09-09,2015-09-18,2,Erin Pietrykowski
Erin Quevillon,Policy Advisor,2024-04-29,2024-11-20,14,"Erin  Quevillon, Erin Quevillon"
Erin Reid,Manager,2016-08-26,2016-08-26,1,Erin Reid
Erin Schock,Director General,2021-11-24,2023-12-12,8,Erin Schock
Erin Silsbe,Deputy Director,2019-05-23,2021-04-28,4,Erin Silsbe
Erin Ussery,Research Scientist,2020-10-20,2020-10-20,1,Erin Ussery
Erin Weir,Member of Parliament,2016-02-01,2019-05-27,74,"Erin Weir, Erin Weird"
Erin Wheal,Senior Policy Advisor,2016-08-22,2016-08-22,1,Erin Wheal
Erin Wilson,Senior Policy Advisor,2024-12-03,2025-04-09,2,Erin Wilson
Erin Woods,Issues Advisor,2023-10-31,2023-10-31,3,"Erin  Woods, Erin Woods"
Erin Yantzi,Policy Analyst,2022-04-04,2022-04-04,1,Erin Yantzi
Erle Lamothe,Policy Analyst,2022-11-08,2023-02-16,2,"Erle Lamothe, Erle Lamothe "
Ermias Kefelegn,Trade Commissioner,2022-07-18,2022-07-18,1,Ermias Kefelegn
Ermioni Tomaras,Parliamentary Affairs Advisor,2021-01-14,2021-01-14,1,Ermioni Tomaras
Ernest Loevinsohn,Director General,2009-10-30,2009-10-30,1,Ernest Loevinsohn
Ernie Briard,Acting President and CEO,2020-08-27,2020-08-27,1,Ernie Briard
Ernie Gladstone,"Executive Director, Indigenous Affairs",2012-10-05,2024-12-02,3,Ernie Gladstone
Ernie Hardeman,Member of Parliament,2019-01-07,2019-01-07,1,Ernie Hardeman
Ernie Hudson,Executive Assistant to Minister,2011-11-08,2011-11-08,1,Ernie Hudson
Ernie Klassen,Member of Parliament,2025-06-03,2025-06-03,1,Ernie Klassen
Ernie Tam,Policy Analyst,2021-08-05,2021-09-17,2,Ernie Tam
Erskine-smith Nathaniel,Member of Parliament,2020-09-16,2020-09-16,1,Erskine-Smith Nathaniel
Erwan Rieussec,"Coordinator, Indicators",2024-05-16,2024-05-16,1,Erwan Rieussec
Esha Tandon,Executive Assistant,2021-05-11,2021-05-11,1,Esha Tandon
Eshan Naik,Director of Policy,2021-02-24,2025-03-19,219,"Ehsan Naik, Ehsan Naik , Eshan  Naik, Eshan  Naik , Eshan Naik, Eshan Naik , Eshan Nalk"
Estela Henriquez,Executive Assistant,2020-03-04,2020-03-04,1,Estela Henriquez
Estelle Couture,National Manager,2023-12-20,2023-12-20,2,Estelle Couture
Esther Dusabe-richards,Senior Partnership Lead,2024-02-15,2024-02-15,1,Esther  Dusabe-Richards
Esther Fox,Senior Analyst,2017-02-07,2017-02-07,1,Esther Fox
Esther Richards,Senior Partnership Lead,2023-05-05,2023-05-05,1,Esther Richards
Esther Rubenstein,Manager,2011-08-29,2024-09-16,2,"Esther Rubenstein, Esther Rubenstein "
Esther Salvano,Director,2017-10-26,2017-12-12,3,Esther Salvano
Esther Stewart,Scheduler,2016-06-23,2017-04-05,4,Esther Stewart
Esther Yang,Senior Advisor,2023-03-17,2023-03-17,1,Esther Yang
Eszter Sipos,Policy Advisor to Parliamentary Secretary,2016-02-19,2016-05-31,12,Eszter Sipos
Etana Cain,Advisor,2011-11-29,2011-11-29,2,Etana Cain
Ethan Carley,Parliamentary Intern,2023-06-08,2023-06-08,1,Ethan Carley
Ethan Howieson,Policy and Economic Officer,2024-05-10,2024-05-23,2,Ethan Howieson
Ethan Kelly,Legislative Assistant,2024-01-29,2025-06-11,7,"Ethan  Kelly , Ethan Kelly"
Ethel Cochran,Senator,2011-10-27,2011-11-22,3,"Ethel Cochran, Ethel Cochrane, Ethel M. Cochrane"
Ethier Ghislain,Advisor,2015-01-12,2015-01-12,1,Ethier Ghislain
Etienne Arnoux Hebert,Staffer to Senator,2018-12-04,2018-12-04,1,Étienne Arnoux Hébert
Etienne Boisjoli,Senior Trade Policy Officer,2016-02-18,2025-02-26,9,Etienne Boisjoli
Etienne Couture,Parliamentary Assistant,2016-05-03,2016-09-26,12,"Etienne Couture, Étienne Couture"
Etienne Gabrysz-forget,Legislative Assistant,2015-02-26,2015-02-26,1,Etienne Gabrysz-Forget
Etienne Gerard,Vice President,2017-03-23,2017-03-23,1,Etienne Gerard
Etienne Giroux,Portfolio Manager,2015-08-18,2016-09-28,2,Etienne Giroux
Etienne Giroux-leveille,Senior Trader,2016-06-28,2016-06-28,1,Etienne Giroux-Leveille
Etienne Lapalme,Trade Commissioner,2018-02-06,2018-02-06,2,Etienne Lapalme
Etienne Lepage,Deputy Director,2022-10-24,2022-10-24,1,Etienne Lepage
Etienne Massie,Director General,2022-02-22,2022-02-22,1,Etienne Massie
Etienne Ouimette,Director General,2013-04-11,2019-12-19,5,Etienne Ouimette
Etienne Rainville,"Special Assistant, Parliamentary Affairs and Correspondence",2015-07-20,2015-07-20,1,Etienne Rainville
Etienne Rene Massie,"Director, Programs Division",2015-01-14,2015-02-18,2,Etienne Rene Massie
Etienne Savoie,Deputy Director,2017-03-14,2017-03-14,2,Etienne Savoie
Etienne Tremblay,Real Estate Project Officer,2020-11-23,2020-11-23,2,Étienne Tremblay
Etienne-rene Massi,Assistant Deputy Minister,2024-04-15,2024-10-28,2,"Etienne Rene-Massie, Étienne-René Massi"
Etienne-rene Massie,Director General,2013-11-13,2025-06-03,91,"Etienne-Rene  Massie, Etienne-Rene Massie, Etienne-René Massie, Etienne-Réne Massie, Etienne-rene Massie, Étienne-René  Massie, Étienne-René Massie"
Ettore Fiorani Denegri,Legislative Assistant,2018-12-04,2018-12-04,2,Ettore Fiorani Denegri
Eugene Bolduc,"Chief Engineer, Rail Safety Operations",2020-02-11,2020-02-11,1,Eugène Bolduc
Eugene Chown,"Director, Engineering Assets Portfolio",2016-09-19,2016-09-19,1,Eugene Chown
Eugene Filipovich,Senior Policy Analyst,2013-06-13,2013-06-13,1,Eugene Filipovich
Eugene Gourevitch,"Director, Performance and Impact Analysis",2024-12-04,2024-12-04,1,Eugene Gourevitch
Eugene Lang,Senator,2011-10-19,2011-10-19,1,Eugene Lang
Eugene Tso,Trade Policy Officer,2019-02-25,2025-02-27,3,Eugene Tso
Eugenia Perez Pena,"Trade Commissioner, Forestry and Wood Products and Mining",2023-11-05,2023-11-05,1,Eugenia Pérez Peña
Eugenia Roumeliotis,Chief of Staff,2022-06-06,2022-11-10,2,Eugenia Roumeliotis
Eulalie Touffet,Intern,2014-10-29,2014-10-29,1,"Eulalie Touffet,"
Eva Audy,Senior Economist,2023-04-13,2023-04-26,2,Eva Audy
Eva Berton,Senior Policy Advisor,2017-09-25,2023-07-05,11,"EVA BERTON, Eva Berton"
Eva Lazar,Executive Director,2023-06-15,2024-12-10,7,Eva Lazar
Eva Mcgrath,Policy Manager,2024-10-30,2024-10-30,1,Eva McGrath
Eva Nassif,Member of Parliament,2016-02-02,2019-04-04,95,"EVA NASSIF, Eva Nasif, Eva Nasiff, Eva Nassif, Evan Nassif, Éva Nassif"
Evan Baker,Policy Advisor,2008-07-07,2015-11-26,34,Evan Baker
Evan Brick,Operations Assistant,2023-09-26,2024-05-29,11,"Evan  Brick, Evan Brick"
Evan Buie,Trade Commissioner,2023-02-07,2023-02-07,1,Evan Buie
Evan Capeluck,Director,2018-10-23,2018-10-23,1,Evan Capeluck
Evan Cathcart,Parliamentary Affairs Advisor,2018-11-01,2021-01-07,7,Evan Cathcart
Evan Cinq-mars,Senior Advisor,2024-05-15,2024-05-15,1,Evan  Cinq-Mars
Evan Holt,Assistant,2020-08-21,2020-08-21,1,Evan Holt
Evan Lewis,Deputy Director,2016-11-24,2024-06-17,4,"Evan Lewis, Evan Lewis "
Evan Macintosh,"Counsellor, Climate and Energy",2025-01-21,2025-01-21,1,Evan MacIntosh
Evan Mackintosh,"Counsellor, Environment and Energy",2022-07-26,2024-03-18,3,"Evan Mackintosh, Evan Mackintosh "
Evan Sambasivam,Regional Advisor,2023-04-25,2024-05-03,24,"Evan  Sambasivam, Evan Sambasivam, Evan Sambasivam , Evan Sambassivam"
Evan Siddall,President and CEO,2013-03-06,2020-12-05,39,"Evan Siddal, Evan Siddall"
Evan Solomon,Minister,2025-05-15,2025-05-29,5,"Evan Soloman, Evan Solomon"
Evan Travers,Advisor,2016-04-04,2016-04-04,1,Evan Travers
Evan Wiseman,Executive Assistant,2016-10-05,2016-10-05,1,Evan Wiseman
Evangeline Ducas,Senior Policy Analyst,2024-11-07,2024-11-07,1,Evangeline Ducas
Eve Adams,Member of Parliament,2011-06-14,2015-05-05,74,"Eve Adams, Eve Adams, M.P."
Eve Giguere,"Deputy Director, Automotive, Infrastructure, Oil and Gas Sectors",2025-05-06,2025-05-06,1,Eve Giguere
Eve Grebert,Strategic Advisor,2024-07-17,2024-07-17,1,Eve Grebert
Eve-laurence Gasse,Researcher and Issue Coordinator,2018-08-22,2019-07-23,10,"Eve Laurence Gasse, Eve-Laurence Gasse, Ève-Laurence Gasse"
Eve Michaud,Member of Parliament,2012-06-03,2012-06-03,1,Eve Michaud
Eve Peclet,Member of Parliament,2011-08-16,2015-05-07,30,"Eva Peclet, Eve Peclet, Eve Péclet, Ève Peclet, Ève Péclet"
Eve-laurence C. Gasse,Researcher and Issue Coordinator,2018-11-26,2018-11-26,1,Ève-Laurence C. Gasse
Eve-marie Bordeleau,Regulatory Affairs Specialist,2022-03-03,2022-03-03,1,Eve-Marie Bordeleau
Eve-mary Thai Thi Lac,Member of Parliament,2010-10-26,2011-03-23,10,"Eve Marie Thai Thi Lac, Eve-Marie Thai Thi Lac, Eve-Mary Thai Thi Lac, Eve-Mary Thaï Thi Lac, Ève-Marie Thaï Thi Lac, Ève-Mary Thaï Thi Lac"
Evelia Manac'h,Deputy Director,2021-06-07,2021-11-30,3,Evelia Manac'h
Evelyn Dabire,Head of Cooperation | Head of Office,2025-03-31,2025-04-01,2,Evelyn  Dabire
Evelyn Dancey,Associate Assistant Deputy Minister,2013-06-06,2025-03-03,104,"Evelyn Dancey, Evelyn Daney"
Evelyn Dancy,Associate Deputy Minister,2017-05-01,2020-01-21,4,Evelyn Dancy
Evelyn Marcoux,Executive Director,2008-07-21,2008-08-11,2,Evelyn Marcoux
Evelyn Soo,Executive Director,2018-05-22,2024-11-21,14,"Evelyn Soo, Evelynn Soo"
Evelyne Coulombe,Advisor,2021-12-17,2025-04-02,2,Evelyne Coulombe
Evenlyn Chagnon,Senior Policy Analyst,2022-06-14,2022-06-16,2,Evenlyn Chagnon
Everett Palmer,Manager | Senior Policy Advisor,2017-04-04,2025-04-17,2,Everett Palmer
Everson Kaitlin,Policy Advisor,2015-02-05,2015-02-05,1,Everson Kaitlin
Ewa Madey,National Manager,2012-01-04,2012-01-04,1,Ewa Madey
Ewan Dunn,Staffer to Senator,2014-11-17,2023-11-07,11,Ewan Dunn
Excellency David Macnaughton,"Ambassador, Canada to the United States",2018-01-23,2018-01-23,1,His Excellency David MacNaughton
Excellency Julie Payette,Governor General of Canada,2018-11-26,2018-11-26,1,Her Excellency the Right Hon. Julie Payette
Excellency Kevin Vickers,"Ambassador, Canada to Ireland",2017-03-02,2017-03-02,1,His Excellency Kevin Vickers
Eyking Mark,Member of Parliament,2013-10-30,2018-11-08,2,Eyking Mark
Ezechiel Nana,Policy Advisor,2024-05-14,2024-09-05,4,"Ezechiel  Nana, Ezechiel Nana"
Ezio Di Emanuele,"Director, Ontario Region",2009-03-26,2009-03-26,1,Ezio Di Emanuele
