CleanName_version3,CleanTitle_version3,first_appearance,last_appearance,count,dpoh_name_raw
Oana Tranca,Research and Evaluation Analyst,2021-08-17,2021-08-17,1,Oana Tranca
Oana Vasuta,Policy Analyst,2024-04-05,2024-04-05,1,Oana  Vasuta
Oba Harding,Business Officer,2022-07-15,2025-02-18,11,Oba Harding
O'brien Damien,Senior Policy Advisor,2019-02-28,2019-02-28,1,O'Brien Damien
O'brien Stevie,"Director, Parliamentary Affairs",2017-11-08,2017-11-08,1,O'Brien Stevie
Oda Beverlee,Minister,2009-06-04,2009-06-04,1,Oda Beverlee
Odette Johnson,Director,2017-01-31,2017-01-31,1,Odette Johnson
Odile Joannette,Director,2021-09-01,2021-09-01,1,Odile Joannette
Ogesanmola Omitayo,"Senior Advisor, Program Development",2023-04-27,2023-04-27,1,Ogesanmola Omitayo
Ogilvie Kelvin,Senator,2013-05-30,2017-06-06,3,Ogilvie Kelvin
Oh Victor,Senator,2013-02-28,2013-02-28,1,Oh Victor
O'halloran Mark,Special Assistant,2016-11-17,2016-11-17,1,O'Halloran Mark
Olivier Hebert,Director of Policy,2012-12-05,2015-06-09,60,"Olivier Hebert, Olivier Hébert, oilivier Hebert, olivier hebert, olivier hébert"
Olaf Andreas Kjelsen,Ambassador,2024-11-05,2024-11-05,1,Olaf Andreas Kjelsen
Olaf Jensen,Director,2010-01-14,2024-01-19,12,"Olaf  Jensen, Olaf Jensen"
Olaf Kjelsen,Ambassador of Switzerland to Canada,2024-05-28,2024-05-28,1,Olaf  Kjelsen
Olalekan Edwards,Special Assistant,2024-09-09,2024-09-09,1,Olalekan  Edwards
Old Hendrickson,Scientific Advisor,2009-11-24,2009-11-24,1,Old Hendrickson
Olesia Bissett,Policy Analyst,2025-05-27,2025-05-27,1,Olesia Bissett
Olga Radchenko,Director of Policy,2018-11-15,2025-03-14,124,"Olga  Radchenko, Olga Radchenko, Olga Radochenko"
Olga Vovk,"Senior Regional Manager, Europe",2021-04-26,2021-04-26,1,Olga Vovk
Oline Twiss,Parliamentary Affairs,2012-02-15,2013-11-28,9,Oline Twiss
Oliphant Rob,Member of Parliament,2020-10-05,2020-10-05,1,Oliphant Rob
Oliphant Robert,Member of Parliament,2017-11-15,2017-11-15,1,Oliphant Robert
Oliver Anderson,Communications Advisor,2016-03-09,2025-01-30,184,"Oliver Anderson, Olivier Anderson"
Oliver Archer-antonsen,Advisor to the Associate Deputy Minister,2013-02-14,2015-02-03,2,Oliver Archer-Antonsen
Olivier Beaulieu-charbonneau,"Sector Specialist, Dairy Products",2014-09-19,2016-05-16,4,"Oliver Beaulieu-Charbonneau, Olivier Beaulieu-Charbonneau"
Oliver Blake,Policy Advisor,2020-04-02,2022-03-17,7,"Oliver  Blake, Oliver Black, Oliver Blake, Olivier Blake"
Olivier Bullion,"Director, Sustainable Development Goals 2030",2020-11-30,2022-01-11,3,"Oliver Bullion, Olivier Bullion"
Oliver Cullen,Policy Advisor,2016-10-06,2022-10-26,5,Oliver Cullen
Oliver Duchesneau,Chief of Staff,2017-10-02,2019-02-20,4,"Oliver Duchesneau, Olivier Dushesneau"
Olivier Duhaime,Senior Special Assistant,2016-03-30,2021-06-15,76,"Oliver Duhaime, Olivier Duhaime"
Oliver Dumville,Policy Analyst,2020-07-09,2020-07-09,1,Oliver Dumville
Oliver Hebert,Senior Advisor,2013-02-19,2013-02-19,1,Oliver Hébert
Oliver Jarda,Director of Policy and Legal Affairs,2020-06-16,2021-04-22,2,Oliver Jarda
Oliver Joe,"Minister, Natural Resources",2012-01-25,2012-09-04,2,Oliver Joe
Oliver John,Member of Parliament,2016-11-29,2016-11-29,1,Oliver John
Oliver Kanter,Senior Policy Analyst,2019-04-24,2024-11-07,2,Oliver Kanter
Oliver Pas Certain,Policy Advisor,2019-03-01,2019-03-01,1,Oliver Pas certain
Olivier Quirion,Director,2021-03-15,2025-02-25,29,"Oliver Quirion, Olivier  Quirion , Olivier  Quiron, Olivier Quirion, olivier Quirion"
Oliver Roger,"Director, Resources, Environment and Special Projects",2022-01-17,2022-01-17,1,Oliver Roger
Oliver Rogerson,Director,2018-08-21,2024-11-27,51,"Oliver  Rogerson, Oliver Rogerson, oliver rogerson"
Oliver Tremblay-venneri,Legislative Assistant,2024-02-06,2025-03-20,2,"Oliver Tremblay-Venneri, Olivier Tremblay-Venner"
Olivera Blagojevic,Director,2023-08-22,2024-10-09,2,Olivera Blagojevic
Olivia Baldwin Valainis,"Director, Regional Affairs",2009-01-23,2015-02-12,4,"Olivia Baldwin Valainas, Olivia Baldwin Valainis, Olivia Balwin Valainis"
Olivia Baldwin-valainis,"Director, Regional Affairs",2008-11-20,2015-05-21,17,"Olivia Baldwin-Valainis, Olivia Baldwin-Valanis"
Olivia Baldwin-valninis,Regional Director,2009-02-24,2009-02-24,1,Olivia Baldwin-Valninis
Olivia Batten,Press Secretary,2024-04-29,2024-06-14,6,"Olivia  Batten, Olivia Batten"
Olivia Chow,Member of Parliament,2010-03-30,2014-02-04,63,"OLIVIA Chow, Olivia Chow"
Olivia Corps,Parliamentary Assistant,2024-02-13,2024-02-13,1,Olivia Corps
Olivia Fondju,Policy Advisor,2017-10-05,2017-10-05,1,Olivia Fondju
Olivia Fraser-kealey,Director,2024-07-10,2024-07-10,1,Olivia Fraser-Kealey
Olivia Fraser-kealy,Senior Policy Analyst,2024-06-20,2024-06-20,1,Olivia Fraser-Kealy
Olivia Freisen,Intern,2019-05-06,2019-05-06,1,Olivia Freisen
Olivia Gratz,"Market Advisor, Europe and UAE",2024-03-01,2024-03-01,3,Olivia Gratz
Olivia Klasios,Parliamentary Research Assistant,2020-11-27,2022-10-11,16,"Olivia  Klasios, Olivia Klasias, Olivia Klasios"
Olivia Mackay,Communications Assistant,2024-05-01,2025-03-18,2,"Olivia MacKay, Olivia Mackay"
Olivia Mcelrea,Communications Assistant,2024-05-06,2024-05-07,4,"Olivia McElrea, olivia mcelrea"
Olivia Mcmackin,Senior Special Assistant,2021-06-30,2021-07-15,2,Olivia McMackin
Olivia Neal,"Executive Director, Digital",2019-04-11,2019-06-25,2,Olivia Neal
Olivia Quesnel,"Manager, Entrepreneurship Policy",2011-04-01,2011-04-01,1,Olivia Quesnel
Olivia Russo,Staffer to Member of Parliament,2024-05-09,2024-05-22,2,Olivia Russo
Olivia Scieur-aparicio,Policy Advisor,2021-04-23,2024-07-07,6,Olivia Scieur-Aparicio
Olivia Tam,Constituency Assistant,2016-06-02,2016-06-21,2,Olivia Tam
Olivia Wright,Executive Assistant,2023-09-21,2024-11-21,4,Olivia Wright
Olivia Wu,Tax Policy Officer,2023-10-26,2024-10-02,7,Olivia Wu
Olivier Auger,Political Advisor,2017-02-22,2021-11-30,4,Olivier Auger
Olivier Beaubier,Policy Advisor,2016-08-11,2016-08-11,1,Olivier Beaubier
Olivier Bergeron,Policy Advisor,2019-06-20,2021-02-25,2,Olivier Bergeron
Olivier Bourbeau,"Special Advisor, Quebec",2012-11-13,2012-11-13,1,Olivier Bourbeau
Olivier Button,Policy Analyst,2019-04-16,2019-04-16,1,Olivier Button
Olivier Caron,Procurement Manager,2022-11-08,2022-11-15,2,Olivier Caron
Olivier Cullen,Director of Operations,2016-05-16,2023-01-24,80,"Olivier Cullen, Olivier Cullen "
Olivier Descheneau,Chief of Staff,2019-12-11,2019-12-11,1,Olivier Descheneau
Olivier Duchesneau,Senior Advisor,2016-08-23,2022-01-18,117,"Olivier  Duchesneau, Olivier Duchesmeau, Olivier Duchesneau, Olivier Duscheneau, Olivier Duschesneau"
Olivier Jarda,Policy Advisor,2019-03-26,2021-12-01,140,Olivier Jarda
Olivier Nicoloff,Director,2012-09-10,2012-09-10,1,Olivier Nicoloff
Olivier Paradis Beland,Senior Economist,2020-07-31,2023-09-26,20,"Olivier Paradis Beland, Olivier Paradis-Beland"
Olivier Pilon,Press Secretary,2021-06-07,2024-01-17,7,Olivier Pilon
Olivier Tremblay-venneri,Political Advisor,2023-10-05,2024-03-06,3,"Olivier  Tremblay-Venneri, Olivier Tremblay-Venneri"
Olivier Vander Zaag,Special Assistant to the Minister of State,2014-03-04,2014-03-04,1,Olivier Vander Zaag
Olumoye Ajao,"Senior Engineer, Natural Gas and Hydrogen Division",2023-11-01,2023-11-01,1,Olumoye  Ajao 
Oluwatobi Adeyinka,Sector Analyst,2024-12-11,2024-12-11,3,"Oluwatobi  Adeyinka , Oluwatobi Adeyinka"
Omar Algahabra,Member of Parliament,2017-11-30,2018-12-11,3,"Omar Algahabra, Omar Alghanbra, Omar Alghbra"
Omar Algahbra,Parliamentary Secretary,2018-10-18,2018-10-18,2,Omar Algahbra
Omar Alghaba,Parliamentary Secretary,2019-04-02,2019-04-02,1,Omar Alghaba
Omar Alghabra,"Minister, Transport",2016-02-01,2025-02-11,568,"Hon. Omar Alghabra, OMAR ALGHABRA, Omar  Alghabra , Omar Alghabra, Omar alghabra, The Hon. Omar Alghabra, The Honourable Omar Alghabra, omar  alghabra"
Omar Ali,"Policy Analyst, Recruitment and Development Program",2022-03-10,2022-03-10,1,Omar Ali
Omar Arana-lopez,Constituency Assistant,2016-05-24,2016-05-24,1,Omar Arana-Lopez
Omar El Shayal,Senior Trade Commissioner,2011-06-24,2011-06-24,1,Omar El Shayal
Omar Lockhat,Senior Manager,2020-01-21,2024-11-18,6,"Omar Lockhart, Omar Lockhat"
Omar Najm,Director General,2023-07-26,2023-07-26,1,Omar Najm
Omar Rajabali,Director General,2013-10-15,2024-02-21,22,"Omar  Rajabali , Omar Rajabali"
Omar Sabry,Policy Advisor,2016-11-22,2019-04-26,9,Omar Sabry
Omar Subhani,"Director General, Digital Strategy",2019-06-25,2021-03-04,4,Omar Subhani
Omar Tounekti,"Manager, Gene Therapies Division",2022-08-17,2022-08-17,1,Omar Tounekti
Omer Aziz,Policy Advisor,2017-11-29,2017-11-29,1,Omer Aziz
Omer Boudreau,Vice President,2011-01-12,2011-03-25,2,Omer Boudreau
Omron Ghadban,Senior Procurement Advisor,2024-02-14,2024-02-14,1,Omron  Ghadban 
Opdam Peter,Senior Policy Advisor,2022-12-02,2022-12-02,1,Opdam Peter
Ophelia John,Senior Policy Advisor,2021-04-16,2025-02-25,87,"Ophelia  John, Ophelia  John , Ophelia John, Ophilia John"
Ophelia Johnson,Policy Advisor,2022-09-23,2022-09-23,2,Ophelia Johnson
Orbach Miller Harry,Policy Advisor and Senior Coordinator,2024-07-29,2024-07-29,1,Orbach Miller Harry
O'regan Seamus,Member of Parliament,2017-03-06,2017-03-06,1,O'Regan Seamus
Oren Cainer,Senior Policy Advisor,2009-05-28,2015-01-16,80,"OREN CAINER, Oren Cainer"
Oren Canier,Deputy Chief of Staff,2014-11-17,2014-11-17,1,Oren Canier
Orest Dykyj,"Deputy Director, Climate Finance",2021-07-14,2021-07-14,1,Orest Dykyj
Orli Joseph,Special Assistant,2012-09-19,2013-06-11,3,Orli Joseph
Oryssia Lennie,Deputy Minister,2009-02-10,2009-05-08,5,"Orissa Lennie, Oryssia Lennie"
Oshada Mendis,Science and Technology Advisor,2018-08-14,2021-08-06,3,Oshada Mendis
O'shea Kevin,Assistant Secretary,2013-02-06,2013-02-06,1,O'Shea Kevin
Osman Naqvi,Parliamentary Secretary,2020-06-26,2025-01-29,27,Osman Naqvi
Osob Daar,Senior Advisor,2022-07-19,2022-07-19,1,Osob Daar
Osvaldo Sandoval,Policy Analyst,2023-06-19,2023-06-19,1,Osvaldo Sandoval
Ozren Jungic,Policy Advisor,2021-12-14,2024-12-20,7,"Oszren Jungic, Ozren  Jungic, Ozren  Jungic , Ozren Jungic"
Otto Andrew,Senior Tax Policy Officer,2009-11-11,2009-11-11,1,Otto Andrew
Ouafa Benchekroun,"Senior Economist, Policy Analysis and Coordination",2013-07-31,2013-07-31,1,Ouafa Benchekroun
Ouassim Meguellati,Director General,2015-01-13,2015-01-27,2,Ouassim Meguellati
Ouellett Annie,Advisor,2025-04-08,2025-04-08,1,Ouellett Annie
Oujjal Dosanjh,Health Critic,2011-03-02,2011-03-02,1,Oujjal Dosanjh
Oula Hreiche,Policy Analyst,2022-08-23,2023-05-04,3,"Oula Hreich, Oula Hreiche"
Oula Sanduga,Executive Assistant,2014-03-14,2014-03-14,1,Oula Sanduga
Oussamah Tami,Deputy Director,2023-05-10,2023-05-10,1,Oussamah Tami
Oussamah Tamim,EduCanada Brand and Mission Support,2023-06-15,2023-06-15,1,Oussamah Tamim
Outhwaite Krista,Associate Deputy Minister,2011-05-17,2011-05-17,1,Outhwaite Krista
Owen Lippert,Senior Policy Advisor,2008-08-15,2008-08-25,2,Owen Lippert
Owen Mcadams,Regional Advisor,2022-05-26,2024-12-06,18,Owen McAdams
Owen Parker,Policy Analyst,2021-01-15,2021-07-22,2,Owen Parker
Owen Ripley,Associate Assistant Deputy Minister,2018-11-08,2024-10-08,127,Owen Ripley
Owen Teo,Director of Policy,2012-10-10,2023-03-14,61,Owen Teo
Owen Thomas Ripley,Director General,2021-05-31,2021-05-31,1,Owen Thomas Ripley
Owen Wilson,Parliamentary Assistant,2021-10-26,2022-03-04,2,Owen Wilson
Owen Woodger,Acting Manager,2023-01-19,2023-03-09,3,Owen Woodger
Owen Yeo,Director of Policy,2016-06-08,2016-06-08,1,Owen Yeo
Oyundari Galsandorj,Trade Commissioner,2014-10-14,2014-10-14,1,Oyundari Galsandorj
Oz Jungic,Policy Advisor,2019-05-15,2025-06-14,400,"Oz  Jungic, Oz  Jungic , Oz Junci, Oz Juncic, Oz Jungcic, Oz Jungic, Oz Jungic , Oz Jungric, oz Jungic"
