CleanName_version3,CleanTitle_version3,first_appearance,last_appearance,count,dpoh_name_raw
Y. Baltacioglu,Deputy Minister,2008-07-08,2008-07-08,1,Y. Baltacioglu
Ya'ara Saks,Member of Parliament,2020-11-25,2025-03-07,296,"Hon. Ya'ara Saks, Ms. Ya'ara Saks, M.P., The Honourable Ya'ara  Saks , The Honourable Ya'ara  Saks, P.C., M.P. , The Honourable Ya'ara  Saks, P.C., M.P.  , YA'ARA Saks, Ya 'ara Saks, Ya'ara  Saks, Ya'ara  Saks , Ya'ara Saks, Ya'ra Saks, Ya'raa Saks, Ya’ara  Saks, Ya’ara Sakas, Ya’ara Saks"
Yaa Cole,Policy Analyst,2020-07-10,2023-10-24,5,Yaa Cole
Yad Bhuller,"Acting Director General, Health Evaluation Directorate",2020-08-20,2020-08-20,1,Yad Bhuller
Yaelle Gang,"Special Assistant, Policy and Communications",2013-04-26,2015-04-30,82,"Yaelle Gang, yaelle gang"
Yaelle Gange,Executive Assistant,2013-06-06,2013-09-20,2,Yaelle Gange
Yaelle Sang,Policy Advisor,2013-11-29,2013-12-02,2,"Yaelle Sang, Yanelle Gang"
Yahya Alikhan,Legislative Assistant,2023-08-21,2024-02-09,3,Yahya Alikhan
Yakabuski John,Member of Parliament,2011-03-08,2011-03-08,1,Yakabuski John
Yamirka Gomez,Assistant to the Director General,2019-04-23,2019-04-23,1,Yamirka Gomez
Yan Foucher,Policy Advisor,2018-06-19,2024-02-16,3,Yan Foucher
Yan Plante,Chief of Staff,2010-02-25,2018-11-22,25,Yan Plante
Yan Poirier,Director,2016-02-23,2016-02-23,1,Yan Poirier
Yan William,Acting Director,2010-06-10,2010-06-10,1,Yan William
Yana Almer,Executive Assistant,2020-11-17,2025-02-25,10,"Yana  Almer, Yana Almer"
Yana Lukasheh,Parliamentary Affairs Advisor,2016-04-12,2017-05-18,5,Yana Lukasheh
Yana Titarenko,Director of Communications,2024-10-29,2024-10-29,1,Yana Titarenko
Yaneth Mahecha Bolanos,Policy Analyst,2025-02-24,2025-02-24,1,Yaneth Mahecha Bolanos
Yanick Clement-godbout,"Senior Program Manager, Retrofit Assessments",2009-07-09,2018-10-03,4,"Yanick Clement-Godbout, Yanick Clément-Godbout"
Yanick Gauthier,Advisor,2008-08-20,2008-08-27,2,Yanick Gauthier
Yanick Williams,Policy Advisor,2016-12-08,2016-12-08,1,Yanick Williams
Yanique Williams,Policy Advisor,2016-04-12,2020-10-09,162,"Ms. Yanique Williams, Yanique Williams, Yanique Willliams, Yannique Williams, yanique williams"
Yann Borgne,Special Assistant to the Parliamentary Secretary,2018-09-26,2019-01-30,9,"Yann La Borgne, Yann Le Borgne, Yann Le Bourne"
Yann Denis,"Manager, Industry and Academic Relations",2023-05-08,2024-10-30,6,Yann Denis
Yann Malara,"Manager, Project Management Office",2009-08-19,2009-08-19,1,Yann Malara
Yanne Messi Ngabelinga,Acting Director General,2021-04-27,2021-04-27,1,Yanne Messi Ngabelinga
Yannic Lamonde,Director,2021-06-18,2021-06-18,1,Yannic Lamonde
Yannick Beaudoin,Policy Analyst,2017-05-30,2017-05-30,1,Yannick Beaudoin
Yannick Beland,"Superintendent, Trois-Rivières Office",2024-02-27,2024-02-27,1,Yannick Béland
Yannick Cote-steben,Analyst-Economist,2024-11-12,2024-11-12,1,Yannick Cote-Steben
Yannick Hebert,Acting Director General,2017-10-10,2017-10-10,1,Yannick Hébert
Yannick Lacharite,"Director, Broadband Engineering, Mapping and Data Coordination",2020-10-01,2023-03-30,2,"Yannick Lacharite, Yannick Lacharité"
Yannick Leclair,Senior Policy Analyst,2011-11-01,2011-11-01,1,Yannick Leclair
Yannick Monaghan,Director,2024-12-17,2024-12-17,1,yannick Monaghan
Yannick Mondy,"Director, Trade and Tariff Policy",2015-11-18,2024-01-11,22,"Yannick  Mondy, Yannick Mondy, Yannick Mondy , Yannick Money"
Yannick Simard,Executive Assistant,2021-07-10,2021-07-10,1,Yannick Simard
Yannick Steben,Senior Economist,2024-12-11,2024-12-11,1,Yannick Steben
Yannick Williams,Director of Policy,2020-04-29,2020-04-29,1,Yannick Williams
Yannik Mondy,"Director, International Affairs Branch",2017-08-30,2017-08-30,1,Yannik Mondy
Yaprak Baltac&#305;o&#287;lu,Deputy Minister,2010-08-26,2010-08-26,1,Yaprak Baltac&#305;o&#287;lu
Yaprak Baltacio&#287;lu,Deputy Minister,2009-10-28,2011-07-20,3,Yaprak Baltacio&#287;lu
Yaprak Baltacioglu,Deputy Minister,2008-07-08,2017-12-11,185,"Ms. Yaprak Baltacioglu, YAPRAK BALTACIOGLU, Yaprack Baltacioglu, Yaprah Baltacioglu, Yaprak , Baltacioglu, Yaprak Baltachioglu, Yaprak Baltaciaglu, Yaprak Baltacioglu, Yaprak Baltacioglu,, Yaprak Baltaciogly, Yaprak Baltaciolglu, Yaprak Baltaciouglu, Yaprak Balticioglu, Yaprak Baltocioglu"
Yaprak Baltigioulu,Deputy Minister,2008-07-09,2008-07-09,9,"Yaprak Baltigioulu, yaprak Baltigioulu"
Yarko Petryshyn,Senior Policy Advisor,2018-10-29,2019-05-29,29,Yarko Petryshyn
Yarko Petryshyn Petryshyn,Senior Policy Advisor,2019-06-19,2019-06-19,1,Yarko Petryshyn Petryshyn
Yaroslav Baran,Chief of Staff,2008-07-10,2009-08-28,3,Yaroslav Baran
Yaseen Abdulhai,Parliamentary Intern,2021-06-28,2021-06-28,1,Yaseen Abdulhai
Yash Dogra,Policy Advisor,2021-12-07,2021-12-07,3,"Yash Dogra, Yasha Dogra"
Yash Nanda,Policy Advisor,2019-07-05,2025-06-12,503,"Yash  Nanda, Yash Nanda, Yash Nanda "
Yasir Naqv,Parliamentary Secretary,2024-10-22,2024-10-22,1,Yasir Naqv
Yasir Naqvi,Member of Parliament,2016-08-08,2025-06-03,236,"Yasir  Naqvi, Yasir  Naqvi , Yasir Naqvi, yasir Naqvi, yasir naqvi"
Yasir Sultan,Executive Director,2023-09-08,2025-02-14,6,"Yasir  Sultan, Yasir  Sultan , Yasir Sultan"
Yasir Syed,Senior Project Leader,2012-12-17,2012-12-17,1,Yasir Syed
Yasmeen Gagnon,Senior Program Officer,2016-07-27,2017-09-22,2,Yasmeen Gagnon
Yasmine Atassi,Policy Advisor,2021-06-23,2025-06-06,248,"Yasmin Atassi, Yasmine  Atassi, Yasmine  Atassi , Yasmine Atassi, Yasmine Atassi , Yasmine Attasi"
Yasmin Gardaa,Research and Policy Officer,2011-07-07,2011-07-07,2,"Yasmin Gardaa, Yasmin Gardaad"
Yasmin Ratansi,Member of Parliament,2010-09-28,2021-12-02,138,"Yasman Ratansi, Yasmin Ratansi, Yasmin Ratanski, Yasmin Ratsani, Yasmin Rtansi"
Yasmin Shaker,Special Advisor,2018-03-26,2018-06-26,8,Yasmin Shaker
Yasmin Yasmin Ratansi,Member of Parliament,2020-08-25,2020-08-25,1,YASMIN YASMIN RATANSI
Yasmina Ghibely,Senior Advisor,2014-02-04,2014-02-04,1,Yasmina Ghibely
Yasmine Attassi,"Executive Assistant to the Chief of Staff and Special Assistant, Policy",2022-01-21,2022-01-21,2,Yasmine Attassi
Yasmine Bubteina,Legislative Assistant,2023-01-16,2023-06-13,9,"Yasmin  Bubteina, Yasmine  Bubteina, Yasmine Bubteina"
Yasmine Laroche,Assistant Deputy Minister,2009-01-06,2009-01-06,1,Yasmine Laroche
Yaw Asiedu,"Program Manager, System Integration Analysis",2024-06-04,2024-06-04,1,Yaw Asiedu
Yazen Abed,Policy Analyst,2024-10-07,2025-02-14,3,Yazen Abed
Yazmine Laroche,Associate Deputy Minister,2011-12-01,2020-08-19,69,"Yazmine LaRoche, Yazmine Laroche, Yazmine Larouche"
Yeba Sandega,Senior Policy Advisor,2021-02-17,2022-01-28,3,"Yeba Sandega, Yeba Sendanga, Yeba Sendenga"
Yeen Ten Hwang,"Manager, Recovery Planning and Regulatory Affairs Section",2023-10-05,2024-01-17,2,Yeen Ten Hwang
Yelich Lynne,Member of Parliament,2014-06-02,2014-06-02,1,Yelich Lynne
Yentl Beliard-joseph,Communications Advisor,2021-05-28,2021-05-28,1,Yentl Beliard-Joseph
Yentl Joseph,Press Secretary,2022-01-17,2022-01-17,1,Yentl  Joseph
Yeong Yoo,Research Officer,2022-05-20,2022-05-20,1,Yeong Yoo
Yianni Papadatos,Policy Advisor,2023-12-04,2025-06-05,18,"Yanni Papadatos, Yianni Papadatos, Yianni Papapdatos, Yianni papadatos"
Yiota Kokkinos,Director General,2015-06-19,2020-05-20,21,"Yiota Kokkinos, Yiota kokkinos, Yiotta Kokkinos, yiota kokkinos"
Yiota Kokkinos Kokkinos,"Director General, International Energy Division",2017-09-21,2017-09-21,1,Yiota Kokkinos Kokkinos
Yo Ishikawa,"Vice Consul, Japan to Canada",2024-11-14,2024-11-14,1,Yo  Ishikawa
Yoan Marier,Board Member,2021-11-16,2024-11-06,4,Yoan Marier
Yohann Vaudrin,"Vice President, Corporate Finance",2024-07-03,2024-07-22,2,Yohann Vaudrin
Yohanna Loucheur,Senior Policy Analyst,2013-07-10,2016-05-19,2,Yohanna Loucheur
Yoland Charette,Chief,2019-01-03,2019-01-03,1,Yoland Charette
Yolanda Collins,Newfoundland East Field Unit,2021-02-23,2021-02-23,1,Yolanda Collins
Yonah Martin,Senator,2010-10-05,2024-11-27,110,"Hon. Yonah Martin, SENATOR YONAH MARTIN, Yonaah Martin, Yonah Martim, Yonah Martin"
Yorke Emiliy,Policy Advisor,2019-02-26,2019-02-26,1,Yorke Emiliy
Youmy Hahn,Policy Advisor,2021-04-08,2021-04-08,1,Youmy Hahn
Youmy Han,Deputy Chief of Staff,2019-04-04,2025-05-06,238,"Youmy  Han, Youmy  Han , Youmy Han"
Youn-young Park,Policy Analyst,2023-07-04,2023-11-02,3,Youn-Young Park
Youri Rousseau,Regional Director,2017-03-28,2017-04-27,2,Youri Rousseau
Yousefian Farzin,Senior Advisor,2019-02-26,2019-02-26,1,Yousefian Farzin
Youssef El Jai,Director,2019-11-21,2020-11-02,2,Youssef El Jai
Youssef Zine,Competition Advocate,2024-10-31,2024-10-31,1,Youssef  Zine
Youssef Zine Elabidine,Competition Law Officer,2023-11-02,2023-11-02,1,Youssef Zine Elabidine
Yu Changxue,"Minister Counsellor, Chinese Embassy",2020-09-14,2020-09-14,1,Yu Changxue
Yuan Yi Zhu,Policy Advisor,2024-02-23,2024-11-22,13,"Yuan  Yi Zhu, Yuan Yi   Zhu, Yuan Yi Zhu, Yuan Zhu"
Yuan Zheng,Staffer,2019-05-06,2019-05-06,1,Yuan (Alice) Zheng
Yuanyue Geng,Policy Officer,2021-10-13,2021-10-13,1,Yuanyue Geng
Yuen Pau Woo,Senator,2017-02-10,2025-06-11,132,"The Hon. Yuen Pau Woo, Yen Pau Woo, Yuan Pau Woo, Yuen Pao Woo, Yuen Pau	Woo, Yuen Pau Woo"
Yummy Han,Special Assistant to the Minister,2020-10-31,2020-10-31,1,Yummy Han
Yuriv Shelkovyy,"Researcher, NDP Caucus Services",2011-05-31,2011-05-31,1,Yuriv Shelkovyy
Yury Mardak,Trade Commissioner,2019-06-13,2019-06-13,1,Yury Mardak
Yuval Daniel,Policy Advisor,2022-12-07,2024-05-16,4,"Yuval Daniel, Yuval Daniel  "
Yvan Baker,Member of Parliament,2019-11-18,2025-06-05,179,"Yvan  Baker, Yvan Baker, Yvan Barker"
Yvan Blondin,"Chief, Air Force",2012-02-15,2015-03-16,9,Yvan Blondin
Yvan Chabot,Flight Technical Engineer,2024-06-05,2024-06-05,1,Yvan Chabot
Yvan Dery,"Acting Director General, Official Languages Support Program",2011-11-30,2018-04-09,23,Yvan Déry
Yvan M. Dery,"Director, Policy and Research",2012-01-27,2012-03-20,2,Yvan M. Dery
Yves Bacon,"Assistant Comptroller General, Financial Management Transformation",2019-05-31,2019-05-31,1,Yves Bacon
Yves Beaulieu,"Consul, Consulate General of Canada",2019-03-13,2019-03-13,1,Yves Beaulieu
Yves Bourassa,Director,2016-04-12,2016-04-12,1,Yves Bourassa
Yves Comeau,"Director, Communications",2017-07-14,2017-11-16,3,Yves Comeau
Yves Cote,Commissioner of Canada Elections,2009-04-30,2018-12-19,3,"Yves Cote, Yves Côté"
Yves Desjardins-siciliano,President and Chief Executive Officer,2012-02-29,2018-10-24,5,"Yves Desjardins-Siciliano, yves Desjardins-Siciliano"
Yves Duguay,"Senior Vice President, Operations",2008-08-26,2011-11-09,3,Yves Duguay
Yves Dupras,"Advisor, Quebec",2014-11-10,2019-02-18,3,Yves Dupras
Yves Dushimimana,"Senior Economist, Financial Institutions Division",2020-11-17,2024-05-08,6,"Yves Dushimimana, Yves Dushimimana "
Yves Francis Odia Ndongo,Tax Policy Officer,2022-02-25,2022-02-25,1,Yves Francis Odia Ndongo
Yves Gagnon,Senior Policy Advisor,2010-11-24,2013-05-16,13,Yves Gagnon
Yves Gauthier,"Manager, HADCS",2014-12-19,2014-12-19,1,Yves Gauthier
Yves Gingras,"Senior Director, Economic Policy",2013-05-30,2013-05-30,1,Yves Gingras
Yves Giroux,Parliamentary Budget Officer,2009-02-04,2025-03-20,12,Yves Giroux
Yves Gonthier,"Senior Engineer, Exploration Strategic Planning",2020-07-09,2020-07-09,1,Yves Gonthier
Yves Joseph Rosalbert,"Director, Parliamentary Affairs",2024-01-25,2024-01-25,1,Yves Joseph Rosalbert
Yves Leboeuf,Vice President,2008-07-22,2014-04-07,45,"YVes Leboeuf, Yves Laboeuf, Yves Laboeur, Yves Lavoeuf, Yves LeBeouf, Yves LeBoeuf, Yves Lebeouf, Yves Leboef, Yves Leboeuf"
Yves Lavergne,Technical Director,2008-09-09,2009-02-17,3,Yves Lavergne
Yves Lavoie,Director,2023-08-22,2024-01-09,5,Yves Lavoie
Yves Lebel,Parliamentary Attaché,2017-10-19,2017-10-19,2,Yves Lebel
Yves Leguerrier,Chief Delegate for Canada to FCTC,2009-06-22,2009-06-22,1,Yves Leguerrier
Yves Lemoullec,Director,2022-07-21,2024-02-14,4,Yves Lemoullec
Yves Lessard,Member of Parliament,2010-10-26,2011-03-02,10,Yves Lessard
Yves Moullec,Officer,2023-02-23,2024-05-03,4,Yves Le Moullec
Yves Parent,Member of Parliament,2024-02-27,2024-02-27,1,Yves Parent
Yves Perron,Member of Parliament,2019-11-20,2025-02-21,251,"Yves  Perron, Yves Parron, Yves Perron"
Yves Plourde,"Advisor, Industrial Technology",2012-11-14,2012-11-14,1,Yves Plourde
Yves Poirier,"Director, Economic Development",2018-02-28,2024-01-18,15,"Yves  Poirier, Yves Poirier, Yves Porier"
Yves Richard,Industrial Research Assistant,2018-11-01,2019-03-29,5,Yves Richard
Yves Robillard,Member of Parliament,2016-03-08,2024-02-23,51,Yves Robillard
Yves Saint-germain,Director,2017-08-16,2022-05-05,10,Yves Saint-Germain
Yves-duclos Jean,Minister,2017-06-21,2017-06-21,1,Yves-Duclos Jean
Yves-frances Odia Ndongo,Analyst,2020-06-03,2020-06-03,1,Yves-Frances Odia Ndongo
Yves-francois Blanchet,Member of Parliament,2019-04-03,2025-04-25,150,"Yves Francois Blanchet, Yves François Blanchet, Yves-Francois Blanchet, Yves-François  Blanchet, Yves-François Blanchet, Yves-François Blanchette, Yves-François  Blanchet"
Yves-froncois Blanchet,Party Leader,2020-09-03,2020-09-03,1,Yves-Froncois Blanchet
Yves-joseph Rosalbert,Policy Advisor,2021-04-08,2024-02-26,10,"Yves-Joseph  Rosalbert, Yves-Joseph Rosalbert"
Yvette Meyer,Regional Director,2014-01-13,2016-01-04,2,"Yvette Meyer, Yvette Meyers"
Yvette Mulder,Oceans Program and Planning Officer,2020-08-25,2020-08-25,1,Yvette Mulder
Yvette Myers,Executive Director,2016-09-20,2019-01-30,6,Yvette Myers
Yvette-monique Gray,Regional Director,2023-06-19,2024-01-16,4,Yvette-Monique Gray
Yvon Giroux,"Senior Industry Officer, Forest Industries Directorate",2010-11-05,2010-11-05,1,Yvon Giroux
Yvon Godin,Member of Parliament,2010-08-23,2018-12-06,105,"YVON GODIN, Yvan Godin, Yves Godin, Yvon Godin"
Yvon Jeghers,First Vice President,2015-05-21,2015-05-21,1,Yvon Jeghers
Yvon Levesque,Member of Parliament,2010-10-25,2011-03-23,14,"Yvon Levesque, Yvon Lévesque"
Yvon Long,Advisor,2018-05-08,2023-11-22,3,"Yvon  Long, Yvon Long"
Yvon Martel,"Chief Scientist, International",2010-02-16,2011-03-10,2,Yvon Martel
Yvonne Boyer,Senator,2018-05-23,2024-03-21,15,Yvonne Boyer
Yvonne Chin,Regional Director,2019-10-29,2019-10-29,1,Yvonne Chin
Yvonne Grunenthaler,Trade Commissioner,2022-05-11,2022-05-11,2,Yvonne Grunenthaler
Yvonne Hundey,Constituency Assistant,2020-10-27,2020-10-27,1,Yvonne Hundey
Yvonne Jones,Member of Parliament,2013-10-21,2025-03-02,269,"Yovnne Jones, Yvonee Jones, Yvonne Johnes, Yvonne Jones, Yvonne Jones MP, Yvonne Jonnes"
Yvonne Morkos,Project and International Banking Manager,2013-04-02,2013-04-02,1,Yvonne Morkos
Yvonne Says,Outreach and Advocacy,2020-12-03,2020-12-03,1,Yvonne Says
Yvonne Uche-odu-thomas,"Director, Legar Department",2020-02-13,2020-02-13,1,Yvonne Uche-Odu-Thomas
Yvonne Zadra,Trade Commissioner,2015-11-24,2016-02-26,3,Yvonne Zadra
