CleanName_version3,CleanTitle_version3,first_appearance,last_appearance,count,dpoh_name_raw
Aaron Fowler,Director,2017-08-24,2017-08-24,1,Fowler Aaron
F Mary Williams,Director General,2010-10-07,2010-10-07,1,F Mary Williams
F-p Champagne,Minister,2017-02-07,2017-02-07,1,F-P Champagne
F. Gigi Osler,Senator,2023-03-21,2024-02-20,12,F. Gigi Osler
Fabian Manning,Senator,2010-03-16,2024-12-03,106,"FABIAN MANNING, Fabian  Manning, Fabian Manning, Hon. Fabian Manning, The Hon. Fabian Manning, The Honourable Senator Fabian Manning"
Fabien Lefebvre,"Director, Railway Safety Act Review Secretariat",2018-02-07,2018-02-07,1,Fabien Lefebvre
Fabien Lengelle,Director General,2013-07-24,2013-07-24,1,Fabien Lengelle
Fabienne Hick,Manager,2024-05-17,2024-05-17,1,Fabienne Hick
Fabio Onesi,Executive Director,2018-06-25,2018-06-25,1,Fabio Onesi
Fabrice Ahadi Mugwa,Special Assistant,2025-05-28,2025-05-28,1,Fabrice Ahadi Mugwa
Fabrice Lucherini,Industrial Technology Advisor,2018-03-23,2018-10-25,3,Fabrice Lucherini
Fabrice Nimpagaritse,Deputy Director,2022-11-25,2024-05-29,4,"Fabrice  Nimpagaritse , Fabrice Nimpagaritse"
Faduma Yusuf,Senior Specialist,2023-02-13,2023-02-13,1,Faduma  Yusuf
Fahad Soomro,Analyst,2024-03-18,2024-03-18,1,Fahad Soomro
Faheem Al Norr,Manager,2019-04-11,2019-10-01,3,Faheem Al Norr
Fairooz Reaz,Analyst,2023-09-11,2023-09-11,1,Fairooz Reaz
Faith Mcintyre,Director General,2018-03-21,2025-03-25,8,Faith McIntyre
Faith Scattalon,Regional Director General,2012-07-23,2013-11-07,4,"Faith Scattalon, Faith Scattolon"
Faiza Ahmed,Counsel,2021-02-18,2021-02-18,1,Faiza Ahmed
Faiza Aklil,"National Manager, Animal Import and Export Division",2024-08-01,2024-08-28,2,Faiza Aklil
Faiza Hussein,Constituency Assistant,2024-10-08,2024-10-08,1,Faiza  Hussein
Faizal Gukkamhussein,Policy Advisor,2018-01-31,2018-01-31,1,Faizal GukkamHussein
Faizel Auhamhussein,Policy Advisor,2018-02-02,2018-02-02,1,Faizel Auhamhussein
Faizel Gulamhussein,Senior Policy Advisor,2017-12-13,2025-02-05,271,"Faisel Gulamhussein, Faizal Gulamhussein, Faizel Ghulamhussein, Faizel Gulamhussein, Faizel Gulamhussein , Faizel Gulamhussien, Faizel Gulamhusssein, Faizel Gulhamhussein, Faizel Guluamhussein, Fayzel Gulamhussein, faizel Gulamhussein, faizel gulamhussein"
Faizel Gullamhusein,Senior Assistant Deputy Minister,2018-11-29,2018-11-29,1,Faizel Gullamhusein
Fance Fortier,Director of Policy,2023-10-20,2023-10-20,1,Fance Fortier
Francois Delisle,Policy Advisor,2014-08-26,2020-11-03,12,"Fancois Delisle, Francois Delisle, François Delisle, François Délisle"
Fanie Thibeault,Policy Analyst,2015-11-17,2015-11-17,2,Fanie Thibeault
Fannie Lalonde,"Manager, Program",2022-03-18,2023-03-23,18,"Fannie Lalonde, fannie Lalonde"
Fannie Ouellette,Advisor,2017-05-23,2017-05-23,1,FANNIE OUELLETTE
Fanny Bertrand,Technical Advisor,2018-12-04,2018-12-04,1,Fanny Bertrand
Fanta Kamissoko,Executive Agent,2023-12-01,2023-12-01,1,Fanta Kamissoko
Fara Shah,Director of Policy,2022-03-24,2025-04-08,14,Fara Shah
Farah Dossa,"Regional Manager, Education",2016-08-11,2016-08-11,1,Farah Dossa
Farah Huq,Chief International Talent Officer,2024-08-14,2025-03-18,8,"Farah  Huq, Farah Huq"
Farah Shah,Policy Advisor,2022-04-26,2022-04-26,1,Farah Shah
Farangies Shah,Policy Advisor,2021-11-10,2025-03-07,194,"Faranghies Shah, Farangies  Shah, Farangies  Shah , Farangies Shah, Farangies Shah , Farangies Shaw"
Farees Nathoo,Special Assistant,2016-11-17,2024-03-15,34,"FAREES NATHOO, Farees Nathoo"
Fares Al Soud,Policy Advisor,2024-04-25,2025-06-03,49,"Fares  Al Soud, Fares Al Soud"
Fares Al-soud,Policy Advisor,2024-08-01,2024-08-09,2,Fares Al-Soud
Farhia Ahmed,Director General,2025-01-16,2025-01-16,1,Farhia Ahmed
Farid Sohrab,Director,2023-11-06,2023-11-06,1,Farid Sohrab
Farida Rehmat,Development Officer,2023-01-12,2023-01-12,1,Farida Rehmat
Fariha Abedin,Senior Analyst,2020-12-22,2021-04-23,4,Fariha Abedin
Fariya Syed,Director,2022-11-15,2022-11-15,1,Fariya  Syed
Farnaz Behrooz,Senior Policy Officer,2024-11-21,2025-06-04,2,Farnaz Behrooz
Farnaz Farrokhi,Special Assistant to the Director of Policy,2010-10-14,2011-07-26,8,Farnaz Farrokhi
Farouk Karim,Issues Coordinator,2015-03-09,2015-04-28,7,Farouk Karim
Farrah Fleurimond,Executive Director,2015-06-19,2025-03-28,30,"Farrah  Fleurimond, Farrah Fleurimond"
Farrah Fleurimont,"Manager, Dangerous Goods Transportation",2016-01-12,2016-02-09,2,Farrah Fleurimont
Farrah Fulton,Senior Business Officer,2023-06-21,2023-06-21,1,Farrah Fulton
Farrah Kerkadi,"Policy Advisor, Official Languages and Quebec",2024-11-19,2024-11-19,1,Farrah Kerkadi
Farrah Lilia Kerkadi,"Advisor, Issues and Assistant to the Parliamentary Secretary",2022-11-24,2022-11-24,1,Farrah Lilia Kerkadi
Farrah-lilia Kerkadi,Policy Advisor,2022-11-24,2025-01-27,15,"Farrah-Lila Kerkadi, Farrah-Lilia  Kerkadi , Farrah-Lilia Kerkadi"
Farzad Jalaei,Research Officer,2022-07-11,2022-11-29,2,"Farzad  Jalaei , Farzad Jalaiei"
Farzana Saadat,Regulatory Project Manager,2012-02-28,2012-02-28,1,Farzana Saadat
Farzin Yousefian,Policy Advisor,2018-10-15,2019-04-03,5,Farzin Yousefian
Fast Ed,Member of Parliament,2019-05-14,2019-05-14,1,Fast Ed
Fast Edward,"Minister, International Trade | Minister, Foreign Affairs",2013-01-30,2013-01-30,1,Fast Edward
Fateh Fazeli,Research Scientist,2012-03-22,2012-03-22,1,Fateh Fazeli
Fatima Abassi,Chief of Staff,2024-01-11,2024-06-11,2,"Fatima Abassi, Fatima Abbasi"
Fatima Ali,Constituency Assistant,2022-01-31,2022-03-02,2,Fatima Ali
Fatima Asghar,Policy Advisor,2023-11-20,2025-03-03,53,"Fatima  Asghar, Fatima Asghar, Fatima Asghar , Fatima Ashgar, fatima asghar"
Fatima Said,"Special Assistant, Regional and Parliamentary Affairs",2022-03-07,2022-03-07,2,Fatima Said
Fatimah Nadhum,Intern,2019-05-14,2019-05-14,1,Fatimah Nadhum
Fatine Bahri,"Counselor, Embassy of Tunisia in Ottawa",2024-05-28,2024-05-28,1,Fatine Bahri
Fatini-hellas Diamandis,Parliamentary Secretary,2018-02-07,2018-02-07,1,Fatini-Hellas Diamandis
Fatma Ben Sayeh,Senior Program Officer,2024-10-25,2024-10-25,1,Fatma Ben Sayeh
Fatou Toure,Constituency Assistant,2022-01-24,2022-09-06,3,Fatou Toure
Fawaz Fakim,Senior Policy Advisor,2022-02-01,2022-08-18,2,Fawaz Fakim
Faye Ackermans,Member,2014-11-07,2018-08-09,4,"Fay Ackermans, Faye Ackermans"
Fayaz Manji,Director,2020-07-07,2022-11-02,20,"Fayaz  Manji, Fayaz Manji"
Faycal El-khoury,Member of Parliament,2016-01-26,2025-06-03,131,"Faycal Al-Khoury, Faycal El-Khoury, Fayçal El-Khoury, Façal El-Khoury"
Faye Ali,Parliamentary Assistant,2024-06-27,2024-06-27,1,Faye Ali
Faye Wu,Senior Program Officer,2022-08-02,2022-12-19,2,"Faye  Wu, Faye Wu"
Fazal Musa,Legislative Assistant,2024-05-16,2024-11-26,9,Fazal Musa
Frederic Bissonnette,Executive Director,2021-03-26,2025-05-01,41,"Federic Bissonnette, Frederic  Bissonnsette, Frederic Bissonnet, Frederic Bissonnette, Frederic Bissonnsette, Frédéric  Bissonnette, Frédéric Bissonnette, Frédéric Bissonnette "
Federic Seppey Seppey,Policy Analyst,2009-02-12,2009-02-12,1,Federic Seppey Seppey
Federico Albanian Hidalgo,Staffer,2018-02-01,2018-02-13,2,"Federico Albanian Hidalgo, Federico Albarran Hidalgo"
Felicia Cull,Policy Advisor,2023-06-30,2023-06-30,1,Felicia Cull
Felicia Mazzarello,Policy Analyst,2022-05-18,2022-05-18,1,Felicia Mazzarello
Felicia Minotti,Deputy Director,2013-09-24,2024-10-07,6,Felicia Minotti
Felicia Wasylowski,Special Assistant,2008-07-31,2008-10-20,2,Felicia Wasylowski
Felicitas Katepa-mupondwa,"Director, Research and Development",2017-10-26,2024-02-13,4,Felicitas Katepa-Mupondwa
Felicity Feinman,Digital and Social Media Lead,2018-04-07,2018-04-18,2,Felicity Feinman
Felipe Alfaro,Policy Advisor,2022-02-01,2024-07-31,48,"Felipe     Alfaro, Felipe Alfaro, Felipe Alvaro, felipe Alfaro"
Felipe Alfaro Heller,Policy Advisor,2020-11-06,2023-04-26,2,Felipe Alfaro Heller
Felix Bibeau,Parliamentary Secretary,2023-06-06,2023-11-22,2,Félix Bibeau
Felix Boudreault,Senior Advisor to the Deputy Minister,2011-06-21,2013-03-18,6,Felix Boudreault
Felix Giroux,Intern,2021-07-12,2021-07-12,1,Felix Giroux
Felix Li,Minister-Counsellor,2011-10-19,2011-10-19,1,Felix Li
Felix Mercure,Policy Analyst,2020-02-05,2020-02-05,1,Felix Mercure
Felix Meunier,Director General,2022-11-04,2025-01-15,13,"Felix Meunier, Félix Meunier"
Felix Wong,Special Assistant,2012-09-19,2018-10-04,3,Felix Wong
Ferando Minna,Parliamentary Secretary's Assistant,2009-12-18,2010-03-22,2,Ferando Minna
Frederik Boisvert,"Deputy Chief of Staff, Operations",2009-08-11,2015-07-29,49,"FREDERIK BOISVERT, Fererik Boisvert, Frederic Boisvert, Frederick Boisvert, Frederik Boisvert, Fredrick Boisvert, Frédérik Boisvert, frederick Boisvert"
Ferguson Jeff,Director,2020-07-21,2020-07-21,1,ferguson Jeff
Ferial Nathoo,Senior Investment Analyst,2021-11-23,2024-11-28,6,Ferial Nathoo
Fern Bannatyne,Associate Director,2025-03-24,2025-03-24,1,Fern Bannatyne
Fernand Comeau,Director General,2022-05-13,2024-02-12,2,Fernand Comeau
Fernand Proulx,Chief Operating Officer,2013-08-16,2017-11-28,3,Fernand Proulx
Fernand Robichaud,Senator,2010-11-16,2014-11-25,20,"Fernand Robichaud, Fernard Robichaud, Hon. Fernaud Robichaud, The Hon. Senator Fernand Robichaud"
Fernando Minna,Policy Advisor,2010-01-11,2018-09-20,10,Fernando Minna
Fernando Preto,Research Scientist,2009-09-30,2009-09-30,1,Fernando Preto
Ferry De Kerckhove,Ambassador of Canada to Egypt,2010-03-24,2010-03-24,1,Ferry de Kerckhove
Fetewa Assande,"Communications Officer, Ministerial Announcements, Communications Directorate",2023-10-03,2023-10-03,1,Fetewa Assande
Fidele Ndayisenga,Expert Advisor,2018-07-04,2018-07-24,2,Fidèle Ndayisenga
Filbee Sara,"Assistant Deputy Minister, Lands and Economic Development",2013-02-18,2014-02-26,2,Filbee Sara
Filip Nestorov,Parliamentary Assistant,2019-04-10,2019-04-10,2,Filip Nestorov
Filip Novakovic,Constituency Assistant,2016-07-28,2022-04-11,12,"Filip Novacovic, Filip Novakovi?, Filip Novakovic, Filip Novakovik"
Filip Petrovic,Trade Commissioner,2022-06-07,2022-11-22,4,Filip Petrovic
Filipe Dinis,Chief Operating Officer,2019-06-18,2022-07-21,2,Filipe Dinis
Fillmore Andy,Parliamentary Secretary,2023-06-05,2023-06-05,1,Fillmore Andy
Filmore Andy,Member of Parliament,2017-02-01,2017-02-01,1,Filmore Andy
Filomena Silva,Manager,2018-01-18,2018-01-18,1,Filomena Silva
Filomena Tassi,Member of Parliament,2015-11-13,2025-03-12,476,"Fillomena Tassi, Filomena  Tassi, Filomena Tasi, Filomena Tassi, Hon. Filomena Tassi, The Honourable Filomena Tassi, P.C., M.P."
Filomina Tassi,Minister of Labour,2018-06-18,2020-08-27,3,Filomina Tassi
Fin D,Member of Parliament,2016-10-27,2016-10-27,1,Fin D
Fin Donnelly,Member of Parliament,2010-09-28,2019-05-15,193,"Fin Donelly, Fin Donnelley, Fin Donnelly, Fin Donnelly, M.P., Fin Donnely, Finn Donnelly, Mr. Fin Donnelly, MP, finn Donnelly"
Findlay Kerry-lynne,Associate Minister,2013-03-19,2013-03-19,1,Findlay Kerry-Lynne
Finley Diane,Member of Parliament,2014-11-14,2019-05-30,2,Finley Diane
Finn Long,Policy Advisor,2021-11-22,2025-03-11,75,"Finn  Long, Finn  Long , Finn Long"
Finpay Meeting,Senior Government Representative,2015-11-18,2015-11-18,1,FinPay meeting 2015
Fiolmena Tassi,"Minister, Employment, Workforce Development and Labour",2020-03-12,2020-03-12,1,Fiolmena Tassi
Fion Anastassiades,"Advisor, Policy and Stakeholder Relations",2012-02-02,2014-03-03,42,"Fion Anastassadies, Fion Anastassiadees, Fion Anastassiades, Mr. Fion Anastassiades"
Fiona Gilfillan,Assistant Deputy Minister,2010-08-03,2023-03-01,108,"Fiona Gilfilian, Fiona Gilfillan, Fiona Gilfillian, Fionna Gilfillan"
Fiona Gillifan,Assistant Deputy Minister,2017-09-26,2017-09-26,1,Fiona Gillifan
Fiona Hill,"Manager, Harmonization and Special Initiatives",2023-12-14,2023-12-14,1,Fiona  Hill 
Fiona Keith,Legal Advisor,2020-11-05,2022-10-28,4,Fiona Keith
Fiona Mantha,Financial Investment Analyst,2022-12-16,2025-02-24,43,Fiona Mantha
Fiona Simons,Director of Policy,2018-10-23,2023-06-15,454,"Fiona  Simmons, Fiona  Simon, Fiona  Simons, Fiona Simmons, Fiona Simons, Fiona Simons , fiona simmons, fiona simons"
Fiona Zuzarte,Senior Science and Technology Advisor,2018-10-30,2021-07-16,2,Fiona Zuzarte
Fiore Pace,Deputy Director,2015-04-24,2020-02-06,3,Fiore Pace
Fitzgerald Paul,Senior Policy Advisor,2008-07-15,2008-07-15,1,Fitzgerald Paul
Fjodor Jemcov,Special Assistant,2017-02-01,2017-02-01,1,Fjodor Jemcov
Flaherty Jim,"Minister, Finance",2013-10-23,2013-10-23,1,Flaherty Jim
Flanagan Erin,Director of Policy,2018-09-05,2019-03-20,2,Flanagan Erin
Flavie Major,Director,2024-02-21,2024-05-07,2,Flavie Major
Flora Livesey,"Sector Advisor, Infrastructure and Power",2017-04-19,2017-10-30,4,Flora Livesey
Flora Mak,Deputy Director,2015-02-20,2023-04-27,2,Flora Mak
Flordeliz Gigi Osler,Senator,2024-05-28,2024-05-28,2,Flordeliz Gigi Osler
Flordeliz Osler,Senator,2023-02-09,2025-06-11,14,"FLORDELIZ  Osler, Flordeliz (Gigi) Osler, Flordeliz (Gigi) Osler , Flordeliz Osler"
Flore Kouadio,Competition Advocate,2024-10-31,2024-10-31,1,Flore Kouadio
Florence Bailey,Policy Advisor,2014-12-02,2015-04-29,9,Florence Bailey
Florence Foley,Manager,2024-06-13,2024-08-13,3,"Florence  Foley, Florence  Foley "
Florence Fung,Policy Analyst,2022-01-25,2024-05-10,5,"Florence  Fung, Florence Fung"
Florence Guillot,PARDP,2020-08-06,2020-08-06,1,Florence Guillot
Florence Truong,Analyst,2020-07-10,2020-07-10,1,Florence Truong
Florian Bizindavyi,Program Manager,2021-03-09,2021-03-09,1,Florian Bizindavyi
Florian Leuprecht,Policy Advisor,2014-10-02,2014-10-02,1,Florian Leuprecht
Florian Olsen,Parliamentary Affairs,2011-11-01,2015-07-29,58,"Floian Olsen, Florian Olsen"
Folkes Tiara,"Special Advisor, Policy and Regional Affairs",2018-02-28,2018-02-28,1,Folkes Tiara
Foran John,Director,2014-12-17,2014-12-17,1,Foran John
Forbes Chris,Deputy Minister,2017-09-25,2017-09-25,1,Forbes Chris
Forgeron Jean Guy,Senior Assistant Deputy Minister,2020-06-04,2020-06-18,2,Forgeron Jean Guy
Forgeron Jean-guy,"Vice President, Operations",2011-11-29,2025-03-11,2,Forgeron Jean-Guy
Fortier Patricia,Ambassador to the Dominican Republic,2009-01-26,2009-01-26,1,Fortier Patricia
Fortier Suzanne,President,2008-11-04,2008-11-04,1,Fortier Suzanne
Fortin Anna-marie,Internal Trade Promotion Office,2017-02-08,2017-02-08,1,Fortin Anna-Marie
Fotini Diamandis,Member of Parliament,2019-05-06,2019-05-06,1,Fotini Diamandis
Fracois Da Sylva,"Manager, Banking",2010-10-07,2011-10-26,2,"Fracois Da Sylva, Francois Da Sylva"
Francois Masse,"Director General, Blue Economy Policy Directorate",2013-09-20,2024-12-20,14,"Fracoise Masse, Francois Masse, Francoise Masse, François Masse"
Franc Larocque,Junior Financial Analyst,2024-06-07,2024-06-07,1,Franc Larocque
Franca Gatto,Director,2017-09-11,2024-04-10,15,"Franca  Gatto, Franca Gatto"
France Beaudet,"Associate Director, Compliance Directorate",2020-09-25,2025-02-12,5,France Beaudet
France Bergeron,"Director, Programs and Operations",2013-10-08,2013-10-08,1,France Bergeron
France Bernard,Manager,2022-10-24,2022-10-24,1,France  Bernard
France Bolduc,Senior Procurement Advisor | Procurement Specialist,2017-09-13,2017-09-13,1,France Bolduc
France Bonsant,Member of Parliament,2010-09-21,2011-03-02,16,"FRANCE BONSANT, France Bonsant"
France Chevalier Duvnjak,Special Advisor,2023-03-09,2023-03-09,1,France Chevalier Duvnjak
France Fortier,"Director, Periodical Publishing Policy and Programs",2019-07-31,2023-10-20,11,France Fortier
France Guimond,Assistant Deputy Minister,2013-12-11,2016-12-19,3,France Guimond
France Jacovella,Director General,2015-05-01,2015-12-11,7,France Jacovella
France Lavergne,"Special Assistant, Operations",2009-11-03,2009-11-03,1,France Lavergne
France Pegeot,Executive Vice President,2010-01-18,2025-05-12,115,"France Pegeot, France Pegéot, France Pégeot"
France Pitre,Director,2017-02-28,2017-02-28,1,France Pitre
France Tartaix,Program Officer,2020-03-05,2025-02-26,21,"France Tartaix, Frances Tartaix"
France Tremblay,Advisor,2019-05-21,2019-05-31,2,France Tremblay
France Vaillancourt,Manager,2024-01-24,2024-01-24,1,France Vaillancourt
Frances Adm,McRae,2018-10-23,2018-10-23,1,Frances ADM
Frances Allen,"Vice Chief of Staff, Defence",2017-06-15,2024-07-03,7,Frances Allen
Frances Cosstick,International Development Project Advisor,2017-05-04,2017-05-04,1,Frances Cosstick
Frances Hall,Director,2014-10-09,2021-01-27,3,"FRANCES HALL, Frances Hall"
Frances Lankin,Senator,2016-05-03,2024-06-10,83,"Frances Lankin, Frances Larkin, Francis Lankin, SENATOR FRANCES LANKIN, The Honourable Senator Frances Lankin, francis Lankin"
Frances Mcrae,Assistant Deputy Minister,2015-10-14,2025-05-14,186,"Frances  McRae, Frances MacRae, Frances McCrae, Frances McRae, Frances McRea, Frances Mcrae, Francis  McRae , Francis McRae"
Frances Tanner,"Country Program Manager, Zambia",2008-11-27,2010-05-05,2,Frances Tanner
Frances Zhang,"Principal Analyst, Digital Innovation Impact Hub",2023-01-20,2023-01-20,1,Frances Zhang
Francesca Addante,"Manager, Western Canada",2022-12-05,2022-12-05,1,Francesca Addante
Francesca Desaulniers,Senior Administrative Assistant,2021-05-04,2022-11-23,4,"Francesca  Desaulniers, Francesca Desaulniers"
Francesca Mcconnell,Manager,2023-05-30,2023-05-30,1,francesca  mcconnell
Francesco Biondi-morra,Parliamentary Secretary,2016-05-12,2019-05-30,20,Francesco Biondi-Morra
Francesco Del Bianco,Director General,2008-10-02,2024-03-20,36,"Francesco  Del Bianco, Francesco  Del Bianco , Francesco  Del Bianco  , Francesco Del Bianco, Francesco Del Bianco , Francesco Del Biano, Francesco Del Blanco, Francisco Del Bianco, francesco delbianco"
Francesco Sorbara,Member of Parliament,2015-12-01,2025-03-18,1296,"Frances Sorbara, Francesco   Sorbara , Francesco  Sorbara, Francesco Sarbora, Francesco Sobara, Francesco Sobera, Francesco Sorbara, Francesco Sorbara , Francesco Sorbara, M.P., Francesco Sorbera, Francesco Sorbora, Francesco Sorbrara, Franceso Sorbara, Francisco Sorbara, Franciso Sorbara, Frank Sorbara, Fransceco Sorbara, Fransesco Sorbara, Mr. Francesco Sorbara, francesco sorbara"
Francie Ducros,"Assistant Secretary, Social and Cultural Sector",2019-07-02,2019-07-02,1,Francie Ducros
Francine Desharnais,Advisor,2021-12-17,2024-12-16,4,"Francine Desharnais, Francine Desharnais "
Francine Girard-griffith,Acting Assistant Deputy Minister,2008-11-17,2011-01-13,3,Francine Girard-Griffith
Francine Guay,Constituency Assistant,2017-02-24,2017-02-24,1,Francine Guay
Francine Lalonde,Member of Parliament,2010-10-26,2010-10-27,2,Francine Lalonde
Francine Morin,Scheduling Assistant,2013-09-20,2013-09-20,1,Francine Morin
Francine Noftle,Director,2012-05-28,2016-10-26,7,Francine Noftle
Francine Pauvif,"Special Assistant, Operations",2024-02-15,2024-05-22,3,Francine Pauvif
Francis Pigeon,Executive Director,2019-02-25,2025-02-10,10,"Francine Pigeon, Francis Pigeon"
Francine Proulx,Senior Development Officer,2015-11-24,2015-11-24,1,Francine Proulx
Francine Raynault,Member of Parliament,2011-09-29,2015-04-01,39,"FRANCINE RAYNAULT, Francince Raynault, Francine Raynault, Francine Raynault, M.P., Francine Rayneault, Ms. Francine Raynault, M.P."
Francois Champagne,Minister,2016-11-15,2020-04-30,5,"Francois Champagne, Hon. Francios Champagne"
Francois De Champlain,"Sector Specialist, Plant Health and Pesticides",2022-02-08,2025-01-17,6,"Francios De Champlain, Francois de Champlain, François de Champlain"
Francios Giroux,Judicial Affairs Advisor,2023-04-13,2023-08-01,2,Francios Giroux
Francios-philippe Champagne,"Minister, Industry",2023-06-06,2023-06-06,1,Francios-Philippe Champagne
Francois Beaudry,Policy Advisor,2010-10-06,2012-08-15,205,"Frances Beaudry, Francis Beaudry, Francois Beaudry, Francois Beaurdy, Francois Beudry, François Beaudry"
Francis Beausoleil,Assistant,2021-12-21,2021-12-21,3,Francis Beausoleil
Francis Bedros,Chief of Program | Deputy Director,2016-03-22,2016-03-22,1,Francis Bedros
Francis Bergeron,Competition Law Officer,2023-11-02,2023-11-02,1,Francis  Bergeron
Francis Bertrand-laferniere,Regional Advisor and Executive Assistant,2022-07-07,2022-07-07,1,Francis Bertrand-Lafernière
Francis Bertrand-lafreniere,"Executive Assistant, Quebec",2021-03-30,2022-11-22,6,"Francis Bertrand-Lafreniere, Francis Bertrand-Lafrenière"
Francis Bilodeau,Associate Deputy Minister,2009-08-18,2025-05-30,367,"Francis  Bilodeau, Francis Bilodeau, Francis Bilodeau , Françis Bilodeau"
Francis Boyer,Junior Analyst,2018-03-01,2018-03-01,1,Francis Boyer
Francis Brisson,"Assistant Deputy Minister, Corporate Management and Service Sector",2024-11-05,2024-11-05,1,Francis  Brisson
Francis Castonguay,Director General,2018-03-29,2024-01-09,5,Francis Castonguay
Francis Charette,Special Assistant,2012-07-05,2012-07-05,1,Francis Charette
Francis Chechile,Communications Assistant,2022-01-20,2023-02-03,3,Francis Chechile
Francis Cornut,CTI,2025-05-27,2025-05-27,1,Francis Cornut
Francis Czyzowicz,Assistant to Member of Parliament,2016-02-25,2016-03-08,2,Francis Czyzowicz
Francis Dorsemaine,Deputy Director,2014-10-30,2025-03-31,8,"Francis Dorsemaine, François Dorsemaine"
Francis Drouin,Member of Parliament,2015-12-01,2025-02-11,1313,"FRANCIS DROUIN, FRANK DROUIN, Frances  Drouin, Frances Drouin, Francis   Drouin, Francis  Drouin, Francis  Drouin , Francis Douin, Francis Droin, Francis Drouin, Francis Drouin , Francis Drouin MP, Francis Droulin, Francois Drouin, Franics Droulin, Franis Drouin, Frank Drouin, HON. FRANCIS DROUIN, Mr. Francis Drouin, francis Drouin, francis drouin"
Francis Fox,Senator,2010-05-10,2011-03-08,9,"Francis Fox, The Honourable Francis Fox"
Francis Huot,Senior Trade Commissioner,2024-02-01,2024-05-23,2,"Francis  Huot, Francis Huot"
Francis Jacques,"Coordination Officer, Environmental Programs",2024-02-28,2024-10-30,2,Francis Jacques
Francis Jobin,Chief of Staff,2024-04-23,2025-01-30,3,"Francis  Jobin, Francis Jobin"
Francis Kiromera,Senior Policy Analyst,2024-07-10,2024-07-10,1,Francis Kiromera
Francis Levesque,Parliamentary Assistant,2017-05-01,2022-02-10,5,"Francis Lévesque, francis  Levesque "
Francis Maguire,Deputy Minister,2019-01-23,2019-01-23,1,Francis Maguire
Francis Mailley,Parliamentary Assistant,2010-11-25,2010-11-25,1,Francis Mailley
Francis Mailly,Exempt Staff,2010-11-25,2010-11-25,1,Francis Mailly
Francis Mcguire,President,2017-07-13,2022-11-21,44,"Francis  McGuire, Francis McGuire, Francis Mcguire"
Francis Michaud,"Director, Audit Operations",2017-07-28,2017-07-28,1,Francis Michaud
Francis Nolan Poupart,"Senior Advisor, Strategic Policy",2021-03-04,2021-03-04,1,Francis Nolan Poupart
Francis Roy,Staffer to Senator,2018-11-22,2018-11-22,1,Francis Roy
Francis Scarpaleggia,Member of Parliament,2008-11-17,2025-03-04,321,"Frances Scarpaleggia, Francid Scarpaleggia, Francis SCARPALEGGIA, Francis Scapaleggia, Francis Scarpagleggia, Francis Scarpaleegia, Francis Scarpaleggi, Francis ScarpaleggiA, Francis Scarpaleggia, Francis Scarpalegia, Francis Scarpallaggia, Francis Scarpallagia, Francis Scarpallegia, Francis Scarpelaggia, Francis Scarpeleggia, Francis Scarpellagia, Frank Scarpaleggia, francis scarpalegia"
Francis Tersigni,Minister Exempt Staff,2021-07-02,2021-07-02,1,Francis Tersigni
Francis Trudel,"Associate Chief Human Resources Officer, Canada",2022-12-14,2024-03-27,2,Francis Trudel
Francis Villeneuve,Deputy Director,2016-01-22,2019-01-31,10,Francis Villeneuve
Francis-bertrand Lafremiere,Parliamentary Secretary,2020-08-19,2020-08-19,1,Francis-Bertrand Lafremière
Francisco Rivadeneyra,"Director, CBDC and Fintech Policy and Research",2022-11-15,2024-10-22,2,"Francisco  Rivadeneyra, Francisco Rivadeneyra"
Franco Germano,Director,2012-01-27,2012-01-27,1,Franco Germano
Francoid Bedard,"Sector Specialist, Pork",2013-08-14,2013-08-14,1,Francoid Bedard
Francois Barrette,Industrial Analysis and Development Officer,2013-09-27,2014-03-11,2,François Barrette
Francois Beaulieu,Expert Advisor,2020-12-15,2022-07-13,4,Francois Beaulieu
Francois Belisle,Assistant,2016-03-24,2016-03-24,1,Francois Belisle
Francois Bertrand-lafreniere,Regional Advisor,2022-09-26,2022-09-26,1,Francois Bertrand-Lafreniere
Francois Boileau,Taxpayers' Ombudsperson,2020-11-23,2024-02-20,7,"Francois Boileau, François  Boileau, François Boileau"
Francois Boudreault,Analyst,2010-09-23,2011-09-15,10,"François Boudreau, François Boudreault"
Francois Boulanger,Director,2013-11-06,2013-11-06,1,François Boulanger
Francois Boulay,Strategic Advisor,2021-02-23,2021-02-23,1,Francois Boulay
Francois Brunet,Chief Information Officer,2022-02-14,2022-02-14,1,Francois Brunet
Francois Cadieux,Senior Research Officer,2014-12-09,2014-12-09,1,François Cadieux
Francois Champayne,Parliamentary Secretary,2016-02-04,2016-10-18,2,"Francois Champayne, Francois P. Champagne"
Francois Champlain,Director of Policy,2023-05-09,2023-05-09,1,François Champlain
Francois Choquette,Member of Parliament,2011-10-27,2019-04-15,105,"FRANÇOIS CHOQUETTE, Francois Choequette, Francois Choquette, Francois Coquette, Francoise Choquette, François Choquette, François Choquette, M.P."
Francois Chouinard,Senior Advisor | Economist,2022-07-15,2024-11-01,5,Francois Chouinard
Francois Collins,Director General,2018-03-06,2018-04-11,2,Francois Collins
Francois Cordeau,Vice President,2016-05-17,2024-07-16,18,"Francois  Cordeau, Francois Cordeau, François  Cordeau, François Cordeau"
Francois Cormier,"Advisor, Research and Technology",2016-06-20,2018-06-12,6,François Cormier
Francois Cote,Secretary General,2009-09-08,2009-09-08,1,François Coté
Francois Couillard,Parliamentary Assistant,2014-11-25,2016-05-11,15,"Francois Couillard, François Couillard"
Francois Daigle,Assistant Secretary to the Cabinet,2014-10-27,2022-11-21,17,"Francois Daigle, François Daigle"
Francois Damphousse,Policy Analyst,2022-10-28,2022-10-28,1,Francois Damphousse
Francois De Champagne,"Director Specialist, Plant Health and Pesticides",2023-12-13,2023-12-13,1,François  De Champagne
Francois De Rue,Legislative Assistant,2018-10-17,2021-02-04,9,"Francois De Le Rue, Francois De le Rue, Francois de la Rue, François De Le Rue, François De la Rue, François de le Rue"
Francois Delorme,Regional Executive Director,2011-01-14,2011-01-14,1,Francois Delorme
Francois Desmarais,Policy Advisor,2015-01-22,2015-07-30,23,"FRancois Desmarais, Francois Demarais, Francois Desmarais, François Desmarais"
Francois Desrosiers,Constituency Assistant,2017-04-26,2017-04-26,2,"Francois Desrosiers, françois desrosiers"
Francois Dicaire,Deputy Assistant Commissioner,2017-02-21,2017-06-15,3,"Francois Dicaire, François Dicaire"
Francois Dubois,"Director, Parliamentary Affairs",2010-11-19,2023-12-05,7,"Francois Dubois, François Dubois"
Francois Emond,Senior Policy Advisor,2013-06-19,2014-03-14,9,"Francois Emond, François Edmond, François Édomd, François Émond"
Francois Eudes,"Director, Research, Development and Technology",2024-10-10,2024-10-10,1,Francois Eudes
Francois Gauthe,"Delegate, Innovation, Science and Technology",2016-11-02,2016-11-02,1,Francois Gauthe
Francois Gauvreau,Manager,2023-02-21,2025-05-08,5,"Francois  Gauvreau, Francois Gauvreau, François Gauvreau"
Francois Girard,"Programs Advisor, Hydrogen and Fuel Cell Technologies",2017-09-20,2022-05-20,2,"Francois Girard, francois girard"
Francois Giroux,Manager,2018-06-18,2023-04-12,41,"Francois Giroux, François Giroux"
Francois Godbout,"Senior Officer, Contribution Agreements in R&D",2017-08-16,2017-10-13,3,François Godbout
Francois Gougeon,"Regional Director, Quebec Region Office",2016-09-15,2016-09-15,1,Francois Gougeon
Francois Guimont,Deputy Minister,2008-11-26,2016-03-23,55,"FRANCOIS GUIMONT, Francios Guimont, Francois Guimont, Francois Guimot, François Guimont"
Francois Hudon,Policy Analyst,2021-06-23,2021-06-23,1,Francois Hudon
Francois Jette,Senior Manager,2016-11-09,2016-11-09,1,Francois Jette
Francois Lafreniere,Deputy Director,2014-05-30,2024-10-10,6,"Francois Lafreniere, François  Lafrenière, François Lafrenière"
Francois Landry,Senior Advisor,2018-12-04,2018-12-04,1,Francois Landry
Francois Lapointe,Member of Parliament,2011-09-14,2015-07-14,78,"Fracois Lapointe, Francois Lapointe, François LaPointe, François Lapointe, François Lapointe, M.P."
Francois Laquoc,Senior Advisor,2015-08-18,2020-09-02,5,"Francois Laquoc, François Laquoc"
Francois Leblanc,Staffer to Member of Parliament,2010-12-08,2010-12-08,1,François Leblanc
Francois Lecavalier,"First Vice President, Development",2017-05-12,2017-11-06,3,François Lecavalier
Francois Legault,Senior International Development Officer,2016-06-01,2023-10-03,4,"Francois Legault, François  Legault, François Legault"
Francois Legris,Manager,2023-09-07,2025-01-09,13,Francois Legris
Francois Levesque,Manager,2018-10-17,2022-11-25,6,Francois Levesque
Francois Levesque-perreault,Director,2023-04-21,2023-04-21,1,Francois Levesque-Perreault
Francois Marcotte,"Advisor, Montreal Island",2010-06-15,2010-06-22,2,François Marcotte
Francois Marcoux,Executive Director,2009-08-13,2009-08-13,1,Francois Marcoux
Francois Marier,"Acting Director, International Marine Policy",2021-05-12,2021-05-12,1,François Marier
Francois Martin,"Senior Desk Officer, Poland and Romania",2024-08-07,2024-08-07,1,Francois Martin
Francois Masicotte,"Special Advisor, Minister's Office",2020-09-18,2020-09-18,1,François Masicotte
Francois Massicote,Constituency Assistant,2017-06-29,2018-11-07,2,"Francois Massicote, Francous Massicotte"
Francois Massicotte,Director of Operations,2017-05-19,2024-11-04,70,"Francois Massicotte, François  Massicotte, François Massicotte"
Francois Montour,Director General,2011-10-28,2015-04-21,8,"Francois F Montour, Francois Montour, François Montour"
Francois-olivier Picard,Policy Advisor,2019-02-21,2023-06-22,106,"Francois Olivier Picard, Francois Olivier-Picard, Francois-Oliver Picard, Francois-Olivier  Picard , Francois-Olivier Picard, François Olivier Picard, François-Olivier Picard"
Francois Philippe-champagne,"Minister, Innovation, Science and Economic Development",2024-10-28,2024-10-28,1,Francois Philippe-Champagne
Francois Phillipe Champagne,Member of Parliament,2016-11-15,2016-11-15,1,Francois Phillipe Champagne
Francois Picard,Counsellor and Head of Cooperation,2024-06-18,2024-06-18,1,Francois Picard
Francois Pilon,Member of Parliament,2011-08-18,2015-06-02,51,"Francois Pilon, François Pilon, francois Pilon"
Francois Primeau,"Economist, International Trade Policy Division",2016-08-23,2016-08-23,2,Francois Primeau
Francois Remillard,Parliamentary Secretary,2021-01-07,2021-01-07,1,François Rémillard
Francois Rivest,Director General,2010-04-20,2025-04-03,22,"Francois  Rivest , Francois Rivest, François Rivest"
Francois Robert,Parliamentary Assistant,2021-04-30,2022-06-01,7,"Francois Robert, François Robert, François Roberts"
Francois Routhier,Manager,2018-01-05,2018-01-05,1,Francois Routhier
Francois Saillant,Senior Program Officer,2017-12-08,2017-12-08,1,François Saillant
Francois Soucy,Director of Policy and Research,2014-02-04,2023-11-02,14,"Francois Soucy, Francois Soucy , François Souci, François Soucy"
Francois Stuart,Political Advisor,2023-11-21,2023-11-21,1,François Stuart
Francois Tanguay,Director,2023-11-28,2023-11-28,1,François Tanguay
Francois Thivierge,Senior Program Officer,2015-04-28,2015-04-28,1,Francois Thivierge
Francois Tremblay,Deputy Minister,2021-07-15,2021-07-15,1,François Tremblay
Francois Weldon,Director General,2012-02-29,2025-02-11,8,"Francois Weldon, François Weldon"
Francois Yves Blanchet,Member of Parliament,2020-11-19,2020-11-19,2,Francois Yves Blanchet
Francois Ziade,Engineer,2023-10-03,2024-03-26,13,Francois Ziade
Francois- Philippe Champagne,"Deputy Minister, International Trade",2017-02-07,2017-08-18,2,"François- Philippe Champagne, François-Philipppe Champagne"
Francois-philippe Champagne,"Minister, Innovation, Science and Economic Development",2016-01-25,2025-06-05,1349," François-Philippe  Champagne, FRANÇOIS-PHILIPPE CHAMPAGNE, Francois -Phillipe Champagne, Francois Philippe Champagne, Francois Phillippe Champagne, Francois Phlippe-Champagne, Francois-Philipe Champagne, Francois-Philippe   Champagne , Francois-Philippe  Champagne, Francois-Philippe Campagne, Francois-Philippe Champagne, Francois-Phillip Champagne, Francois-Phillipe Champagne, Francois-Phillippe Champagne, Francoise-Philippe champagne, Francoise-Phillipe Champagne, François Philippe Champagne, François-Philippe  Champagne, François-Philippe  Champagne , François-Philippe Champagne, François-Philippe Champagne , François-Philippe Champagne,, François-Phillipe Champagne, François-Phillippe Champagne, François-Phillppe Champagne, HON. FRANÇOIS-PHILIPPE CHAMPAGNE, Hon Francois-Philippe Champagne, Hon Francois-Phillippe Champagne, Hon. Francois-Philippe Champagne, Hon. Francois-Phillipe Champagne, Hon. François-Philippe Champagne, Hon. François-Phillippe Champagne, Honourable François-Philippe Champagne, Minister Francois-Philippe Champagne, The Hon. Francois-Philippe Champagne, françois-philippe champagne"
Francois-philippe Champange,"Minister, International Trade",2017-06-02,2018-02-14,2,"Francois-Phillipe Champange, François-Philippe Champange"
Francois-phillippe Champlain,Sector Specialist,2023-05-02,2023-05-02,1,Francois-Phillippe Champlain
Francoise Bertrand,Task Force Chair,2016-06-14,2016-06-14,1,Françoise Bertrand
Francoise Boivin,Member of Parliament,2011-09-14,2015-06-10,22,"Francios Boivin, Francois Boivin, Francoise Boivan, Francoise Boivin, Françoise Boivin, Françoise Bovin"
Francoise Dehaye,Regional Director,2016-11-23,2022-02-15,2,"Francoise Dehaye, Françoise Dehaye"
Francoise Ducros,Assistant Deputy Minister,2010-11-02,2017-05-01,33,"Fracoise Ducros, Francois Ducros, Francoise Ducros, Francoise Duçros, Françoise Ducro, Françoise Ducros, Fronçoise Ducros"
Francoise Ducros Ducros,Assistant Deputy Minister,2011-09-26,2011-09-26,1,Françoise Ducros Ducros
Francoise Lafreniere,Constituency Assistant,2016-11-08,2017-02-23,9,Françoise Lafrenière
Francoise Nduwimana,Senior Gender Equality Specialist,2021-07-14,2021-07-14,1,Francoise Nduwimana
Frank,Consul and Senior Trade Commissioner,2023-05-29,2023-05-29,1,Frank Le
Frank Baylis,Member of Parliament,2015-12-15,2019-08-20,169,"FRANK BAYLIS, Framk Baylis, Franck Baylis, Frank Baylis, Frank Bayliss, Frank Baylix"
Frank Beaudry,Policy Advisor,2010-10-21,2012-08-15,72,Frank Beaudry
Frank Brunetta,Procurement Ombudsman,2011-02-28,2011-11-01,3,Frank Brunetta
Frank Caputo,Member of Parliament,2021-11-15,2025-06-12,71,"Frank  Caputo, Frank  Caputo , Frank Caputo, Frank caputo, frank caputo"
Frank Cesa,Associate Director,2009-12-21,2018-01-10,3,Frank Cesa
Frank Corbett,Senior Economic Analyst,2021-04-14,2021-05-17,2,Frank Corbett
Frank Cosentino,Director,2013-11-08,2021-12-13,10,"FRANK COSENTINO, Frank Consentino, Frank Cosentino, Frank Costentino"
Frank Des Rosiers,Assistant Deputy Minister,2013-08-14,2025-05-13,251,"Fran Des Rosiers, Franc Des Rosiers, Frand  Des Rosiers, Frank  Des Rosiers, Frank De Rosiers, Frank DeRosiers, Frank Des Rosers, Frank Des Rosier, Frank Des Rosieres, Frank Des Rosiers, Frank Des Rosiers , Frank de Rosiers, Frank des Rosiers, Franki Des Rosiers"
Frank Desrosiers,Assistant Deputy Minister,2013-12-03,2023-06-28,81,"Frank DesRosier, Frank DesRosiers, Frank Desroiser, Frank Desrosiers"
Frank Dormody,Director,2013-11-05,2013-11-05,1,Frank Dormody
Frank Fedyk,Associate Assistant Deputy Minister,2008-07-17,2010-04-09,2,Frank Fedyk
Frank Jefferies,Director General,2019-07-04,2021-02-01,3,"Frank Jefferies, Frank Jeffries, frank jefferies"
Frank Kelly,Director,2014-04-11,2020-11-16,14,"Frank Kelly, Frank Kely"
Frank Laleriote,Member of Parliament,2014-01-28,2014-01-28,1,Frank Laleriote
Frank Lofranco,Deputy Commissioner,2016-11-10,2025-05-29,123,"Frank  Lofranco, Frank Lofranco"
Frank Mahovlich,Senator,2010-10-06,2012-10-23,13,"Frank Mahovalich, Frank Mahovlich, Frank Mavovlich, Frank W. Mahovlich"
Frank Mouawad,"Project Manager, Integrated Soldier System Project",2021-03-30,2021-03-30,1,Frank Mouawad
Frank Ng,Policy Advisor,2014-12-02,2014-12-02,1,Frank Ng
Frank Nolan,Research and Innovation Development Officer,2015-08-20,2015-08-20,1,Frank Nolan
Frank Osendarp,Chief Federal Negotiator,2022-10-17,2022-10-17,1,Frank  Osendarp
Frank Parker,Policy Advisor,2014-04-23,2014-07-07,3,Frank Parker
Frank Plummer,"Director General, Scientific",2009-09-15,2013-04-22,4,"Dr. Frank Plummer, Frank Plummer"
Frank Ruddock,"Senior Policy Advisor, Energy",2020-02-11,2020-02-11,1,Frank Ruddock
Frank Schneider,"Deputy Director, Environment and Climate Action",2009-11-19,2023-09-29,6,Frank Schneider
Frank Stendardo,Manager | Senior Policy Advisor,2016-02-02,2021-12-17,4,Frank Stendardo
Frank Tersigni,Senior Advisor,2016-02-17,2023-04-26,20,"Frank  Tersigni , Frank Tersigni"
Frank Valeriote,Member of Parliament,2010-09-01,2015-06-03,273,"FRANK VALERIOTE, Francis (Frank) Valeriote, Francis Valeriote, Francis Valeriote, M.P., Franck Valeriote, Franck Valeriotte, Frank Valeriot, Frank Valeriote, Frank Valeriote, M.P., Frank Valeriotte, Mr. Frank Valeriote, M.P."
Frank Valiorette,Member of Parliament,2012-02-22,2012-02-23,10,"Frank Valiorette, Frank Valliorette"
Frank Valleriote,Agriculture Critic,2010-12-09,2013-03-06,2,Frank Valleriote
Frank Van Lier,"Section Head, Process Development and Scale-Up",2017-10-19,2017-10-19,2,Frank Van Lier
Frank Vermaetan,Senior Assistant Deputy Minister,2013-08-28,2013-08-28,1,Frank Vermaetan
Frank Vermaeten,Assistant Commissioner,2009-04-15,2022-11-10,94,"Frank  Vermaeten , Frank Veremaeten, Frank Vermaeten"
Frank Ye,Summer Intern,2020-06-11,2020-06-11,1,Frank Ye
Franklin Rodriguez,Parliamentary Assistant,2021-03-01,2021-03-01,1,Franklin Rodriguez
Frantz-hubert Sully,"Senior Policy Analyst, MS&B, NIHB",2009-12-02,2018-07-12,2,Frantz-Hubert Sully
Franziska Brantner,Parliamentary Secretary,2022-08-22,2022-08-22,1,Franziska Brantner
Fraser Cowan,Senior Policy Officer,2022-06-07,2024-08-13,5,"Fraser  Cowan, Fraser Cowan"
Fraser Graham,Commissioner of Official Languages,2009-11-30,2009-11-30,1,Fraser Graham
Fraser Macaulay,Assistant Commissioner,2014-02-24,2014-02-24,1,Fraser Macaulay
Fraser Maclom,Special Assistant,2009-12-08,2009-12-08,1,Fraser Maclom
Fraser Malcolm,"Acting Director, Parliamentary Affairs",2009-01-13,2012-05-29,18,Fraser Malcolm
Fraser Tolmie,Member of Parliament,2021-11-08,2024-12-03,104,"Fraser  Tolmie, Fraser Tolmie, Fraser Tolmie , Fraser Tomlie, fraser tolmie"
Fraser Valentine,Assistant Deputy Minister,2020-01-27,2021-02-02,2,Fraser Valentine
Frechette Sylvain,Deputy Chief of Staff,2015-07-27,2015-07-27,1,Fréchette Sylvain
Fred Bigelow,Chief of Transformation,2011-03-11,2011-03-11,1,Fred Bigelow
Fred Bisonnette,Senior Policy Advisor,2017-04-05,2017-04-05,1,Fred Bisonnette
Fred Boisvert,Deputy Chief of Staff,2015-04-27,2015-04-27,1,Fred Boisvert
Fred Boisvery,"Policy Advisor, Minister's Office",2014-03-31,2014-03-31,1,Fred Boisvery
Fred David,"Senior Officer, Approvals",2015-07-20,2015-10-06,4,Fred David
Fred Davies,Member of Parliament,2025-06-11,2025-06-11,1,Fred Davies
Fred Delorey,Atlantic Desk Representative,2008-07-08,2008-08-27,5,Fred Delorey
Fred Dermarkar,President and CEO,2021-12-15,2023-02-22,3,"Fred DerMarkar, Fred Dermarkar"
Fred Dickson,Senator,2010-10-19,2011-11-03,12,Fred Dickson
Fred Dodge,DNCS 5-6-3,2010-01-27,2019-06-14,36,Fred Dodge
Fred Farag,Deputy Director,2022-03-04,2023-06-12,5,Fred Farag
Fred Gaspar,Vice President,2016-10-26,2023-05-30,57,"Fred  Gaspar, Fred  Gaspar , Fred  Gaspard, Fred Gaspar, Fred Gaspar "
Fred Gorrell,Assistant Deputy Minister,2010-02-18,2022-03-27,208,"Fred Gorell, Fred Gorrel, Fred Gorrell"
Fred Gorelle,Director General,2013-02-26,2013-03-15,3,"Fred Gorelle, Fred Gorrelle"
Fred Grandeur,Senior Policy Analyst,2020-09-17,2020-10-23,8,Fred Le Grandeur
Fred Hamilton,"Manager, Vendor Relations",2017-01-05,2017-01-05,1,Fred Hamilton
Fred Jacques,"Deputy Director, Southern Africa",2015-06-24,2015-06-24,1,Fred Jacques
Fred Lagrandeur,Senior Policy Advisor,2020-01-28,2023-11-13,162,"Fred LaGrandeur, Fred Lagrandeu, Fred Lagrandeur"
Fred Legrandeur,Senior Policy Analyst,2020-02-10,2021-05-05,8,"Fred Langrandeur, Fred Legrandeur"
Fred Lofranco,"Vice President, Business, Innovation and Community Development",2016-11-09,2016-11-09,1,Fred Lofranco
Fred Ninh,Policy Analyst,2017-05-25,2017-10-04,3,Fred Ninh
Fred Nott,Chief of Staff,2009-07-08,2012-08-29,48,"Fred Knott, Fred Nott, Fredd Nott"
Fred Phelps,Staffer to Member of Parliament,2009-01-15,2009-03-24,3,Fred Phelps
Fred Scaffidi,Remedial Measures Specialist,2020-10-26,2020-10-26,1,Fred Scaffidi
Fred Staples,Staffer to Malcolm Allen,2009-02-04,2009-04-16,4,Fred Staples
Fred Way,Vice Chair,2008-07-03,2010-02-26,10,Fred Way
Fred Wrona,Special Advisor to the Assistant Deputy Minister,2014-04-22,2021-04-28,2,Fred Wrona
Fredeic Seppey,Chief Agriculture Negotiator,2017-11-20,2017-11-20,1,Frédéic Seppey
Frederic Bard,"Section Head, Naval Materiel Technology Management",2024-08-08,2024-08-08,1,Frederic Bard
Frederic Baril,Director,2009-08-06,2022-02-03,2,Frederic Baril
Frederic Beauregard,Director General,2023-11-07,2023-11-09,2,Frederic Beauregard
Frederic Beauregard-tellier,Director General,2013-04-17,2025-04-17,62,"FREDERIC BEAUREGARD-TELLIER, Frederic  Beauregard Tellier, Frederic Beauregard Tellier, Frederic Beauregard-Teller, Frederic Beauregard-Tellie, Frederic Beauregard-Tellier, Frederick Beauregard-Tellier, Frédéric Beauregard-Tellier"
Frederic Bissonette,Director General,2020-08-20,2023-10-25,6,"Frederic Bissonette, Frédéric Bissonette, Frédéric Bossonnette"
Frederic Bouchard,"Chair, Federal Research Support System",2022-11-01,2022-12-02,5,"Frederic  Bouchard, Frederic Bouchard, frederic Bouchard"
Frederic Chartrand,Director,2024-06-13,2024-06-13,1,Frederic  Chartrand
Frederic Cornu,President,2024-01-24,2024-01-24,1,frederic cornu
Frederic Cosette,Policy Advisor,2023-10-16,2025-04-01,5,"Frederic Cosette, Frédéric Cosette, Frédéric Cossette"
Frederic Cote,"Operational Requirements Manager, PMO GLLE",2018-11-13,2018-11-13,1,Frédéric Côté
Frederic Dallaire,Constituency Assistant,2022-11-10,2022-11-10,1,Frédéric Dallaire
Frederic Feknous,Advisor,2025-02-05,2025-02-05,1,Frédéric Feknous
Frederic Fournier,"Manager, Partner Relations (Space Utilization)",2015-05-13,2022-08-09,2,"Frederic Fournier, Frédéric Fournier"
Frederic Hamelin,"Manager, Quality Systems Section",2018-07-23,2018-07-23,1,Frederic Hamelin
Frederic Janelle,Senior Analyst,2019-07-25,2019-07-25,1,Frederic Janelle
Frederic Laberge,Trade Commissioner,2011-11-23,2014-10-30,2,Frédéric Laberge
Frederic Loiselle,"Director, Aerospace Solutions",2014-12-04,2015-05-13,2,Frédéric Loiselle
Frederic Malo,Policy Analyst,2020-11-25,2020-11-25,1,Frédéric Malo
Frederic Sepay,Chief Agriculture and Agri-Food Negotiator,2017-03-28,2017-03-28,1,Frederic Sepay
Frederic Seppey,Assistant Deputy Minister,2009-09-01,2020-12-18,646,"FRÉDÉRIC SEPPEY, Federic Seppey, Federick Seppey, Fredderick Seppey, Frederic Seppey, Frederic Seppey., Frederick Seppey, Fredrick Seppey, Frédéric Seppey, Frédéric Seppy, Frédéric seppey, Frédérick Seppey, Fédéric Seppey, Mr. Frédéric Seppey, frederic Seppey, frederic seppey"
Frederick Caldwell,"Trade Commissioner, Canadian Embassy in Mexico",2022-05-31,2022-05-31,1,Frederick Caldwell
Frederick Duquette,Officer,2023-10-18,2023-10-18,2,"Frederick  Duquette, Frederick Duquette"
Frederick Hemer,Executive Assistant,2025-02-06,2025-02-06,1,Frederick Hemer
Frederick Lagrandeur,Policy Advisor,2020-03-17,2020-03-17,1,Frederick Lagrandeur
Frederick Larouche,Executive Assistant to Member of Parliament,2017-04-04,2017-04-04,1,Frédérick Larouche
Frederick Levasseur,Senior Policy Advisor,2018-07-13,2024-08-22,2,Frederick Levasseur
Frederick Matern,"Manager, Policy",2022-02-02,2023-11-30,9,"Frederick  Matern, Frederick Matern, Frédérick Matern"
Frederick Nott,Senior Advisor,2009-10-15,2009-10-15,1,Frederick Nott
Frederik Larouche,Parliamentary Assistant,2021-05-10,2021-08-26,3,"Frederik Larouche, Frédérik Larouche"
Frederique,Advisor to Pierre Paul Hus,2019-08-20,2019-08-20,1,Frederique ?
Frederique B Delapree,Trade Policy Officer,2013-09-17,2013-09-17,1,Frédérique B Delaprée
Frederique Beauregard-tellier,Director General,2023-11-06,2024-02-28,2,Frederique Beauregard-Tellier
Frederique Delapree,Economic Advisor,2024-07-16,2024-07-16,1,Frederique Delapree
Frederique Gauthier,"Advisor, Quebec",2023-05-30,2023-05-30,1,Frederique Gauthier
Frederique Seppey,Chief Agriculture Negotiator,2016-11-17,2016-11-17,1,Frédérique Seppey
Frederique Tsai-klassen,Chief of Staff,2016-05-01,2024-07-30,44,"Frederique Tsai-Klassen, Frederique  Tsai-Klassen, Frédérique  Tsai-Klassen, Frédérique Tsai-Klassen, Frédérique Tsaï-Klassen"
Fredette Marc-andre,"Director, Canadian Cooperation in Mali",2015-01-20,2015-01-20,1,Fredette Marc-André
Fredric Seppey,Trade Negotiator,2016-02-04,2016-02-04,1,Fredric Seppey
Freeland Chrystia,"Minister, Transport",2015-12-11,2025-04-16,4,Freeland Chrystia
Freeman Mylene,Member of Parliament,2015-02-03,2015-02-03,1,Freeman Mylène
Freshta Mohseni,Analyst,2020-07-10,2021-01-22,2,Freshta Mohseni
Friancios-philippe Champagne,Member of Parliament,2016-06-15,2016-06-15,1,Friancios-Philippe Champagne
Fristi Carin,Director General,2023-03-01,2023-03-01,1,Fristi Carin
Fritz Lionel Adimi,Policy Advisor,2018-11-22,2023-06-12,149,"Fritz Adimi, Fritz Lionel  Adimi, Fritz Lionel Adami, Fritz Lionel Adimi, Fritz-Lionel Adimi, Fritz-Lionel Admini"
Fritz-gerald Fadois,"Director, ENERGY STAR",2021-11-15,2021-12-09,2,Fritz-Gerald Fadois
Fulvio Fracassi,Chief Executive Officer,2014-04-29,2022-04-12,15,Fulvio Fracassi
