CleanName_version3,CleanTitle_version3,first_appearance,last_appearance,count,dpoh_name_raw
G. Breitkreuz,Member of Parliament,2011-03-01,2011-03-01,1,G. Breitkreuz
G. Merideth,Assistant Deputy Minister,2008-07-21,2008-07-21,1,G. Merideth
G. Scott White,Director,2016-03-09,2016-03-09,1,G. Scott White
G.a. Malcolm Brown,Associate Deputy Minister,2009-11-10,2009-11-10,1,G.A. Malcolm Brown
Gabby Garwood,Policy Advisor,2023-02-01,2023-02-01,1,Gabby Garwood
Gabe Frost,Senior Policy Analyst,2018-08-29,2018-08-29,1,Gabe Frost
Gabe Menard,Policy and Research Analyst,2024-02-02,2024-02-02,1,Gabe Menard
Gabrela Dejager,Director General,2024-11-21,2024-11-21,1,Gabrela DeJager
Gabriel Bourget,"Special Assistant, Quebec and Atlantic",2020-03-27,2024-07-02,25,Gabriel Bourget
Gabriel Broderick,Senior Policy Advisor,2022-07-29,2025-05-26,44,"Gabriel  Broderick, Gabriel Broderick, gabriel broderick"
Gabriel Brunet,Communications Advisor to the Minister,2022-02-15,2024-06-06,27,"Gabriel  Brunet , Gabriel Brunet"
Gabriel Cyr,Policy Advisor,2017-06-20,2023-09-27,139,"Gabriel Cyr, gabriel Cyr"
Gabriel Delorme,Advisor,2018-10-02,2024-11-29,4,"Gabriel  Delorme, Gabriel Delorme"
Gabriel Frost,Officer,2021-11-23,2021-12-02,3,Gabriel Frost
Gabriel Gosselin,Policy Officer,2019-08-21,2019-08-21,1,Gabriel Gosselin
Gabriel Guay,"Supervisor, Data Collection Operations",2025-04-09,2025-04-09,1,Gabriel Guay
Gabriel Hardy,Member of Parliament,2025-06-10,2025-06-10,1,Gabriel Hardy
Gabriel Mastico,"Economist, Microeconomic Policy Analysis",2012-10-04,2012-10-04,1,Gabriel Mastico
Gabriel Mezzari,"Regional Advisor, QC",2022-11-03,2023-11-15,6,"Gabriel  Mezzari, Gabriel Mezzari"
Gabriel Ngo,Advisor,2018-07-24,2018-07-24,1,Gabriel Ngo
Gabriel Picard,Scientific Evaluator,2019-07-29,2019-07-29,1,Gabriel Picard
Gabriel Piette,"Director, Science",2010-02-02,2010-02-02,1,Gabriel Piette
Gabriel Sainte-marie,Member of Parliament,2015-11-16,2024-11-20,9,"GABRIEL SAINTE-MARIE, Gabriel  Sainte-Marie, Gabriel SAINTE-MARIE, Gabriel Sainte-Marie"
Gabriel St-hilaire,Director and Legislative Assistant,2016-09-08,2019-05-14,5,Gabriel St-Hilaire
Gabriel Ste-marie,Member of Parliament,2016-01-19,2025-05-15,235,"GABRIEL STE-MARIE, Gabriel  Ste-Marie , Gabriel St-Marie, Gabriel St. Marie, Gabriel Ste Marie, Gabriel Ste-Marie, Gabriel Ste-Marie, M.P., Gabriel Ste. Marie, Gabrielle St-Marie"
Gabriel Sundue,Constituency Assistant,2023-06-20,2023-06-20,1,Gabriel Sundue
Gabriel Teo,Team Lead,2025-02-10,2025-02-11,2,Gabriel Teo
Gabriel Vermette,Policy Advisor,2017-11-06,2023-08-29,27,"Gabriel  Vermette , Gabriel Vermette"
Gabriel Williams,Analyst,2025-01-17,2025-05-14,11,"Gabriel Williams, Gabriel Williams "
Gabriel Yiu,Constituency Assistant,2020-06-09,2020-10-15,6,"Gabriel Yiu, Gabriel Yu"
Gabriel Zamfir-enache,"Director, Research Measurement and Data Analytics",2021-02-24,2021-10-01,2,Gabriel Zamfir-Enache
Gabriela De Jager,Director,2024-06-17,2025-03-19,2,"Gabriela  De Jager, Gabriella de Jagr"
Gabriela Dejager,Assistant Director,2024-06-18,2025-05-21,4,"Gabriela DeJager, Gabriela Dejager"
Gabriela Quintanilla,Senior Program Advisor,2024-03-06,2024-03-06,1,Gabriela Quintanilla
Gabrielle Allard,Section Head,2022-06-27,2024-09-06,4,"Gabrielle Allard, Gabrielle allard"
Gabrielle Bardall,Senior Policy Advisor,2023-12-18,2023-12-18,1,Gabrielle Bardall
Gabrielle Berard,Policy Advisor,2012-03-06,2014-11-06,40,"Gabrielle Berard, Gabrielle Berrard, Gabrielle Brerard"
Gabrielle Bibeau,Competition Law Advisor,2023-11-02,2023-11-02,1,Gabrielle Bibeau
Gabrielle Dallaporta,Director,2025-03-03,2025-03-03,1,Gabrielle Dallaporta
Gabrielle Dolgoy,Trade Policy Officer,2015-07-26,2018-01-26,5,Gabrielle Dolgoy
Gabrielle Dubuis,Director of Policy,2022-10-03,2022-10-03,1,Gabrielle   Dubuis
Gabrielle Duschner,Senior Advisor,2011-03-14,2011-03-14,1,Gabrielle Duschner
Gabrielle Fitzgerald,"Director, Research and Data",2020-10-26,2020-10-26,2,Gabrielle FitzGerald
Gabrielle Fitzgeralld,"Acting Director, MMSD",2015-05-06,2015-05-06,1,Gabrielle Fitzgeralld
Gabrielle Forget,Senior Account Manager,2020-11-12,2020-11-12,1,Gabrielle Forget
Gabrielle Frost,Advisor,2022-01-19,2022-01-19,1,Gabrielle Frost
Gabrielle Labadie-johnson,Agenda Manager,2016-11-25,2018-10-03,3,"Gabrielle LaBadie-Johnson, Gabrielle Labadie-Johnson"
Gabrielle Renaud-mattey,Director of Communications,2013-08-26,2013-08-26,1,Gabrielle Renaud-Mattey
Gabrielle Tomovcik,Senior Program Officer,2022-12-01,2025-01-29,4," Gabrielle Tomovcik, Gabrielle  Tomovcik, Gabrielle Tomovcik"
Gabrielle Torrealba,Research Support Assistant,2021-05-31,2021-05-31,1,Gabrielle Torrealba
Gabrielle White,Senior Policy Analyst,2021-06-15,2021-06-23,2,Gabrielle White
Gaby Carignan,Advisor,2018-11-27,2024-05-07,2,Gaby Carignan
Gaby Torrealba,Research Support Assistant,2021-01-07,2021-01-07,1,Gaby Torrealba
Gaelle Maalouf,"Special Assistant, Legislative Affairs",2023-03-01,2023-12-01,8,"Gaelle  Maalouf, Gaelle Maalouf, Gaëlle Maalouf"
Gaelle Miollan,Senior Analyst,2023-03-09,2023-03-09,1,Gaelle Miollan
Gaetan Brousseau,Senior Advisor,2020-09-02,2020-09-18,2,Gaétan Brousseau
Gaetan Caron,Chairperson,2008-09-02,2014-01-22,30,"Gaetan Caron, Gaétan Caron, Gaëtan Caron"
Gaetan Martineau,"Deputy Director, Foreign Affairs and International Trade Canada",2014-07-10,2014-07-10,1,Gaetan Martineau
Gaeton Caron,Chair and CEO,2008-07-17,2011-09-29,4,"Gaeton Caron, Gateon Caron"
Gaffield Chad,President,2009-09-30,2009-09-30,1,Gaffield Chad
Gagan Sikand,Member of Parliament,2015-12-01,2021-04-29,158,"Gagan Sickland, Gagan Sikan, Gagan Sikand, Gagan Sikand, M.P., Gagan Sikland, Gagand Sikand, Gaggan Sikand, Gagon Sikhand, Gigand Sikand"
Gaggan Gill,Senior Special Assistant,2014-01-20,2014-09-23,3,Gaggan Gill
Gagne Claude Eric,"Assistant Director, Operations",2017-03-15,2017-03-15,1,Gagné Claude Eric
Gaher Iqwinder,Member of Parliament,2023-10-03,2023-10-03,1,Gaher Iqwinder
Gail Fawcett,Senior Research Advisor,2013-09-25,2013-09-25,1,Gail Fawcett
Gail Haarsma,Director,2016-11-04,2022-11-29,7,Gail Haarsma
Gail Johnson,Assistant Deputy Minister,2014-10-27,2016-05-27,8,Gail Johnson
Gail Ksonzyna,Principal Director,2013-10-04,2013-10-23,2,Gail Ksonzyna
Gail Miller,Director General,2010-03-11,2011-11-22,4,Gail Miller
Gail Mitchell,Assistant Deputy Minister,2011-11-22,2024-02-21,17,"Gail  Mitchell, Gail Mitchell"
Gail Shea,Minister,2008-11-14,2015-09-15,211,"Gail Shea, Gayle Shea, Hon Gail Shea, Hon. Gail Shea, Honourable Gail Shea, The Hon. Gail Shea, The Hon. Gail Shea, P.C., M.P., The Hon. Minister Gail Shea, M.P., The Hon. Minister Gail Shea, P.C., M.P., The Honourable Gail Shea, P.C., The Honourable Gail Shea, P.C., M.P., gail Shea, gail shea"
Gail Sinclair,General Counsel,2019-01-16,2019-01-16,1,Gail Sinclair
Gail Sparrow,Parliamentary Assistant,2016-09-28,2016-09-28,1,Gail Sparrow
Gale Davy,Constituency Assistant,2021-03-31,2024-03-26,13,"Gale  Davy, Gale Davy"
Gale Galloway,Staffer,2014-03-26,2014-04-03,2,Gale Galloway
Gale Shea,Member of Parliament,2012-11-15,2012-11-15,1,Gale Shea
Galen Countryman,Director General,2015-02-18,2024-08-15,14,"Galen  Countryman, Galen Countryman"
Galen Flaherty,Executive Assistant,2014-07-07,2014-07-07,1,Galen Flaherty
Galen Richadson,Senior Advisor,2024-11-13,2024-11-13,1,Galen Richadson
Galen Richardon,"Regional Advisor, Western and Northern Desk",2021-01-28,2021-01-28,1,Galen Richardon
Galen Richardson,"Senior Regional Advisor, West and North",2019-01-23,2025-06-12,648,"Galen  Richardson, Galen  Richardson , Galen Richardson, Galen Richardson "
Galen Rischardson,"Special Assistant, Regional Desk Prairies and North",2021-01-28,2021-01-28,1,Galen Rischardson
Gallant Cheryl,Member of Parliament,2010-12-09,2010-12-09,1,Gallant Cheryl
Gallezeau Rob,Economic Advisor,2013-10-30,2013-10-30,1,Gallezeau Rob
Gallit Dobner,Executive Director,2023-04-27,2025-02-10,5,Gallit Dobner
Ganna Lachykhina,Legislative Assistant,2022-09-21,2022-09-28,2,"Ganna Lachykhina, Ganna Lachykhina "
Gar Xie,"Regional Advisor, British Columbia",2022-08-29,2022-08-29,1,Gar  Xie
Gardiner Macneill,Policy Advisor,2009-11-24,2010-10-21,5,"Gardiner MacNeil, Gardiner MacNeill"
Gareth Hitchings,Director,2024-06-14,2025-01-17,2,Gareth Hitchings
Gareth Jones,Special Advisor,2016-04-12,2023-08-30,25,Gareth Jones
Garett Pratt,"Director, Sudan and South Sudan",2024-10-10,2024-10-10,1,Garett Pratt
Garima Dwivedi,Assistant Deputy Minister,2023-12-11,2024-10-10,8,Garima Dwivedi
Garneau Marc,Minister,2010-10-25,2017-06-19,2,Garneau Marc
Garnett Genuis,Member of Parliament,2009-03-03,2025-06-04,291,"Garett Genius, Garnet Genius, Garnet Genuis, Garnett  Genuis , Garnett Genius, Garnett Genuis"
Garrett Mombourquette,"Field Unit, Prince Edward Island",2021-02-23,2021-02-23,1,Garrett Mombourquette
Garrison Garrow,Program Officer,2022-05-06,2022-05-06,1,Garrison Garrow
Garry Breitkreuz,Member of Parliament,2009-03-31,2015-06-02,207,"GARRY BREITKREUZ, Garry Breikreuz, Garry Breitkreutz, Garry Breitkreuz, Garry Breitkruz, Garry Brietkreuz, Gary Breitkreuz, Gerry Breikreuz, Gerry Breitkreutz, Gerry Breitkreuz, gerry breitkreutz"
Garry Donaldson,"Manager, Protected Areas and Stewardship",2023-11-02,2023-11-02,1,Garry Donaldson
Gary Goodyear,Minister of State,2008-09-24,2015-07-27,312,"GARY GOODYEAR, Garry Goodyear, Gary Goddyear, Gary Goodear, Gary Goodyear, Gary Goodyer, Gary Gooyear, Hon Gary Goodyear, Hon. Dr. Gary Goodyear, Hon. Gary Goodyear, The Hon. Gary Goodyear, The Honourable Gary Goodyear, P.C., M.P., gary goodyear"
Garry Keller,Chief of Staff,2008-07-02,2017-06-15,98,"Garry Keeler, Garry Kellar, Garry Keller, Garry Kelly, Gary Kellar, Gary Keller"
Gerry Ritz,Minister,2008-07-07,2017-06-15,824,"GERRY RITZ, Garry Ritz, Gerry RITZ, Gerry Raits, Gerry Ritz, Gerry ritz, Gerry, The Honourable Ritz, HON. GERRY RITZ, Hon Gerry Ritz, Hon. Gerry Ritz, Hon. Gerry Ritz, P.C., M.P., Honourable Gerry Ritz, Honourable Gerry Ritz, MP, Minister Gerry Ritz, The Hon. Gerry Ritz, The Honourable Gerry Ritz, The Honourable Gerry Ritz, P.C., M.P., gerry Ritz, gerry ritz"
Garth Ehrhardt,Director,2018-01-16,2024-03-26,12,"Garth	 Ehrhardt, Garth D Ehrhardt, Garth Ehrhardt"
Garth Erdhart,Senior Advisor,2023-05-11,2023-05-11,1,Garth Erdhart
Garth Riley,Director,2012-03-19,2012-03-19,1,Garth Riley
Garth Williams,Acting Executive Director,2020-07-06,2024-03-19,3,Garth Williams
Garv Liddy,Assistant Deputy Minister,2014-07-16,2014-07-16,1,Garv Liddy
Gary Anand,Member of Parliament,2022-08-15,2022-08-15,1,Gary  Anand
Gary Anandagaraee,Member of Parliament,2016-03-09,2016-03-09,1,Gary Anandagaraee
Gary Anandasangaree,Member of Parliament,2015-12-07,2025-05-30,229,"Gary ANANDASANGAREE, Gary Anadasangaree, Gary Anandasaangaree, Gary Anandasanagree, Gary Anandasandaree, Gary Anandasangaree, Gary Anandassangaree, Gary Anandsangaree, Gary Anandusangaree, Gary Ananndasangaree, Gary anandasangaree, Hon. Gary Anandasangaree, Mr. Gary Anandasangaree, M.P., The Honourable Gary Anandasangaree, gary Anandasangaree"
Gary Anansandagaree,Member of Parliament,2016-06-10,2016-06-10,1,Gary Anansandagaree
Gary Baikie,Western Newfoundland and Labrador Field Unit,2021-02-23,2021-02-23,1,Gary Baikie
Gary Catlin,Acting Assistant Chief Statistician,2010-04-28,2010-04-28,1,GARY CATLIN
Gary Cooper,Procurement Manager,2021-03-17,2021-03-17,1,Gary Cooper
Gary Devis,"Director, Business Solutions, Data and Analytics",2019-01-25,2019-01-29,2,Gary Devis
Gary Doer,Ambassador to the United States,2010-01-11,2016-01-07,125,Gary Doer
Gary Edwards,Policy Advisor,2016-11-03,2016-11-09,2,Gary Edwards
Gary Fudge,"Executive Director, Program and Project Services",2013-10-24,2013-10-24,1,Gary Fudge
Gary Goodacre,Director,2024-06-12,2024-06-12,1,Gary  Goodacre
Gary Graham,"Sector Specialist, Strategy and Stakeholder Engagement",2023-05-01,2023-05-01,1,Gary  Graham 
Gary Ivany,"Assistant Commissioner, Coast Guard Atlantic Region",2021-03-11,2021-03-11,1,Gary Ivany
Gary Jenne,Industrial Technology Advisor,2020-05-28,2020-05-28,1,Gary Jenne
Gary Lacey,Executive Director,2016-08-15,2018-01-11,6,Gary Lacey
Gary Lee,Deputy Director,2017-05-31,2018-05-14,7,Gary Lee
Gary Lunn,"Minister of State, Sport",2008-07-07,2011-03-08,65,"GARY LUNN, Gary Lunn, Hon. Gary Lunn, Minister Gary Lunn"
Gary Luton,"Consul General, Mumbai",2008-11-01,2008-11-01,1,Gary Luton
Gary Mcdonald,Director General,2010-05-12,2010-05-12,1,Gary McDonald
Gary Mcgee,Director,2009-03-09,2009-03-09,1,Gary McGee
Gary Mclean,Member of Parliament,2024-05-30,2024-05-30,1,Gary McLean
Gary Pringle,Head,2013-01-14,2013-01-14,1,Gary Pringle
Gary Robertson,Assistant Deputy Minister,2013-09-30,2024-05-29,56,"Gary  Robertson, Gary Roberston, Gary Robertson"
Gary Schellenberger,Member of Parliament,2009-05-12,2015-04-23,88,"GARY SCHELLENBERGER, Garry Schellenberger, Gary Schelenberger, Gary Schellenberger, Gary Schellenberger,, Gary Schellenberger, M.P., Gary Schellenburger, Gary Scheullenberger, Gary Shellenberger, Mr. Gary Schellenberger, MP, gary schellenberger"
Gary Sidock,Director General,2010-08-04,2012-08-01,4,Gary Sidock
Gary Sipeng Xie,Ministerial Advisor,2024-03-25,2024-05-14,2,Gary Sipeng Xie
Gary Slater,Researcher in Residence,2021-02-11,2024-04-18,3,"Gary  Slater, Gary Slater"
Gary Theis,Policy Advisor,2012-04-24,2012-04-24,1,Gary Theis
Gary Toft,Chief of Staff,2009-02-12,2015-07-07,72,Gary Toft
Gary Vidal,Member of Parliament,2019-12-10,2024-11-20,257,"Gary  Vidal, Gary  Vidal , Gary Vidal, Gary Vidal, M.P., Gary Vidal, M.P. , Mr. Gary  Vidal, M.P., Mr. Gary Vidal, Mr. Gary Vidal, M.P."
Gary Walbourne,Ombudsman,2017-12-11,2017-12-11,1,Gary Walbourne
Gary Walker,Assistant Superintendent,2013-05-01,2016-05-30,12,Gary Walker
Gary Xie,Policy Advisor and BC Advisor,2022-09-15,2025-03-13,201,"Gary  Xie, Gary  Xie , Gary Xie"
Gary Xie Xie,Senior Policy Advisor,2025-03-18,2025-03-18,1,Gary Xie Xie
Gates Perry,Policy Advisor,2019-05-27,2019-05-27,1,Gates Perry
Gaukhar Kydyrkhanova,Trade Commissioner,2020-11-30,2020-11-30,1,Gaukhar Kydyrkhanova
Gauri Sreenivasan,"Director, Parliamentary Affairs",2012-01-20,2014-07-09,28,"Gauri Screenivasan, Gauri Sreenivansan, Gauri Sreenivasan, Gauri Sreenivassan, gauri sreenivasan"
Gauthier Denis,Assistant Deputy Minister,2012-01-31,2012-01-31,1,Gauthier Denis
Gauthier Gilles,"Minister, Economic",2015-08-25,2015-08-25,1,Gauthier Gilles
Gauvreau Michael,Director of Operations,2024-08-13,2024-08-13,1,Gauvreau Michael
Gaveen Cadotte,Assistant Deputy Minister,2021-06-02,2024-06-04,7,"Gaveen  Cadotte, Gaveen  Cadotte , Gaveen Cadotte, Gaveen Codotte"
Gavin Buchan,Director General,2014-04-04,2023-09-08,9,"Gavin Bachan, Gavin Buchan"
Gavin Brown,Director,2009-12-14,2020-01-23,8,Gavin Brown
Gavin Charles,Parliamentary Assistant,2013-09-17,2014-10-27,6,Gavin Charles
Gavin Cook,Economist,2023-05-09,2023-05-09,1,Gavin Cook
Gavin Lemieux,Director of Policy,2017-07-18,2017-09-13,2,Gavin Lemieux
Gavin Liddy,Associate Deputy Minister,2012-01-31,2016-08-24,28,"GAVIN LIDDY, Gavin Liddy"
Gavin Menzies,Assistant,2011-02-24,2011-03-01,2,Gavin Menzies
Gavin Nardocchio-jones,"Manager, Foreign Policy and Diplomacy Service",2024-04-10,2024-08-27,2,Gavin Nardocchio-Jones
Gavin Wiens,Advisor to the Senior Assistant Deputy Minister,2024-04-12,2024-04-12,1,Gavin Wiens
Gaziz Shotanov,Trade Commissioner,2023-01-30,2023-01-30,1,Gaziz Shotanov
Gemma Boag,Director,2022-06-21,2022-06-21,1,Gemma Boag
Gemma Legresley,Senior Analyst,2016-04-12,2017-05-08,5,Gemma LeGresley
Gen Walter Natynczyk,President,2014-04-17,2014-06-13,3,Gen Walter Natynczyk
Gena Richard,Acting Team Lead,2024-07-09,2024-07-09,1,Gena Richard 
Gene Cabral,Executive Vice President,2018-05-25,2018-05-25,1,Gene Cabral
General Contact Point At General Email Address,Ontario Anti-Racism Office,2022-03-16,2022-03-16,1,General Contact Point  at General Email Address
General Contact Point Gatineau,Anti-Racism Engagement,2022-03-16,2022-03-16,1,General Contact Point Gatineau
General Thomas Lawson,Chief of Defence,2013-11-21,2013-11-21,1,General Thomas Lawson
General Wayne Eyre,"Chief of Staff, Defence",2024-02-28,2024-02-28,1,General Wayne Eyre
Genereux Bernard,Member of Parliament,2010-10-06,2010-10-06,1,Généreux Bernard
Genevieve Asselin,"Deputy Director, South Sudan",2024-10-10,2024-10-10,1,Genevieve  Asselin
Genevieve Bastien,"Assistant Director, Highway, Border and Motor Carrier Policy",2025-04-17,2025-04-17,1,Genevieve Bastien
Genevieve Bechard,Director General,2018-04-12,2022-10-13,2,"Genevieve Béchard, Geneviève Béchard"
Genevieve Benard,"Program Specialist, Transportation of Animals",2016-10-31,2016-11-07,3,"Genevieve Benard, Geneviève Bénard"
Genevieve Binet,"Assistant Deputy Minister, Public Affairs",2023-11-17,2023-11-17,2,Genevieve Binet
Genevieve Boisvert,"Director, Constituency Office",2016-10-31,2018-11-05,17,"Genevieve Boisvert, Geneviève Boisvert"
Genevieve Boudrias,Director,2024-01-08,2024-04-17,2,Genevieve Boudrias
Genevieve Bourget,Deputy Director,2018-04-18,2024-10-24,13,"Genevieve  Bourget, Genevieve Bourget, Geneviève Bourget"
Genevieve Bouthillier,Executive Vice President,2025-02-28,2025-02-28,1,Geneviève Bouthillier
Genevieve Breton,Director of Communications,2010-06-10,2013-02-19,8,"Genevieve Breton, Geneviève Breton, Genvieve Breton"
Genevieve Brown,Assistant Director,2019-06-17,2021-11-25,3,Genevieve Brown
Genevieve Car,Director,2017-04-05,2017-04-05,1,Genevieve Car
Genevieve Chagnon-lampron,Senior Trade Policy Officer,2013-03-27,2021-11-12,9,Genevieve Chagnon-Lampron
Genevieve Chagnoon-lampron,Senior Policy Officer,2017-06-21,2017-06-21,1,Genevieve Chagnoon-Lampron
Genevieve Champagne,Planning Advisor,2022-08-02,2022-08-02,1,Genevieve Champagne
Genevieve Charrois,Director,2022-06-13,2024-05-01,2,"Genevieve  Charrois, Genevieve Charrois "
Genevieve Clermont,Director,2022-06-15,2023-06-22,5,"Genevieve Clermont, Geneviève Clermont"
Genevieve Cousineau,Policy Advisor,2021-09-24,2021-09-24,1,Geneviève Cousineau
Genevieve De Riviere,Ambassador to Peru,2008-10-22,2008-10-22,1,Genevieve de Riviere
Genevieve De Rocq,Student,2022-07-06,2022-07-06,1,Genevieve De La Rocq
Genevieve Deblois,Policy Advisor,2021-05-12,2021-05-28,2,"Genevieve DeBlois, Geneviève DeBlois"
Genevieve Desjardins,Vice President,2014-04-10,2017-03-23,2,Genevieve Desjardins
Genevieve Fournier,Senior Program Officer,2023-01-17,2024-04-17,2,"Genevieve Fournier, Geneviève  Fournier"
Genevieve Gougeon,Deputy Director,2019-09-26,2023-10-11,9,"Genevieve Gougeon, Genevieve Gourgeon, Genvieve Gougeon"
Genevieve Guilbault,Member of Parliament,2021-05-21,2021-05-21,1,Geneviève Guilbault
Genevieve Hinse,Chief of Staff,2015-11-18,2024-09-18,160,"Genevieve  Hinse , Genevieve Hinse, Geneviève  Hinse , Geneviève Hinse, Genvieve Hynse, Géneviève Hinse"
Genevieve Kroes,Manager,2022-09-07,2024-02-15,3,Genevieve Kroes
Genevieve Leguerrier,Director,2018-02-28,2018-02-28,1,Genevieve Leguerrier
Genevieve Lemaire,Communications Assistant,2021-04-08,2021-04-08,1,Geneviève Lemaire
Genevieve Lemieux Rettinger,"Executive Assistant to the Associate Deputy Minister, Natural Resources Canada",2021-03-17,2021-03-17,1,Geneviève Lemieux Rettinger
Genevieve Levesque,"Senior Advisor, Parliamentary and Legal Affairs",2019-02-05,2024-10-01,10,"Genevieve  Levesque, Genevieve Levesque, Geneviève  Lévesque, Geneviève Lévesque"
Genevieve Marcoux,Project Engineer,2024-10-30,2024-10-30,1,Genevieve Marcoux
Genevieve Moineau,Chief Medical Workforce Advisor,2023-09-19,2025-01-29,14,"Dr. Geneviève Moineau, Genevieve Moineau, Genevive Moineau, Geneviève  Moineau, genevieve moineau"
Genevieve Nadeau,Senior Policy Analyst,2022-07-08,2022-07-08,2,Geneviève Nadeau
Genevieve Rodrigue,Poultry Sector Specialist,2016-03-08,2021-08-11,4,"Genevieve Rodrigue, Geneviève Rodrigue"
Genevieve Roy,Project Delivery and Business Development,2023-09-19,2024-02-20,2,Genevieve Roy
Genevieve Sancoucy,"Chief, Regulatory Development",2016-02-16,2016-02-16,1,Genevieve Sancoucy
Genevieve Sansoucy,"Chief, Permits and Approvals Division",2017-04-05,2019-08-22,6,"Genevieve Sansoucy, Geneviève Sansoucy"
Genevieve Sicard,Director,2022-06-03,2022-06-09,5,Genevieve Sicard
Genevieve Tanguay,Vice President,2016-04-29,2025-04-29,115,"Genevieve  Tanguay, Genevieve Tanguay, Geneviève Tanguay, Gevevieve Tanguay"
Genevieve Tardy,Policy Advisor,2016-11-18,2016-11-18,1,Geneviève Tardy
Genevieve Tremblay,Director General,2019-01-30,2025-03-18,2,"Genevieve Tremblay, Geneviève Tremblay"
Genevieve Tuts,"Ambassador and Head of Delegation, European Union",2024-11-05,2024-11-05,1,Geneviève Tuts
Geng Tan,Member of Parliament,2016-02-02,2019-02-26,52,"Geng Tan, Geng Tang"
Genievieve Sicard,Private Secretary,2011-06-28,2011-06-28,1,Genievieve Sicard
Geoff Adams,Deputy Director,2015-03-05,2019-02-04,5,Geoff Adams
Geoff Barrett,Director,2018-09-10,2022-01-19,6,Geoff Barrett
Geoff Black,Deputy Director,2014-06-27,2015-06-29,3,Geoff Black
Geoff Burgess,"Senior Policy Advisor, Transport Canada",2016-11-03,2024-09-13,3,Geoff Burgess
Geoff Crampton,Assistant Director,2020-04-23,2020-04-23,1,Geoff Crampton
Geoff Gartshore,"Deputy Consul General, Canada in New York",2024-06-18,2024-09-23,2,"Geoff  Gartshore, Geoff Gartshore"
Geoff Gunn,Senior Analyst,2024-03-14,2024-03-14,1,Geoff Gunn
Geoff Hall,Director of Operations,2016-07-29,2021-03-03,5,Geoff Hall
Geoff Hare,Chair and CEO,2012-05-16,2014-12-02,2,Geoff Hare
Geoff Kennedy,Senior Policy Analyst,2022-10-27,2022-10-27,1,Geoff Kennedy
Geoff Leblovic,"Special Assistant to the Minister, International Trade",2011-03-11,2011-03-11,1,Geoff Leblovic
Geoff Macmillan,Manager,2021-08-17,2021-08-17,1,Geoff MacMillan
Geoff Malyk,Policy Advisor,2014-08-19,2015-07-16,58,"Geoff Malyk, Goeff Malyk"
Geoff Mercer,Regional Director General,2015-10-29,2022-08-18,6,Geoff Mercer
Geoff Munor,Principal Scientist and Assistant Deputy Minister,2011-04-28,2011-04-28,1,Geoff Munor
Geoff Munro,Chief Scientist | Assistant Deputy Minister,2009-01-08,2013-11-08,72,"Geoff Munro, Geoff Munroe"
Geoff Murphy,Deputy Director,2019-02-15,2019-10-30,5,Geoff Murphy
Geoff Regan,Member of Parliament,2009-01-28,2021-07-14,453,"Geoff Reagan, Geoff Regan, Geoff Regan MP, Geoff Regin, Hon Geoff Regan, Hon. Geoff Regan, Hon. Geoff Regan, P.C., Honourable Geoff Regan, Honourable Geoff Regan, P.C., The Hon. Geoff Regan, The Hon. Geoff Regan, P.C., M.P., The Honourable Geoff Regan, M.P., The Honourable Geoff Regan, P.C., The Honourable Geoff Regan, P.C., M.P., geoff regan"
Geoff Salomans,Senior Business Officer,2021-05-13,2021-06-10,5,Geoff Salomans
Geoff Salomons,Senior Program Officer,2024-03-18,2024-03-18,1,Geoff Salomons
Geoff Tasker,Policy Analyst,2020-06-24,2020-06-24,1,Geoff Tasker
Geoff Trueman,Assistant Commissioner,2010-10-07,2023-06-12,44,Geoff Trueman
Geoffery Regan,Member of Parliament,2013-10-24,2020-06-25,2,"Geoffery Regan, Hon. Geoffrey Regan"
Geoffoire Montpetit,Chief of Staff,2016-06-06,2016-06-28,2,Geoffoire Montpetit
Geoffrey Burgees,"Manager, MHDV Electrification",2023-11-22,2023-11-22,1,geoffrey Burgees
Geoffrey Burgess,Manager | Senior Policy Advisor,2016-02-02,2025-05-28,14,"Geoffrey  Burgess, Geoffrey Burgess"
Geoffrey Chambers,Advisor to the Leader,2015-01-13,2015-02-02,3,Geoffrey Chambers
Geoffrey Coke,Tax Policy Officer,2015-06-09,2015-06-09,1,Geoffrey Coke
Geoffrey Crampton,Chief Information Officer,2019-07-31,2022-08-11,5,Geoffrey Crampton
Geoffrey Gunn,Senior Analyst,2024-09-25,2024-09-25,1,Geoffrey Gunn
Geoffrey Hall,"Director, Administration",2011-09-21,2024-08-07,16,"Geoffrey Hall, Geoffrey Hall , geoffrey hall"
Geoffrey Hancock,Western Newfoundland and Labrador Field Unit,2021-02-23,2021-02-23,1,Geoffrey Hancock
Geoffrey Hare,Chairman and Chief Executive Officer,2009-06-11,2014-12-02,21,"Geoffrey C Hare, Geoffrey C. Hare, Geoffrey Hare"
Geoffrey Lablovic,Policy Advisor,2011-10-20,2012-04-18,2,"Geoffrey Lablovic, Geoffrey Leblevic"
Geoffrey Leblovic,Special Assistant,2010-03-29,2013-06-26,40,"Geoffrey Leblovic, Geoffrey Lebovich"
Geoffrey Malyk,Policy Advisor,2015-05-28,2015-05-28,1,Geoffrey Malyk
Geoffrey Mercer,"Associate Regional Director General, Atlantic and Quebec Region",2016-08-09,2016-08-09,2,Geoffrey Mercer
Geoffrey Murphy,Director General,2016-05-03,2022-02-09,2,Geoffrey Murphy
Geoffrey Oliver,"Director, Policy Analysis and Research",2019-01-28,2019-01-28,1,Geoffrey Oliver
Geoffrey Rafe Hall,Chief of Staff,2016-10-24,2017-02-09,2,Geoffrey Rafe Hall
Geoffrey Solomon,Economist,2023-01-24,2023-01-24,1,Geoffrey Solomon
Geoffrey Wilson,President and Chief Executive Officer,2018-08-15,2019-07-11,2,Geoffrey Wilson
Geoffroi Montpetit,Chief of Staff,2015-12-08,2021-03-10,160,"Geffroi Montpetit, Geoffrio Montpetit, Geoffroi Monpetit, Geoffroi MontPetit, Geoffroi Montpetit, Geoffroi Montpetit,, Geoffroni Montpetit, Geoffroy Montpetit, Goffroi Montpetit"
Geordie Summars-lubar,Atlantic Desk,2020-11-10,2020-11-10,1,Geordie Summars-Lubar
Geordie Summers - Lubar,"Special Assistant, Communications and Regional Desk",2020-03-10,2020-03-10,1,Geordie Summers - Lubar
Geordie Summers-lubar,Special Assistant,2018-09-13,2021-07-20,32,Geordie Summers-Lubar
Geordie Summers-lumbar,Policy Advisor,2021-02-08,2021-02-08,1,Geordie Summers-Lumbar
Georganne Burke,"Director, Indigenous Outreach",2012-09-10,2014-10-07,4,Georganne Burke
George A. Da Pont,"Vice President, Executive",2010-08-05,2010-08-05,1,George A. Da Pont
George Anai,Assistant Deputy Minister,2018-10-24,2018-10-24,1,George Anai
George Arcand,Regional Director General,2011-03-09,2011-03-09,1,George Arcand
George Arsenigevic,Deputy Commissioner,2008-12-16,2008-12-16,1,George Arsenigevic
George Arsenijevic,Assistant Commissioner,2010-05-26,2010-06-29,3,George Arsenijevic
George Arvanitakis,"Head, Biotechnology 2 Section",2016-08-09,2016-08-09,1,George Arvanitakis
George Baker,Senator,2011-03-08,2017-01-31,10,George Baker
George Braden,Policy Advisor,2010-08-24,2014-10-29,13,George Braden
George Cah,Member of Parliament,2023-06-05,2023-06-05,1,george cah
George Chahal,Member of Parliament,2021-10-21,2025-02-21,336,"George  Chahal, George Chahal, Georges Chahal, george  Chahal"
George Chow,"Minister of State, Trade",2019-10-22,2019-10-22,1,george chow
George Claydon,Principal Advisor,2022-04-06,2023-05-16,11,"George  Claydon, George Claydon"
George Collier,Acting Manager,2020-06-02,2023-10-03,4,"George Collier, Goerge Collier, george collier"
George Comeau,Senator,2012-11-08,2012-11-08,1,George Comeau
George Da Pont,Deputy Minister,2008-07-29,2016-01-28,101,"GEORGE DA PONT, George Da Point, George Da Pont, George da Pont"
George Dapont,President,2010-10-14,2016-01-18,39,"George DaPont, George Dapont, George DuPont, George Dupont, George daPont, George de Pont"
George Eleftheriou,Deputy Director,2024-02-07,2024-02-07,1,George Eleftheriou
George Enei,Assistant Deputy Minister,2008-10-20,2020-11-19,40,"GEORGE ENEI, George Enei, Georges Enei"
George Furey,Senator,2010-11-18,2023-02-08,24,George Furey
George Green,Vice President,2013-10-15,2017-01-26,9,George Green
George Greene,Chief Administrative Officer,2013-10-15,2013-10-15,1,George Greene
George Groeneveld,"Minister, Agriculture and Rural Development",2008-09-05,2008-09-05,1,George Groeneveld
George Heyman,"Minister, Environment and Climate Change Strategy",2019-10-22,2019-10-22,1,george heyman
George Hriscu,Acting Regional Deputy Director,2022-08-30,2024-05-09,3,George Hriscu
George J. Furey,Speaker of the Senate,2016-06-09,2021-02-15,3,"George J Furey, George J. Furey"
George Kendros,Physical Sciences Planning Officer,2022-09-20,2024-11-14,8,George Kendros
George Kitchen,Senior Advisor,2017-03-23,2020-08-18,2,George Kitchen
George Lepine,Transportation Security Inspector,2017-04-19,2017-04-19,1,George Lepine
George Mawussi,"Deputy Director, Trade Portfolio and Strategy",2023-12-01,2023-12-01,1,George  Mawussi
George Mcclinchey,Chief of Staff,2016-03-24,2016-03-24,1,George McClinchey
George Michaliszyn,Director,2008-08-28,2009-03-11,3,George Michaliszyn
George Paisiovich,Staffer,2016-12-02,2022-01-12,2,George Paisiovich
George Pikor,Special Advisor,2009-06-29,2009-06-29,1,George Pikor
George Rae,Senior Policy Advisor,2011-03-22,2024-12-04,148,"GEORGE RAE, George  Rae, George Rae, George Ray, george rae"
George Ross,Deputy Minister,2009-10-06,2009-10-06,1,George Ross
George Saibel,Regional Director General,2009-09-25,2012-05-22,6,"George Saibel, Georges SAIBEL, Georges Saibel"
George Shaw,Vice President,2008-12-16,2010-05-27,5,George Shaw
George Smith,"Director, Leader's Affairs",2013-05-10,2015-07-21,11,George Smith
George Soule,Leader's Affairs,2011-11-30,2012-02-28,3,George Soule
George W. Rae,Director of Policy,2015-03-24,2015-03-24,1,George W. Rae
George Williams,"Special Assistant, Parliamentary Affairs and Issues",2023-04-05,2024-11-05,9,"George  Williams, George Williams"
George Young,Chief of Staff,2016-02-23,2022-09-15,138,"George  Young, George Young"
Georges Arseneau,Regional Director,2014-07-02,2020-09-02,5,Georges Arseneau
Georges Beaino,"Analyst, Strategic Initiatives",2018-08-29,2018-08-29,1,Georges Beaino
Georges Lambert,Director,2010-10-07,2010-10-07,1,Georges Lambert
Georges Maechling,Parliamentary Secretary,2023-05-30,2023-05-30,1,Georges Maechling
Georges Rae,"Political Advisor, Ministry of Public Security",2012-05-18,2012-11-30,3,"Georges Rae, Georges Rea"
Georges Rioux,"Vice President, Corporate Affairs Branch",2011-10-17,2011-12-20,2,Georges Rioux
Georgette Habib,Board Member,2008-09-02,2008-09-02,1,Georgette Habib
Georgette Pepper,Trade Commissioner,2023-01-30,2023-01-30,1,Georgette Pepper
Georgette Roy,"Director, Office of Regulatory Affairs",2016-11-22,2018-05-22,5,Georgette Roy
Georgi Hannas,Senior Advisor,2023-11-09,2023-11-09,1,Georgi Hannas
Georgina Galloway,Director,2018-09-07,2024-05-23,8,"Georgina  Galloway, Georgina Galloway"
Georgina Georgilopoulos,Senior Analyst,2022-10-24,2023-09-01,4,"Georgina  Georgilopoulos, Georgina Georgilopoulos"
Georgina Jolibois,Member of Parliament,2016-02-01,2019-05-28,30,Georgina Jolibois
Georgina Lloyd,Assistant Deputy Minister,2013-10-22,2025-05-28,52,"Georgina  Lloyd, Georgina Lloyd, Georgina Llyod"
Georgina Naismith,"Manager, Regulations",2012-07-17,2012-07-17,1,Georgina Naismith
Georgina Wainwright-kemdirim,Senior Policy Analyst,2016-12-01,2016-12-01,1,Georgina Wainwright-Kemdirim
Geraint Breeze,"Senior Director, Investments",2018-09-13,2018-09-13,1,Geraint Breeze
Gerald Butts,Principal Secretary,2014-04-03,2019-01-30,103,"Gerald Butts, Gerard Butts, Gerry Butts"
Gerald Comeau,Senator,2010-11-24,2013-05-29,28,"Gerald Comeau, Gerald J. Comeau, Gérald C. Comeau, Gérald Comeau, Gérald J. Comeau, gerald comeau"
Gerald Cossette,Director,2009-11-20,2017-05-11,44,"Gerad Cossette, Gerald Cossette, Gerard Cossette, Gérald Cossette"
Gerard Etienne,Vice President,2013-04-22,2016-10-14,8,"Gerald Etienne, Gerard Etienne, Gerard etienne, Gérard Étienne"
Gerald Farthing,"Deputy Minister, Education",2010-12-13,2010-12-13,1,Gerald Farthing
Gerald Gosselin,Director General,2020-08-25,2025-02-13,8,"Gerald  Gosselin, Gerald Gosselin, gerald  gosselin"
Gerald Keddy,Member of Parliament,2008-08-14,2015-06-30,187,"GERALD KEDDY, Gerald Keddy, Gerald Keddy, M.P., Mr. Gerald Keddy, M.P., gerald Keddy, gerald keddy"
Gerard Kennedy,Member of Parliament,2010-09-20,2013-05-14,23,"Gerald Kennedy, Gerard Kennedy, Gerrard Kennedy"
Gerald Kenny,Parliamentary Secretary,2010-11-01,2010-11-01,1,Gerald Kenny
Gerard Peets,Assistant Deputy Minister,2011-11-04,2025-05-30,199,"GERARD PEETS, Gerald Peets, Gerard 	  Peets, Gerard  Peets, Gerard Peets, Gerard Peets,, Gerard Petes, Gerrard Peets"
Gerald Ritz,Member of Parliament,2011-03-22,2012-07-09,4,Gerald Ritz
Gerald Soroka,Member of Parliament,2019-10-25,2024-12-04,153,"Gerald  Soroka, Gerald Soroka, Gerald Sorotka, Gerold Soroka, Gérald Soroka, Mr. Gerald Soroka"
Geraldine Nardjivanian,Assistant Director,2024-08-09,2024-08-09,1,Geraldine  Nardjivanian
Geraldine Underdown,"Executive Director, National Search and Rescue Secretariat",2014-02-03,2014-02-03,1,Geraldine Underdown
Gerard Mcdonald,Assistant Deputy Minister,2008-09-08,2014-01-04,144,"GERARD MCDONALD, GERARD McDONALD, Gerald McDonald, Gerard A McDonald, Gerard A. McDonald, Gerard MacDonald, Gerard Macdonald, Gerard McDonald, Gerard Mcdonald"
Gerard Asselin,Member of Parliament,2010-09-29,2011-03-02,7,"Gerard Asselin, Gérard Asselin"
Gerard Deltell,Member of Parliament,2016-01-14,2025-06-03,722,"Gerald Deltel, Gerald Deltell, Gerard  Deltel, Gerard  Deltell, Gerard  Deltell , Gerard Deltel, Gerard Deltell, Gerard Deltelle, Gerard Detltell, Gerraard Deltell, Gerrald Deltell, Gerrard Deltell, Gérald Deltell, Gérard  Deltell, Gérard  Deltell , Gérard Deltell"
Gerard Gerard Deltell,Member of Parliament,2016-09-20,2016-09-20,1,Gérard Gérard Deltell
Gerard Keddy,Parliamentary Secretary,2010-10-21,2010-10-28,2,Gerard Keddy
Gerard Lalonde,Director of Policy,2009-01-12,2011-11-15,9,"Gerard Lalonde, Gerry Lalonde, Gérard Lalonde"
Gerard Peets Gerard Peets,Assistant Deputy Minister,2019-01-29,2019-01-29,1,Gerard Peets Gerard Peets
Gerett Rusnak,Senior Economic Advisor,2019-03-29,2019-03-29,1,Gerett Rusnak
Gerrit Nieuwoudt,Director of Policy,2010-04-28,2015-04-21,159,"Gerit Nieuwoudt, Gerri Nieuwoudt, Gerrit Nienwoudt, Gerrit Nierwoudt, Gerrit Nieuoudt, Gerrit Nieuwoudt, Gerrit Nieuwouldt, Gerrit Niewoudt, Gerritt Nieuwoudt"
Germain Laigle,Senior Economic Advisor,2023-05-11,2024-02-13,2,Germain Laigle
Gerri-lynn Dolan,Policy Analyst,2020-07-09,2020-07-09,1,Gerri-Lynn Dolan
Gerrit Van Dorland,Legislative Assistant,2022-10-25,2022-10-25,1,Gerrit Van Dorland
Gerry Byrne,Member of Parliament,2010-09-28,2015-06-10,34,"Gerry Bryne, Gerry Byrne, Hon. Gerry Byrne, Hon. Gerry Byrne PC, Mr. Gerry Bryne, The Honourable Gerry Byrne, P.C."
Gerry Cancilla,LCMM,2015-02-10,2015-02-10,1,Gerry Cancilla
Gerry Frappier,Director General,2018-10-01,2020-01-28,4,Gerry Frappier
Gerry Gallagher,Executive Director,2012-11-20,2019-06-13,6,Gerry Gallagher
Gerry Marques,Operations Manager,2024-02-13,2025-01-31,2,Gerry Marques
Gerry Morrissey,"Manager, Community Investment and Official Languages",2021-06-08,2021-06-08,1,Gerry Morrissey
Gerry Nera,Director,2012-05-16,2019-02-27,6,Gerry Nera
Gerry Nott,Chief of Staff,2012-06-21,2012-06-21,1,Gerry Nott
Gerry Philippe,"Constituency Assistant, Minister Cannon",2011-02-15,2011-02-15,1,Gerry Philippe
Gerry Pitz,Minister,2013-05-07,2013-05-07,1,Gerry Pitz
Gerry Rtiz,Member of Parliament,2016-05-31,2016-05-31,1,Gerry Rtiz
Gerry Salembier,Assistant Deputy Minister,2008-07-17,2020-11-13,90,"Gerry Salambier, Gerry Salembier, Gerry Salemiber"
Gerry St. Germain,Senator,2010-10-01,2012-10-17,18,"Gerry St-Germain, Gerry St. Germain, Gerry St.Germain, Senator Gerry Germain"
Gerry Thom,Acting President,2017-02-03,2017-02-03,1,Gerry Thom
Gerry Xie,"Policy Advisor, Prairies",2024-11-13,2024-11-13,1,Gerry Xie
Gerstein Irving,Senator,2012-02-06,2012-02-06,1,Gerstein Irving
Gert De Boeverm,Senior Investment Officer,2024-12-09,2024-12-09,1,Gert De Boeverm
Gertrude Zagler,"Director, Labour Programs",2023-12-28,2023-12-28,1,Gertrude Zagler
Gervais Colombe,"Senior Director, Excise Taxation and Litigation",2022-02-17,2022-02-17,1,Gervais Colombe
Gervais Coulombe,"Senior Director, Excise Taxation and Legislation",2016-09-22,2024-03-19,32,"Gervais Coulombe, Gervais coulombe"
Gervais Marc,"Director, Parliamentary Affairs and Issues Management",2017-09-20,2017-09-20,1,Gervais Marc
Gery Ritz,Member of Parliament,2011-03-10,2013-06-28,3,"Gary Ritz, Gery Ritz"
Gery Syroteuk,"Director, Strategic Partnering",2023-09-03,2023-09-03,1,Gery Syroteuk
Ghada Abid,Legislative Assistant,2023-04-17,2024-09-26,10,"Ghada  Abid, Ghada Abid"
Ghazal Zazai,Policy Analyst,2024-11-04,2024-11-04,1,Ghazal Zazai
Ghislain Blanchard,Director General,2012-05-16,2016-03-22,12,Ghislain Blanchard
Ghislain Chenier,Issues Manager,2014-05-08,2014-05-08,1,Ghislain Chenier
Ghislain Ethier,Advisor,2015-01-12,2017-05-31,17,"Ghislain Ethier, Ghislain Éthier, Ghyslain Ethier"
Ghislain Lalime,Senior Regulatory Development Engineer,2016-06-07,2016-06-07,1,Ghislain Lalime
Ghislain Maltais,Senator,2012-02-06,2019-04-09,58,"Ghislain Maltais, Ghislain maltais, Gislain Maltais, Gyslain Maltais, Hon. Ghislain Maltais, SENATOR GHISLAIN MALTAIS, The Hon. Senator Ghislain Maltais, ghislain maltais"
Ghislain Sauve,Director General,2017-04-18,2021-03-23,2,"Ghislain Sauve, Ghislain Sauvé"
Ghislaine Charlebois Saikaley,Assistant Commissioner,2013-09-13,2013-09-18,2,Ghislaine Charlebois Saikaley
Ghislaine Lalonde,"Deputy Chief Financial Officer, Corporate Resource Management",2017-06-19,2017-06-19,1,Ghislaine Lalonde
Ghislaine Saikaley,Assistant Commissioner,2013-10-23,2020-02-03,8,Ghislaine Saikaley
Ghislaine Tremblay,"Assistant Commissioner, Compliance Assurance Branch",2018-03-29,2018-03-29,1,ghislaine Tremblay
Ghungsen Leung,Member of Parliament,2014-12-04,2014-12-04,1,Ghungsen Leung
Ghyslaine Cote,Director General,2020-07-06,2020-07-06,1,Ghyslaine Côté
Gian-andrea Lacombe,Policy Advisor,2024-12-05,2024-12-05,1,Gian-Andrea Lacombe
Gian-luca Porcari,"Technical Advisor, Harmonization and Special Initiatives",2023-08-31,2023-08-31,1,Gian-Luca  Porcari 
Giancarlo Cairo,Chief of Staff,2017-10-06,2018-10-23,3,Giancarlo Cairo
Giancarlo Luca,Chief of Staff,2019-06-17,2019-06-17,1,Giancarlo Luca
Gianluca Cairo,Chief of Staff,2015-12-09,2019-07-31,394,"Gianaluca Cairo, Giancula Cairo, Gianluca Cairo, Gianluca Cario, Gianluca Ciaro, Gianluco Cairo, Giuanluca Cairo"
Gianluca Gianluca,Chief of Staff,2019-06-16,2019-06-16,1,Gianluca Gianluca
Gianluca Tatone,"Senior Manager, Executive Operations",2022-08-09,2024-11-15,21,"Gianluca Tatone, Gianluca Tatone "
Gianni Caravaggio,Research Scientist,2017-10-18,2017-10-18,1,Gianni Caravaggio
Gianni Rossi,Program Officer,2013-08-06,2013-08-06,1,Gianni Rossi
Gibby Armstrong,"Executive Director, Industrial Division",2016-10-20,2016-10-20,1,Gibby Armstrong
Gigi Ho,Senior Business Officer,2023-02-15,2024-03-19,5,Gigi Ho
Gigi Mandy,Director,2017-01-24,2017-01-24,1,Gigi Mandy
Gigi Osler,Senator,2022-11-22,2024-11-26,13,"Gigi Osler, Gigi Osler "
Gilbert Ghantous,Manager,2022-03-16,2022-03-16,1,Gilbert Ghantous
Gilbert Masin,Senior Investment Analyst,2011-05-06,2011-09-30,7,Gilbert Masin
Giles Anthony,"Assistant Deputy Minister, Policy, Dispute Resolution and International Affairs",2019-12-04,2019-12-04,1,Giles Anthony
Giles Morrell,"Manager, Oil and Gas Regulatory Affairs | Petroleum Geologist",2013-01-15,2013-01-15,2,Giles Morrell
Giles Norman,Ambassador to Serbia,2022-06-09,2022-06-10,2,Giles Norman
Gilles Patry,President and CEO,2015-07-13,2017-04-27,7,"Giles Patry, Gilles Patry"
Giles Rivard,Ambassador and Deputy Permanent Representative,2011-06-20,2011-06-20,1,Giles Rivard
Gill Gaggan,"Senior Special Assistant, Multiculturalism",2014-12-02,2014-12-02,1,Gill Gaggan
Gilles Couturier,"Commander, MARPAC",2015-11-24,2016-04-27,2,Gilles Couturier
Gilles Doucet,"Advisor, Research and Development",2009-06-14,2009-06-14,1,Gilles Doucet
Gilles Duceppe,Member of Parliament,2009-03-26,2011-03-02,22,Gilles Duceppe
Gilles Dufour,Director General,2023-05-30,2023-05-30,1,Gilles Dufour
Gilles Froment,Senior Director,2012-11-20,2012-11-20,1,Gilles Froment
Gilles Gauthier,Director General and Chief Agriculture Negotiator,2009-02-24,2017-05-16,93,"GILLES GAUTHIER, Gilles Gauthier, gilles gauthier"
Gilles J. Brunet,Economic Development Program Advisor,2008-07-07,2008-07-07,2,Gilles J. Brunet
Gilles Leclerc,Director General,2011-11-29,2021-07-15,25,"Gilles LeClerc, Gilles Leclerc"
Gilles Lusier,"Manager, Highway Engineering Services",2023-05-16,2023-05-16,1,Gilles  Lusier
Gilles Martin,Commissioner,2009-11-30,2012-11-20,5,"Gilles Martin, Gilles Martins"
Gilles Mcdougall,Secretary General,2010-02-25,2013-05-16,2,Gilles McDougall
Gilles Mercier,Acting Director,2009-05-05,2010-08-27,4,Gilles Mercier
Gilles Moreau,Assistant Commissioner,2013-04-05,2013-08-02,2,Gilles Moreau
Gilles P. Vinet,"Vice President, Program Development",2009-09-24,2009-09-24,1,Gilles P. Vinet
Gilles Pelletier,"Director General, Regional Operations",2017-03-08,2017-03-08,8,Gilles Pelletier
Gilles Saindon,Assistant Deputy Minister,2010-01-18,2025-05-28,111,"Dr. Gilles Saindon, GILLES SAINDON, Giles Saindon, Gilles  Saindon, Gilles Saindon"
Gilles Sarrazin,"Advisor, Technology",2017-09-18,2018-09-25,7,Gilles Sarrazin
Gilles Seutin,Chief Scientist,2023-03-08,2023-03-08,1,Gilles Seutin
Gilles Theriault,Senior Program Advisor,2021-03-05,2022-08-19,4,Gilles Thériault
Gilles Vinet,Vice President,2012-04-12,2014-12-10,2,Gilles Vinet
Gillespie Ian,"Director, Temporary Resident Policy",2022-01-24,2022-01-24,1,Gillespie Ian
Gillian Andrews,Policy Advisor,2011-02-09,2012-11-22,3,Gillian Andrews
Gillian Cardillo,Program Officer,2021-07-07,2023-03-10,3,Gillian Cardillo
Gillian Dawson,"Senior Director, Transformation and Transparency",2022-03-03,2022-03-03,1,Gillian Dawson
Gillian Ferguson,Constituency Assistant,2019-02-11,2019-02-22,2,Gillian Ferguson
Gillian Frost,Executive Director,2021-10-19,2021-10-19,1,Gillian Frost
Gillian Grant,"Advisor, Transport",2014-04-09,2024-11-26,6,Gillian Grant
Gillian Hanson,"Special Assistant, Western Canada",2016-02-16,2017-05-19,18,Gillian Hanson
Gillian Harris,Senior Analyst,2024-01-29,2024-01-29,1,Gillian Harris
Gillian Hatko,Senior Program Engineer,2023-10-17,2024-05-24,4,Gillian Hatko
Gillian Johnson,Executive Assistant to the Minister,2009-12-01,2010-11-24,2,Gillian Johnson
Gillian Moore,Manager,2022-12-14,2025-02-24,4,Gillian Moore
Gillian Nycom,Special Assistant and Office Manager,2016-02-19,2016-02-19,1,Gillian Nycom
Gillian Nycum,Staffer,2016-03-07,2016-12-07,6,Gillian Nycum
Gillian Ouimet,Policy Analyst,2017-09-28,2017-09-28,2,Gillian Ouimet
Gillian Owens,"Director, Education, Child Protection and Gender Equality",2016-11-01,2016-11-01,1,Gillian Owens
Gillian Pranke,Assistant Commissioner,2019-07-08,2025-02-03,21,"Gillian  Pranke, Gillian  Pranke , Gillian Pranke"
Gillian Prendergast,Executive Assistant,2011-02-09,2011-02-09,1,Gillian Prendergast
Gillian Shields,Grant Officer,2020-07-20,2020-08-21,2,Gillian Shields
Gillian Sullivan,Analyst,2023-09-11,2025-01-29,4,Gillian Sullivan
Gillian Swan,Policy and Program Specialist,2019-11-27,2019-11-27,1,Gillian Swan
Gillian Wan,"Director, IRCC Settlement Network – Ontario Region",2018-03-08,2018-03-08,1,Gillian Wan
Gillian Webster,Senior Policy Advisor,2022-03-11,2024-04-10,5,Gillian Webster
Gillian White,Director of Policy,2019-02-11,2022-10-13,2,Gillian White
Gillies Leclerc,Acting President,2013-02-25,2013-02-25,1,Gillies Leclerc
Gillis Kelly,Senior Assistant Deputy Minister,2014-07-17,2014-07-17,1,Gillis Kelly
Gina Byrne,"Chief, Member Risk and Resolution",2022-01-13,2023-01-26,3,Gina Byrne
Gina Charos,Director General,2017-08-15,2020-12-21,6,Gina Charos
Gina Howell,Director,2018-06-25,2018-06-25,1,Gina Howell
Gina Lum,"Acting Director, Human Resources",2024-07-09,2024-07-09,1,Gina Lum
Gina Mettalic,Senior Manager,2023-02-06,2023-02-17,2,Gina Mettalic
Gina Petrakos,Executive Assistant,2009-02-25,2009-02-25,1,Gina Petrakos
Gina Rallis,Assistant Deputy Minister,2011-03-18,2013-06-21,5,Gina Rallis
Gina Sinclair,Director,2013-05-23,2016-11-23,6,Gina Sinclair
Gina Smith,Executive Director,2018-11-26,2018-11-26,1,Gina Smith
Gina Watson,"Deputy Director, International Assistance Research and Knowledge",2018-06-18,2018-06-18,1,Gina Watson
Gina Wilson,Deputy Minister,2010-03-23,2025-04-14,98,"Gina  Wilson, Gina  Wilson , Gina Wilson, gina wilson"
Ginette Brazeau,Chairperson,2011-06-08,2019-02-20,6,Ginette Brazeau
Ginette C. Petitpas Taylor,"Minister, Health",2017-09-27,2019-02-04,3,"Ginette C. Petitpas Taylor, Ginette Petitpas Taylow, The Honourable Ginette C. Petitpas Taylor"
Ginette Clarke,"Manager, Institutional and Community Mental Health Services",2024-03-05,2024-09-20,2,Ginette Clarke
Ginette Gagnon,Parliamentary Assistant,2013-05-09,2014-05-13,3,Ginette Gagnon
Ginette Gervais,"Manager, Data Methods and Analysis Unit",2016-07-13,2016-07-13,2,Ginette Gervais
Ginette Pattipas-taylor,Member of Parliament,2016-02-23,2016-02-23,1,Ginette Pattipas-Taylor
Ginette Petipas,Parliamentary Secretary,2017-02-16,2017-02-16,1,Ginette Petipas
Ginette Petitpas,Member of Parliament,2016-02-02,2016-02-02,3,Ginette Petitpas
Ginette Petitpas Taylor,"Minister, Health",2015-11-07,2025-03-05,408," Ginette Petitipas Taylor, Ginette  Petitpas Taylor, Ginette Pepitas Taylor, Ginette Petipas Taylor, Ginette Petipas-Taylor, Ginette Petirpas Taylor, Ginette Petitipas Taylor, Ginette Petitipas-Taylor, Ginette Petitpas Taylor, Ginette Petitpas – Taylor, Ginette Petitpas-Taylor, Ginette PetitpasTaylor, Ginette Petitspas Taylor, Ginette Pettipas Taylor, Ginette Pettipas-Taylor, Ginette pettypas taylor, Ginetter Petitpas-Taylor, Hon Ginette Petitpas Taylor, Hon. Ginette Petitpas Taylor, Hon. Ginette Petitpas-Taylor, Hon. Ginette Pettipas-Taylor, The Hon Ginette Petitpas Taylor, The Hon. Ginette Petitpas Taylor, The Honourable Ginette Petitpas Taylor, The Honourable Ginette Petitpas-Taylor, P.C., ginette petitpas taylor"
Ginette Taylor,Parliamentary Secretary,2017-06-05,2017-06-05,1,Ginette Taylor
Ginette Tognet,Director,2016-06-07,2016-06-07,1,Ginette Tognet
Ginette Tremblay,Senior Advisor,2020-02-18,2020-02-18,1,Ginette Tremblay
Gingras Alain,Head,2022-05-13,2022-05-13,1,Gingras Alain
Gini Bethell,Assistant Deputy Minister,2018-03-21,2019-06-17,4,Gini Bethell
Ginnette Pettipas,Member of Parliament,2022-01-05,2022-01-05,1,Ginnette Pettipas
Ginny Flood,Director General,2008-07-02,2011-11-22,8,Ginny Flood
Gino Castonguay,Chief Grain Inspector,2018-06-28,2018-06-28,1,Gino Castonguay
Gino Cateau,Deputy Managing Director,2019-04-09,2019-04-09,2,Gino Cateau
Gino Dufour,"Associate Director, Operations",2016-11-23,2016-11-23,1,Gino Dufour
Giokas Greg,Director General,2012-04-25,2012-04-25,1,Giokas Greg
Giovanna Roma,"Senior Desk Officer, Estonia, Latvia, Lithuania, Poland, Europe Bilateral and EU Institutions",2020-01-29,2020-01-29,1,Giovanna Roma
Giovanni Prato,"Consul General, Canada in New York",2016-04-14,2016-04-14,1,Giovanni (John) Prato
Giraldez Roxana,"Advisor, Economic Development",2024-03-11,2024-03-28,2,Giraldez Roxana
Girdon Voogd,Manager,2020-07-16,2020-07-16,1,Girdon Voogd
Girouard Louise,"Director, Policy and Stakeholder Relations",2011-07-21,2011-07-21,1,Girouard Louise
Gisele Yasmeen,"Vice President, Partnerships",2008-11-28,2013-01-30,13,Gisele Yasmeen
Giselle Ananny,Deputy Director,2022-04-25,2023-05-05,4,"Giselle  Ananny, Giselle Ananny"
Giselle Marasco,"Director General, Infrastructure Security Operations",2023-09-25,2023-09-25,1,Giselle Marasco
Gita Nayeri,Senior Advisor,2020-04-10,2022-05-31,7,Gita Nayeri
Gitane De Silva,Chief Executive Officer,2020-08-24,2023-05-18,12,"Gitane De Silva, Gitane de Silva"
Giuliana Endrizzi,Legislative Assistant,2023-09-15,2024-10-23,5,"Giuliana  Endrizzi, Giuliana Endrizzi"
Giuliana Natale,Director,2016-08-17,2023-05-24,6,Giuliana Natale
Giulianna Endrizzi,Legislative Advisor and Parliamentary Assistant,2024-10-11,2024-10-11,1,Giulianna  Endrizzi
Giuliano Tolusso,Deputy Director,2009-07-09,2024-11-21,8,"Giuliano  Tolusso , Giuliano Tolusso"
Giuseppe Basile,"Director, Case Management Division",2022-07-18,2022-07-19,2,"Giuseppe Basile, giuseppe Basile"
Giuseppe Esposito,Senior Innovation Advisor,2020-09-22,2020-09-22,2,"Giuseppe Esposito, Guiseppe Esposito"
Giuseppe Ivan Sestini,Legislative Assistant,2024-02-27,2024-10-31,2,"Giuseppe  Ivan Sestini, Giuseppe Ivan Sestini"
Giuseppe Ramacieri,"Director, Land Requirements 2-3",2021-05-12,2021-05-12,1,Giuseppe Ramacieri
Giuseppe Sestini,Legislative Assistant,2023-05-10,2024-12-03,5,Giuseppe Sestini
Gizem Eras,"Counsellor, Agriculture and Fisheries",2017-10-04,2024-06-19,4,Gizem Eras
Glad Boyce,Economic Development Officer,2011-03-07,2011-05-17,6,Glad Boyce
Glasha Obrekht,Director,2021-06-16,2023-05-31,9,Glasha Obrekht
Glen Bornais,Assistant Director,2016-08-22,2016-08-22,1,Glen Bornais
Glen Burley,Staffer,2019-02-26,2019-02-26,2,"Glen Burley, Glenn Burley"
Glenn Campbell,Assistant Deputy Minister,2014-09-16,2023-12-18,240,"Glen Cambell, Glen Campbell, Glenn  Campbell, Glenn  Campbell , Glenn Campbell"
Glenn Hargrove,Assistant Deputy Minister,2013-11-01,2025-04-22,317,"GLENN HARGROVE, Glen  Hargrove, Glen Hargrove, Glenn  Hargrove, Glenn  Hargrove , Glenn Hargrove, Glenn Hargrove "
Glen Linder,Assistant Deputy Minister,2022-10-27,2024-06-11,8,Glen Linder
Glen Mcpherson,Deputy Director,2011-10-27,2018-02-12,4,Glen McPherson
Glen Motz,Member of Parliament,2016-08-15,2025-06-11,218,"Glen Motz, Glen Motz, MP, Glenn Motz"
Glen Murray,Safety Evaluator,2012-01-04,2012-01-04,1,Glen Murray
Glen Nakamura,Senior Policy Manager,2017-05-26,2017-05-26,1,Glen Nakamura
Glen Pearson,Member of Parliament,2008-07-10,2016-08-04,16,"Glen Pearson, Glenn Pearson"
Glenn Purves,Assistant Deputy Minister,2016-06-23,2023-07-10,180,"Glen Perves, Glen Purves, Glenn  Purves, Glenn Purves, Glenn Purvis"
Glen Stephens,"Manager, Land and Water Resources",2017-09-25,2017-09-25,1,Glen Stephens
Glenn Thibeault,Member of Parliament,2010-09-28,2014-12-02,172,"Glen Thibault, Glen Thibeault, Glenn Thbeault, Glenn Thibault, Glenn Thibeault, Glenn Thibeault, M.P., Mr. Glenn Thibeault, M.P., glenn thibeault"
Glen Williamson,Honorary Consul General,2014-04-09,2014-04-09,1,Glen Williamson
Glenda Restoule,Director,2013-04-30,2021-01-18,2,Glenda Restoule
Glenda Taylor,Director,2018-05-17,2020-06-08,5,Glenda Taylor
Glenda Yeates,Deputy Minister,2009-08-05,2013-07-05,113,"Glanda Yates, Glenda Yates, Glenda Yeates"
Glenn Benoy,"Director, Sciences and Engineering",2024-01-19,2024-01-19,1,Glenn Benoy
Glenn Furlong,National Relationship Manager,2020-07-07,2021-05-17,2,Glenn Furlong
Glenn Gilmour,Senior Assistant Deputy Minister,2018-12-17,2018-12-17,1,Glenn Gilmour
Glenn Glenn Mason,Director General,2013-05-09,2013-05-09,1,Glenn Glenn Mason
Glenn Hodgson,"Assistant Deputy Minister, Financial Sector",2016-10-28,2016-10-28,1,Glenn Hodgson
Glenn Mason,Assistant Deputy Minister,2009-04-28,2020-05-21,152,"Glen Mason, Glenn Mason"
Glenn Murray,Acting National Manager,2016-03-15,2024-11-20,2,Glenn Murray
Glenn Sheskay,General Counsel,2023-01-03,2023-10-04,6,Glenn Sheskay
Glenn Zyzanski,First Secretary,2025-01-23,2025-01-23,1,Glenn Zyzanski
Glenne Grossman,Advisor,2023-11-17,2023-11-17,1,Glenne Grossman
Gloria Falk,Acting Director,2016-03-24,2016-03-24,1,Gloria Falk
Gloria Hache,NMSO Team,2015-11-11,2015-11-11,1,Gloria Hache
Gloria Wiseman,Director,2015-07-20,2019-02-28,5,Gloria Wiseman
Gloria Wong,Director,2024-10-22,2024-11-20,2,Gloria Wong
Glover Barbara,Acting Assistant Deputy Minister,2009-12-04,2009-12-04,1,Glover Barbara
Glover Paul,Assistant Deputy Minister,2009-05-11,2009-05-11,1,Glover Paul
Glyn Chancey,Executive Director,2008-07-11,2015-02-26,7,"Glyn Chancey, Glyn Chauncey"
Godin Joel,Member of Parliament,2025-03-12,2025-03-12,1,Godin Joel 
Godin Yvon,Member of Parliament,2010-09-29,2010-09-29,1,Godin Yvon
Gonzague Gueranger,"Director General, Planning Research and Statistic Branch",2016-02-02,2016-12-09,2,Gonzague Gueranger
Goodale Ralph,Member of Parliament,2015-01-28,2015-01-28,1,Goodale Ralph
Goodman Sarah,Policy Advisor,2018-03-01,2018-03-01,1,Goodman Sarah
Goodnough Kristen,Executive Director,2021-06-11,2021-06-11,1,Goodnough Kristen
Goodyear Bradley,Director General,2024-09-26,2024-09-26,1,Goodyear Bradley
Goodyear Gary,Minister of State,2013-03-05,2013-03-05,1,Goodyear Gary
Goran Pesic,Policy Advisor,2008-07-28,2009-10-21,19,"Goran Pesic, Goran Pesik"
Goran Samuel Pesic,Policy Advisor,2009-03-12,2009-09-02,4,Goran Samuel Pesic
Goran Vlajnic,Science and Technology Advisor,2024-12-12,2024-12-12,1,Goran Vlajnic
Goran Vragovic,Director General,2017-03-24,2021-02-12,2,Goran Vragovic
Gorazd Ruseski,Director General,2012-08-21,2025-01-30,9,"Gorazd  Ruseski , Gorazd Ruseski"
Gord Brown,Member of Parliament,2009-06-11,2018-05-01,270,"GORD BROWN, GORDON BROWN, Gord Brown, Gord Brown, MP, Gordon Brown"
Gord Doonan,"Chief, Animal Welfare",2013-08-14,2013-08-14,1,Gord Doonan
Gordie Hogg,Member of Parliament,2018-01-31,2019-06-19,88,"Geordie Hogg, Godon Hogg, Gord Hogg, Gordie Hogg, Gordon Hogg"
Gord Johns,Member of Parliament,2016-01-27,2025-06-10,322,"GORD JOHNS, Gord  Johns, Gord Johns, Gordon  Johns , Gordon Johns, Gordon Johns "
Gord Mackintosh,"Minister, Conservation and Water Stewardship",2014-10-30,2014-10-30,1,Gord Mackintosh
Gord Mcinstosh,"Minister, Consumer Affairs",2011-02-17,2011-06-02,2,"Gord McInstosh, Gord McIntosh"
Gord Owen,"Director General, Energy and Transport",2008-07-02,2008-07-02,1,Gord Owen
Gord Roberts,Director,2019-01-11,2019-01-11,1,Gord Roberts
Gord Venner,"Assistant Deputy Minister, Policy",2009-04-14,2015-08-06,4,Gord Venner
Gordana Krcevinac,Executive Director,2009-10-01,2018-09-05,4,Gordana Krcevinac
Gordon O'connor,Member of Parliament,2009-02-12,2014-01-22,17,"Gordeon O'Connor, Gordon O'Connor, The Honourable Gordon O'Connor, P.C., M.P."
Gordon Boissoneault,"Chief, Indigenous Affairs",2016-10-06,2016-10-06,1,Gordon Boissoneault
Gordon Boissonneault,Senior Advisor,2016-10-06,2016-10-06,2,Gordon Boissonneault
Gordon Bown,Member of Parliament,2013-05-02,2013-05-02,1,Gordon Bown
Gordon Cameron,"Senior Desk Officer, Saudi Arabia",2012-01-30,2022-06-29,2,Gordon Cameron
Gordon Campbell,High Commissioner,2011-10-11,2014-09-03,11,Gordon Campbell
Gordon Chestnut,"Senior Advisor, Forest Sector Controls",2014-10-01,2014-10-01,1,Gordon Chestnut
Gordon Henry,Acting National Manager,2018-04-18,2018-04-18,1,Gordon Henry
Gordon Houston,"Chair, Tanker Safety Expert Panel",2013-06-04,2013-06-04,1,Gordon Houston
Gordon Jolly,Executive Director,2023-05-05,2023-05-05,1,Gordon Jolly
Gordon Kenny,"Director, Service Delivery, Central",2023-02-23,2023-11-08,3,"Gordon  Kenny, Gordon Kenny"
Gordon Kopp,National Operations Specialist,2017-09-08,2017-09-08,1,Gordon Kopp
Gordon Lenjosek,"Director, Retirement and Ageing Division",2009-02-03,2009-02-03,1,Gordon Lenjosek
Gordon Matthew,"Senior Analyst, Equity, Banking Sector",2017-07-18,2017-07-18,1,Gordon Matthew
Gordon Miles,Chief Operating Officer,2016-08-10,2016-12-20,3,Gordon Miles
Gordon Mitchell,Senior Economic Policy Analyst,2020-08-07,2020-12-16,2,Gordon Mitchell
Gordon O`connor,Government Whip,2010-10-19,2010-10-19,1,Gordon O`Connor
Gordon Owen,Chief Enforcement Officer,2014-01-30,2014-01-30,1,Gordon Owen
Gordon Platt,Senior Advisor,2013-07-24,2024-01-09,3,Gordon Platt
Gordon Roberts,Senior Advisor,2009-03-05,2019-02-28,5,Gordon Roberts
Gordon Travis,Policy Advisor,2018-11-06,2020-01-30,2,Gordon Travis
Gordon Venner,Associate Deputy Minister,2008-11-17,2020-02-20,31,Gordon Venner
Gordon Voogd,Acting Director,2024-06-04,2024-06-04,1,Gordon Voogd
Gordon Ward,"Director, Aerospace Equipment Program Management (Research and Combat Systems)",2008-12-04,2008-12-04,1,Gordon Ward
Gorgui Ciss,"Ambassador, Republic of Senegal to Canada",2024-05-28,2024-05-28,1,Gorgui  Ciss
Gorrell Fred,Assistant Deputy Minister,2018-12-10,2020-02-04,2,Gorrell Fred
Gougeon Gregory,Legislative Assistant,2019-06-06,2019-06-06,1,Gougeon Gregory
Gould Karina,Parliamentary Secretary,2016-11-28,2016-11-28,1,Gould Karina
Goveia Stephanie,Policy Advisor,2016-11-14,2016-11-14,1,Goveia Stéphanie
Gowthaman Kurasamy,Director of Operations,2022-03-08,2023-11-11,3,"Gowthaman Kurasamy, Gowthaman Kurasmy"
Gowthaman Kurusamy,"Regional Advisor, Ontario",2018-10-15,2024-12-03,141,"Gothaman Kurusami, Gowthaman  Kurusamy, Gowthaman Kurusamy"
Grace A Dieu Lushando,Parliamentary Assistant,2024-12-20,2024-12-20,1,Grace a Dieu  Lushando
Grace Chen,Advisor,2022-08-15,2022-08-15,1,Grace Chen
Grace Corona Salinas,Executive Assistant to the Director General,2021-07-26,2021-07-26,1,Grace Corona Salinas
Grace Gong,Policy Advisor,2024-02-13,2024-02-13,1,Grace Gong
Grace Harrison,Scientific Advisor,2018-05-11,2018-05-11,1,Grace Harrison
Grace Hodder,Economic Development Advisor,2019-05-01,2020-05-21,4,Grace Hodder
Grace Howland,"Head, Mining and Metal Processing",2017-09-12,2021-01-27,2,Grace Howland
Grace Kim,Regional Director,2016-11-10,2022-10-07,3,Grace Kim
Grace Lee,Political and Public Affairs Counsellor,2024-03-25,2024-03-25,1,Grace Lee
Grace Mckeown,"Special Assistant, Minister of Canadian Heritage and Official Languages",2010-01-15,2010-05-31,2,Grace McKeown
Grace Seear,Chief of Staff,2014-06-19,2021-06-17,5,Grace Seear
Grace Tahhan,Senior Trade Policy Officer,2024-01-16,2024-10-30,2,Grace Tahhan
Grace Van Fleet,Acting Director,2023-09-28,2023-09-28,1,Grace Van Fleet
Grace Zhou,Research Officer,2021-06-16,2021-06-16,1,Grace Zhou
Gracen Johnson,Senior Specialist,2023-05-18,2023-05-18,1,Gracen Johnson
Graciela Hernandez-cruz,Policy Officer,2017-10-31,2017-10-31,1,Graciela Hernandez-Cruz
Graeme Andrews,Policy Advisor,2019-07-04,2021-06-20,9,Graeme Andrews
Graeme Carpenter,Legislative Assistant,2011-03-01,2011-03-01,1,Graeme Carpenter
Graeme Clark,Ambassador of Canada to Mexico,2019-10-22,2024-11-04,13,Graeme Clark
Graeme Hamilton,Executive Director,2022-10-03,2022-10-03,1,Graeme Hamilton
Graeme Hampshire,Project Director,2022-11-08,2022-11-15,2,Graeme Hampshire
Graeme Littlemore,Legislative Assistant,2023-03-09,2023-03-09,1,Graeme Littlemore
Graeme Parker,Senior Advisor,2023-10-04,2023-10-04,1,Graeme Parker
Graeme Simpson,Senior Policy Analyst,2022-10-04,2022-10-04,1,Graeme Simpson
Grahaem Howell,Senior Special Assistant,2010-02-01,2010-02-01,1,Grahaem Howell
Graham Alexis,"Director, Social Immigration Policy and Programs",2022-12-02,2022-12-02,1,Graham  Alexis
Graham Allen,Policy Analyst,2017-11-08,2017-11-08,1,Graham Allen
Graham Barr,Assistant Deputy Minister,2009-04-01,2018-10-29,2,Graham Barr
Graham Campbell,Director General,2008-07-10,2008-09-05,2,Graham Campbell
Graham Dattels,"Director, Global Affairs Canada",2019-03-18,2023-06-14,7,"Graham Dattels, graham dattels"
Graham Flack,Deputy Minister,2008-10-22,2024-01-25,212,Graham Flack
Graham Fox,Junior Research Analyst,2022-04-06,2022-04-06,2,Graham Fox
Graham Fraser,Commissioner of Official Languages,2008-12-02,2016-05-10,24,Graham Fraser
Graham Howell,Policy Advisor,2009-03-10,2015-07-20,290,"Dr. Graham Howell, Graham Howell, Graham Howells"
Graham Mcintyre,Policy Advisor,2024-11-27,2024-11-27,1,Graham McIntyre
Graham Milner,"Director, Parliamentary Affairs",2017-07-13,2021-08-06,22,"Graham Milner, graham milner"
Graham O'brian,Special Assistant,2024-03-21,2024-03-21,1,Graham O'Brian
Graham O'brien,"Director, Parliamentary Affairs",2018-09-10,2025-02-05,22,"Graham  O'Brien, Graham O'Brien, graham O'Brien"
Graham Page,Senior Advisor,2019-08-08,2024-10-22,6,Graham Page
Graham Powell,Policy Advisor,2014-06-26,2014-06-26,1,Graham Powell
Graham Shantz,Director General,2012-09-26,2016-11-29,11,"Graham Shantz, Graham Shentz"
Graham Stinson,"Director, Forest Information",2025-05-22,2025-05-22,1,Graham Stinson
Graham Taylor,"Director, Supervision",2015-05-13,2018-03-22,24,Graham Taylor
Grahame Johnson,Assistant Deputy Minister,2019-05-09,2025-03-25,136,"Grahame  Johnson, Grahame  Johnson , Grahame Johnson"
Grahame Rivers,"Director, Application Development and Database and Data Administration",2019-01-30,2019-03-19,2,Grahame Rivers
Grant Nash,Chief Principal,2008-08-13,2017-05-25,20,"Grand Nash, Grant Nash, grant nash"
Grant Hogg,Director,2016-05-04,2025-05-26,24,Grant Hogg
Grant Lynds,Senior Advisor,2023-02-09,2023-04-12,5,Grant Lynds
Grant Manuge,Associate Assistant Deputy Minister,2010-09-15,2012-11-20,8,Grant Manuge
Grant Mitchell,Senator,2009-05-13,2020-03-12,348,"Grant Michell, Grant Mictchell, Grant Mitchel, Grant Mitchell, Hon. Grant Mitchell, Senator Grant Mitchell, The Honourable Grant Mitchell, The Honourable Senator Grant Mitchell, grant Mitchel"
Grant Sullivan,"Director General, Industrial Research Assistance Program",2023-11-02,2023-11-02,1,Grant Sullivan
Grant Westcott,Chief Operating Officer,2011-10-13,2015-02-03,17,"Grant Wescott, Grant Westcott"
Grant Winton,Deputy Director,2021-02-17,2023-01-13,4,Grant Winton
Grant Woods,"Manager, Science Partnerships",2022-05-06,2022-05-06,1,Grant  Woods
Gravelle Claude,Member of Parliament,2012-06-22,2012-06-22,1,Gravelle Claude
Gray Shanahan,Director of Policy,2011-09-08,2014-12-10,8,"Gary Shanahan, Gray Shanahan"
Grayson Shanahan,Director of Policy,2009-09-23,2013-04-29,6,"GRAYSON SHANAHAN, Grayson Shanahan"
Greene,Senator,2018-09-24,2018-09-24,1,Senator Greene
Greene Raine,Senator,2016-11-03,2016-11-03,1,Greene Raine
Greg Appleyard,Director,2022-09-09,2022-09-09,1,Greg Appleyard
Greg Barley,"Director, Parliamentary Affairs",2023-06-20,2024-10-30,4,Greg Barley
Greg Bunghardt,Director,2023-03-06,2023-03-06,1,Greg Bunghardt 
Greg Burton,"Director, Land Requirements Coordination",2015-05-20,2015-05-20,1,Greg Burton
Greg Carreau,Director General,2012-12-17,2025-01-21,26,"Greg Carreau, Greg Carreau "
Greg Cowper,"Managing Director, Policy, Insurance and Emerging Risk",2015-02-19,2019-06-17,5,Greg Cowper
Greg Da Re,Regional Director,2022-09-15,2022-09-16,2,Greg Da Re
Greg Denton,Constituency Assistant,2014-04-03,2014-04-03,1,Greg Denton
Greg Fergus,Member of Parliament,2015-11-25,2025-01-30,539,"GREG FERGUS, Greg  Fergus, Greg Fegus, Greg Fergis, Greg Fergus, Greg Fergus, MP, Greg Furges, Greg Furgus, Greg fergus, greg Fergus"
Greg Fiddy,Strategic Advisor to the Chief of Staff,2013-04-29,2013-04-29,1,Greg Fiddy
Greg Flato,Director,2022-03-21,2025-03-12,2,Greg Flato
Greg Frame,Issues Manager and Assistant to the Parliamentary Secretary,2024-02-26,2024-09-09,2,Greg Frame
Greg Giokas,Director General,2008-07-29,2012-04-25,2,Greg Giokas
Greg Gordon,Policy Advisor,2015-04-01,2015-04-01,1,Greg Gordon
Greg Graves,Senior Policy Strategist,2023-10-10,2023-10-10,1,Greg Graves
Greg Greg Meredith,Assistant Deputy Minister,2016-04-22,2016-04-22,1,Greg Greg Meredith
Greg Henry,Economist,2018-05-29,2018-05-29,1,Greg Henry
Greg Hornby,Resource Manager,2022-11-30,2022-11-30,1,Greg Hornby
Greg Howard,Special Assistant,2013-03-18,2015-05-25,4,Greg Howard
Greg Inman,Senior Policy Advisor,2009-04-21,2010-04-08,11,"Greg Iman, Greg Inman"
Greg Jack,Executive Director,2014-02-12,2014-02-12,1,Greg Jack
Greg Keenan,Deputy Minister,2017-05-18,2017-05-18,1,Greg Keenan
Greg Kenney,Assistant Deputy Minister,2022-08-19,2022-11-21,4,"Greg Kenney, Greg Kenny"
Greg Kerr,Member of Parliament,2009-10-29,2015-06-11,30,"Greg Kerr, Greg Kerr, M.P., greg kerr"
Greg Koenderman,Policy Advisor,2015-03-11,2015-03-11,1,Greg Koenderman
Greg Kung,Parliamentary Secretary Assistant,2014-06-03,2014-11-27,4,Greg Kung
Greg Kyllo,Member of Parliament,2022-07-13,2022-07-13,1,Greg Kyllo
Greg Lamarre,Director General,2019-08-23,2019-08-23,1,Greg Lamarre
Greg Lang,"Director, Major Case",2015-02-27,2021-08-18,3,Greg Lang
Greg Loerts,Parliamentary Assistant,2022-05-24,2023-06-27,10,"Greg  Loerts, Greg  Loerts , Greg Loerts"
Greg Loos,"Major General, Cyber Force Commander",2017-10-23,2017-10-23,1,Greg Loos
Greg Loyst,Director General,2018-12-12,2025-04-22,8,Greg Loyst
Greg Macdougall,Policy Advisor and Special Assistant,2014-11-06,2018-06-20,14,Greg MacDougall
Greg Macfarland,Special Assistant,2009-04-28,2009-04-28,1,Greg MacFarland
Greg Mcfarlane,Policy Advisor,2008-10-29,2015-06-18,325,"GREG MCFARLANE, Greg MacFarlane, Greg Macfarlane, Greg McFarelane, Greg McFarlane, Greg McFarlene, Greg Mcfarlane"
Greg Macmillan,Director General,2022-01-27,2022-01-27,1,Greg MacMillan
Greg Mann,Trade Commissioner,2024-09-24,2024-09-24,1,Greg Mann
Greg Matte,"Director, Air Requirements",2008-07-16,2008-07-16,1,Greg Matte
Greg Mcclinchey,Chief of Staff,2010-11-19,2016-07-13,14,Greg McClinchey
Greg Mckay,"Senior Assistant Deputy Minister, Service Delivery and Management",2016-02-23,2021-04-09,4,Greg McKay
Greg Mclean,Member of Parliament,2019-11-19,2025-03-06,439,"GREG MCLEAN, Greg  McLean, Greg  McLean , Greg  Mclean , Greg MacLean, Greg Maclean, Greg McLean, Greg McLean , Greg Mclean"
Greg Meredith,Assistant Deputy Minister,2008-07-08,2016-12-06,349,"GREG MEREDITH, Greg Merdith, Greg Meredith, Greg Meredity, Greg Meridith, Mr. Greg Meridith, greg meredith"
Greg Noseworthy,Atlantic Desk,2022-02-22,2025-02-06,8,"Greg  Noseworthy, Greg Noseworthy, Greg Noseworthy "
Greg Orencsak,Deputy Minister,2019-09-19,2025-05-29,53,"Greg  Orencsak, Greg Orencsak, Greg Orencsak , Greg Orenscak, Greg Orenscsak"
Greg Peterson,Assistant Chief Statistician,2020-02-12,2022-10-18,17,"Greg Peterson, Greg Petetson"
Greg Rampley,"Director, Bioproducts and Supply Chain",2020-04-29,2024-04-03,3,Greg Rampley
Greg Reade,Assistant Deputy Minister,2016-09-28,2025-05-15,167,"Greg  Reade, Greg Reade"
Greg Rickford,Minister,2010-09-27,2015-07-20,149,"Greg Rickford, Hon. Greg Rickford, The Hon. Greg Rickford, The Honourable Greg Rickford"
Greg Rowden,Constituency Assistant,2020-12-18,2021-05-13,6,Greg Rowden
Greg Selinger,Premier of Manitoba,2011-07-07,2011-07-07,1,Greg Selinger
Greg Sheppard,"Economic Development Officer, Communities and Inclusive Growth",2024-04-23,2024-04-23,1,Greg Sheppard
Greg Sibley,Parliamentary Assistant,2022-01-14,2023-01-16,2,Greg Sibley
Greg Smith,Senior Analyst,2012-11-06,2018-02-08,3,Greg Smith
Greg Smolynec,Deputy Commissioner,2019-03-22,2022-08-29,5,Greg Smolynec
Greg Spence,Acting Director,2022-08-11,2022-08-11,1,Greg Spence
Greg Stamp,Account Manager,2021-05-10,2021-05-10,1,Greg Stamp
Greg Stubbings,Director,2013-01-10,2013-01-10,1,Greg Stubbings
Greg Taylor,Chief Public Health Officer,2012-11-22,2016-06-15,6,"Dr. Greg Taylor, Greg Taylor"
Greg Thompson,Member of Parliament,2008-12-23,2011-03-09,7,Greg Thompson
Greg Trippenbach,"Vice President, Sector",2015-02-24,2015-02-24,1,Greg Trippenbach
Greg Willner,"Executive Vice President, Legal Services and Corporate Secretary",2019-02-01,2019-02-01,1,Greg Willner
Greg Wolff,"Director, Strategic Plant Health",2016-01-25,2018-08-16,3,Greg Wolff
Greg Wootton,Director,2010-06-08,2010-06-08,1,Greg Wootton
Greg Zawadski,"Director, National Air Services Policy",2017-08-29,2017-08-29,1,Greg Zawadski
Greg Zuliani,Chief of Programme Coordination,2024-02-08,2024-02-08,1,Greg Zuliani
Gregg Burton,Lieutenant Colonel,2015-04-09,2015-04-09,1,Gregg Burton
Gregg Dahl,Senior Policy Advisor,2015-09-29,2016-09-02,2,Gregg Dahl
Gregg Erwin,Senior Competition Law Officer,2009-01-16,2009-01-16,1,Gregg Erwin
Gregg Matthews,Senior Policy Advisor,2022-06-29,2022-06-29,1,Gregg Matthews
Gregg Walker,Fire Scientist,2023-10-23,2023-10-23,1,Gregg Walker
Gregoire Baribeau,Senior Economic Advisor,2015-03-24,2021-01-28,2,"Gregoire Baribeau, Grégoire Baribeau"
Gregoire Carriere,Staffer to Senator,2024-12-10,2024-12-10,1,Grégoire Carrière
Gregoire Legault,"Senior Desk Officer, ASEAN",2017-03-21,2017-03-21,1,Grégoire Legault
Gregoire Marc,Commissioner,2013-06-14,2013-06-14,1,Gregoire Marc
Gregoire Webber,Legal Affairs Advisor,2016-09-29,2018-02-02,8,"Gregoire Webber, Grégoire Webber"
Gregor Robertson,"Minister, Housing and Infrastructure",2025-05-21,2025-06-03,6,Gregor Robertson
Gregory Barley,Special Assistant,2023-07-25,2023-07-25,1,Gregory Barley
Gregory Bunghardt,Director,2023-08-02,2024-01-09,2,Gregory Bunghardt
Gregory Cederwall,Senior Trade Policy Officer,2019-09-17,2019-11-08,5,Gregory Cederwall
Gregory Flato,Senior Research Scientist,2022-03-22,2022-03-31,2,Gregory Flato
Gregory Frame,Parliamentary Secretary,2023-05-09,2024-08-26,7,"Gregory Frame, Gregory Frame "
Gregory Gordon,Policy Advisor,2013-03-07,2015-04-01,2,Gregory Gordon
Gregory Israelstam,Counsel,2009-04-28,2009-04-28,1,Gregory Israelstam
Gregory Jack,Director,2011-10-27,2013-04-22,3,Gregory Jack
Gregory Kratzig,"Director, Research and Strategic Partnerships",2024-11-05,2025-01-09,2,Gregory Kratzig
Gregory Kung,Parliamentary Secretary Assistant,2013-11-04,2015-03-24,8,Gregory Kung
Gregory Lemermeyer,Director,2009-10-29,2021-07-15,3,Gregory Lemermeyer
Gregory Lick,Director General,2015-01-13,2019-01-23,6,Gregory Lick
Gregory Loerts,Parliamentary Assistant,2021-05-20,2023-04-26,11,"Gregory  Loerts, Gregory Loerts"
Gregory Loos,Commander,2015-01-05,2015-01-05,1,Gregory Loos
Gregory Macdonald,"Counsellor, Agriculture",2024-06-19,2024-06-19,1,Gregory MacDonald
Gregory Mcfarlane,Special Assistant,2008-11-18,2014-02-10,55,"Gregory MacFarlane, Gregory McFarlane"
Gregory Mcclinchey,Chief of Staff,2013-09-17,2017-02-13,4,Gregory McClinchey
Gregory Modler,Director General's Office,2021-02-04,2021-02-04,1,Gregory Modler
Gregory Morrison,Staffer,2013-05-23,2013-05-23,2,Gregory Morrison
Gregory Noseworthy,Regional Advisor,2023-11-29,2024-11-01,4,Gregory Noseworthy
Gregory Radych,Program Manager,2023-03-21,2024-04-10,2,Gregory Radych
Gregory Richardson,"Manager, Extreme Heat Program",2024-05-01,2024-05-01,1,Gregory Richardson
Gregory Rickford,Minister,2014-07-04,2014-07-04,1,Gregory Rickford
Gregory Sharun,Assistant Director,2022-03-08,2022-03-08,1,Gregory Sharun
Gregory Sibley,Legislative Assistant,2022-01-25,2023-10-16,9,"Gregory  Sibley, Gregory Sibley"
Gregory Smith,Director,2018-08-14,2025-02-12,17,Gregory Smith
Gregory Smolynec,Deputy Commissioner,2018-12-11,2024-12-05,60,Gregory Smolynec
Gregory Smolynech,Deputy Privacy Commissioner of Canada,2019-05-16,2020-11-05,3,"Gregory Smolynech, Gregory Smolynek"
Gregory Stroud,Superintendent,2024-07-30,2024-07-30,1,Gregory Stroud
Gregory Taylor,Chief Public Health Officer,2011-06-03,2016-12-09,38,"Dr. Gregory Taylor, Gregory Taylor"
Gregory Thompson,"Minister, Veterans Affairs",2009-03-24,2009-04-21,2,Gregory Thompson
Gregory Trippenbash,"Director, Strategic Accounts",2018-03-28,2018-03-28,1,Gregory Trippenbash
Gregory Wolff,Senior Director,2020-10-22,2024-06-27,2,Gregory Wolff
Grenier Isabelle,"Senior Advisor, Regional Affairs",2022-10-12,2022-10-12,1,Grenier Isabelle
Greta Bossenmaier,Senior Associate Deputy Minister,2012-11-21,2014-03-14,6,Greta Bossenmaier
Greta Drapeau,Constituency Assistant,2018-02-22,2018-02-22,1,Greta Drapeau
Greta Levy,Legislative Assistant,2013-02-14,2013-02-14,1,Greta Levy
Griffin Kelly,Director of Policy,2020-12-16,2025-02-06,64,"Griffin  Kelly, Griffin Kelly, Griffin Kelly "
Griffin March,Special Assistant,2020-03-24,2021-05-20,2,"Griffin March, Griffin Mash"
Griffin Marsh,Director of Policy,2018-10-04,2023-04-13,245,"Griffen Marsh, Griffin  Marsh, Griffin  Marsh , Griffin Marsh"
Griffith Hawkins,Program Officer,2022-05-25,2022-05-25,1,Griffith Hawkins
Griffyn Chezenko,Executive Assistant,2020-10-20,2020-10-20,1,Griffyn Chezenko
Grine Rafik,Policy Advisor,2021-05-28,2021-05-28,1,Grine Rafik
Grubb Daniel,"Special Assistant, Regional Economic Development",2016-10-24,2018-07-10,3,Grubb Daniel
Gs Piche,Assistant Deputy Minister,2018-03-07,2018-03-07,1,GS Piche
Guari Sreenivassen,"Director, Parliamentary Affairs",2013-06-19,2013-06-19,1,Guari Sreenivassen
Gudie Hutchings,Member of Parliament,2016-01-27,2025-02-27,405,"Goodie Hutchings, Goudie Hutchings, Gudie Hutching, Gudie Hutchings, Gudie Hutchings, M.P., Gudie Hutchins, Gudrid Hutchings, Guide Hutchings"
Guennadi Kroupnik,"Director General, Space Exploitation",2016-08-04,2024-10-30,7,"Guennadi Kroupnik, Guennadi Kroupnik "
Gugere Alain,Member of Parliament,2012-02-13,2012-02-13,1,Gugere Alain
Guilallaume Julien,Senior Policy Advisor,2018-02-07,2018-02-07,1,Guilallaume Julien
Guilame Beslisle,"Director, Stakeholder Relations",2024-05-01,2024-05-01,1,Guilame Beslisle
Guilbeault Steven,"Minister, Canadian Heritage",2021-02-01,2021-02-01,4,"Guilbault Steven, Guilbeault Steven"
Guilherme Matos,Trade Commissioner Assistant,2022-07-26,2022-07-27,2,Guilherme Matos
Guillaume Julien,"Policy Advisor, Quebec",2016-05-11,2022-05-09,300,"Guilaume Julien, Guillame Julien, Guillaume Juilien, Guillaume Julien, guillaume Julien, guillaume julien"
Guillame Poliquin,"Assistant Director General, National Microbiology Laboratory",2020-07-02,2020-07-02,1,Guillame Poliquin
Guillaume Belisle,Senior Project Leader,2022-07-13,2024-12-05,8,"Guillaume  Belisle, Guillaume Belisle, Guillaume Beslisle"
Guillaume Bertrand,"Director, Quebec Outreach and Strategy",2023-01-10,2025-02-21,50,"Guillaume  Bertrand, Guillaume  Bertrand , Guillaume  bertrand, Guillaume Bertand, Guillaume Bertrand, Guillaume Bertrand "
Guillaume Besile,Director General,2024-11-20,2024-11-20,1,Guillaume Besile
Guillaume Boissy,Commercial Delegate,2024-07-11,2024-07-11,1,Guillaume Boissy
Guillaume Castonguay,Manager,2019-04-01,2024-04-17,5,Guillaume Castonguay
Guillaume Cote,Director,2021-06-24,2025-02-20,5,"Guillaume  Cote, Guillaume Cote, Guillaume Côté"
Guillaume Couillard,Executive Director,2014-02-28,2024-08-08,8,"Guillaume Couillard, Guillaume Coulliard"
Guillaume Cournoyer,Deputy Director,2024-01-24,2024-07-15,6,"Guillaume  Cournoyer, Guillaume Cournoyer, guillaume Cournoyer"
Guillaume Dumas,Press Secretary,2021-06-23,2021-07-14,4,Guillaume Dumas
Guillaume Freire,Parliamentary Assistant,2019-12-10,2025-02-27,27,"Guillaume   Freire, Guillaume  Freire, Guillaume Freire"
Guillaume Guitard-lortie,"Manager, Intergovernmental Cooperation",2021-10-13,2024-05-27,2,"Guillaume  Guitard-Lortie, Guillaume Guitard-Lortie"
Guillaume Jullen,Senior Policy Advisor,2017-10-25,2018-03-28,2,"Guillaume Jullen, Guillume Julien"
Guillaume Lefebvre,Strategic Program Analyst,2016-12-07,2017-04-04,2,Guillaume Lefebvre
Guillaume Normandin,Policy and Communication Advisor,2017-06-29,2023-08-10,19,"Guillaume Normandin, Guillaume Normandin "
Guillaume Pelletier,"Senior Engineer, Program Officer, Smelters, Cement and Mining Section",2024-04-23,2024-04-23,1,Guillaume Pelletier
Guillaume Poliquin,Vice President,2020-07-02,2023-07-18,6,Guillaume Poliquin
Guillaume Rousseau,Parliamentary Secretary,2019-12-09,2022-02-08,7,Guillaume Rousseau
Guillaume Vincent,Manager,2021-04-30,2021-07-07,2,Guillaume Vincent
Guillermo Freire,Vice President and Head of Structured and Project Finance,2021-10-06,2023-08-03,4,Guillermo Freire
Guillermo Friere,"Vice President, Structured and Project Finance",2019-02-20,2019-04-01,2,Guillermo Friere
Guillermo Julian,Special Assistant,2018-01-17,2018-01-17,1,Guillermo Julian
Guillermo Ordorica-garcia,Director General,2021-09-14,2021-11-15,3,Guillermo Ordorica-Garcia
Guillermo Renna,Policy Researcher,2021-06-11,2021-06-11,1,Guillermo Renna
Guillermo Rischynski,Ambassador,2008-09-26,2014-05-01,5,"Guilermo Rishchynski, Guillermo Rischynski, Guillermo Rishchynski"
Guilmette Josee,"Director, Government Affairs",2023-06-14,2023-06-14,1,Guilmette Josée
Guimond Luke,"Director, Parliamentary Affairs",2024-12-23,2024-12-23,1,Guimond Luke
Gul Jafri,Senior Program Officer,2017-04-20,2017-04-20,1,Gul Jafri
Guylaine Roy,Assistant Deputy Minister,2008-07-07,2021-04-07,120,"Gulaine Roy, Guylaine F Roy, Guylaine F. Roy, Guylaine Roy, Guyliane Roy"
Gulamhussein Faizel,Director of Policy,2020-02-20,2020-02-20,1,gulamhussein faizel
Gunraj Gill,Executive Assistant,2016-10-04,2016-10-04,1,Gunraj Gill
Guo,Regional Manager,2021-06-20,2021-06-20,1,Guo He
Gurpreet Vinning,"Policy Advisor and Special Assistant, Western Canada",2016-01-25,2018-05-23,123,"Gupreet Vining, Gupreet Vinning, Gurpeet Vinning, Gurpreet Vinning"
Gurbax Malhi,Member of Parliament,2011-02-01,2011-03-03,6,"Gurbanx Malhi, Gurbax Malhi"
Gurdeep Vinning,"Minister, Infrastructure and Communities",2016-03-29,2016-03-29,1,Gurdeep Vinning
Gurjiven Sandhu,Director of Policy,2020-08-10,2025-02-05,57," Gurjiven Sandhu, Gurjiven  Sandhu, Gurjiven  Sandhu , Gurjiven Sandhu, gurjiven Sandhu"
Gurleen Chahal,Industry Analyst,2025-03-21,2025-03-21,1,Gurleen Chahal
Gurpreet Bolina,Advisor,2024-11-06,2024-11-06,1,Gurpreet Bolina
Gurpreet S. Vinning,"Policy Advisor and Special Assistant, Western Canada and the Territories",2017-06-01,2017-06-01,1,Gurpreet S. Vinning
Gurpreet Vining,Political Advisor,2017-11-21,2017-11-21,1,Gurpreet Vining
Gurpreet Vinnint,Special Advisor,2016-09-20,2016-09-20,1,Gurpreet Vinnint
Gursahiba Lamba,Economist,2022-12-13,2023-03-14,3,Gursahiba Lamba
Gurusankar Saravanbhavan,Environmental Health Scientist,2018-12-20,2018-12-20,1,Gurusankar Saravanbhavan
Gurveen Chadha,Policy Advisor,2015-06-11,2018-06-22,384,"GURVEEN CHADHA, Gurveen Chad, Gurveen Chada, Gurveen Chadha, Gurveen Chadra, Gurveen Chanda, Gurveen Chandra, Guveen chadha, gurveen chadha"
Gurveen Chadh,Director of Policy,2018-02-22,2018-02-22,1,Gurveen Chadh
Gus Labbe,LCMM ISS Contract,2010-03-04,2010-03-04,1,Gus Labbe
Gustav Niklas Ekstrom,Research Advisor,2021-07-07,2023-02-23,3,Gustav Niklas Ekstrom
Guy Andre,Member of Parliament,2010-10-26,2011-03-02,7,"Guy Andre, Guy André"
Guy Banville,Deputy Director,2016-11-01,2016-11-01,1,Guy Banville
Guy Baron,"Director General, Federal Mediation and Conciliation Service",2010-05-06,2012-06-27,3,Guy Baron
Guy Beaupre,Director General,2010-02-05,2013-03-28,8,"Guy Beaupre, Guy Beaupré"
Guy Berthiaume,Librarian and Archivist of Canada,2018-11-06,2018-11-06,1,Guy Berthiaume
Guy Bigonesse,Director,2014-06-10,2014-06-10,1,Guy Bigonesse
Guy Boileau,Senior Trade Commissioner,2019-12-12,2024-08-28,3,Guy Boileau
Guy Boyd,"Executive Director, Government Operations",2012-06-11,2012-06-11,1,Guy Boyd
Guy Bujold,Bio Manufacturing Implementation Team,2020-10-15,2020-12-16,6,Guy Bujold
Guy Caron,Member of Parliament,2011-07-28,2019-06-26,301,"GUY CARON, Guy Caron, Guy Caron, M.P., Guy Carron, Mr. Guy Caron, Mr. Guy Caron, M.P."
Guy Charron,"Director General, Information Management",2016-12-22,2016-12-22,1,Guy Charron
Guy Doiron,"Acting Senior Director, Aerospace Equipment",2021-11-30,2021-11-30,1,Guy Doiron
Guy Gallant,Chief of Staff,2014-08-27,2025-06-04,223,"GUY GALLANT, Guy  Gallant, Guy  Gallant , Guy Gallant"
Guy Giguere,Chair and CEO,2014-08-29,2014-08-29,1,Guy Giguere
Guy Giorno,Chief of Staff,2008-07-10,2009-04-09,3,Guy Giorno
Guy Giroux,Senior Trade Policy Officer,2017-07-11,2017-08-30,3,Guy Giroux
Guy Lafrance,Director General,2020-07-03,2020-07-03,1,Guy Lafrance
Guy Laliberte,"Advisor, Industrial Technology",2021-06-03,2021-06-16,2,Guy Laliberté
Guy Lauzon,Member of Parliament,2009-03-30,2021-03-04,68,"GUY LAUZON, Guy Lauzon"
Guy Lemieux,Advisor,2020-09-11,2020-09-11,1,Guy Lemieux
Guy Levesque,Senior Policy Advisor,2011-08-24,2018-10-23,28,"Guy Levesque, Guy Lévesque, guy levesque"
Guy Mc Kenzie,"Deputy Minister, Economic Development Agency of Canada",2013-05-08,2013-06-18,2,Guy Mc Kenzie
Guy Mckenzie,Deputy Minister,2010-04-08,2013-06-18,9,Guy McKenzie
Guy Monnette,Director,2009-12-30,2009-12-30,1,Guy Monnette
Guy Morgan,Director,2018-01-16,2018-01-16,2,Guy Morgan
Guy Morissette,Director,2015-06-11,2015-06-11,1,Guy Morissette
Guy Parent,Veterans Ombudsman,2011-10-27,2018-04-09,4,Guy Parent
Guy Proulx,"Assistant Commissioner, Taxpayer Services and Debt Management",2008-10-16,2008-10-16,1,Guy Proulx
Guy Renaud,Chief Financial Officer,2008-09-26,2008-09-26,1,Guy Renaud
Guy Robin,Director of Policy,2013-06-13,2013-06-13,1,Guy Robin
Guy Saint Jacques,Chief Negotiator and Ambassador for Climate Change,2011-11-14,2011-11-14,1,Guy Saint Jacques
Guy Saint-jacques,Chief Negotiator and Ambassador for Climate Change,2010-03-18,2016-08-12,29,Guy Saint-Jacques
Guy Smith,Judicial Affairs Advisor,2012-10-29,2013-12-03,2,Guy Smith
Guy St-jacques,"Ambassador, Canada to China",2011-07-07,2015-02-17,4,Guy St-Jacques
Guy St. Jacques,Deputy Head of Mission,2009-01-19,2012-03-23,7,Guy St. Jacques
Guy St. Pierre,President and CEO,2008-12-01,2008-12-01,1,Guy St. Pierre
Guy Thibault,VCDS,2008-11-19,2015-07-02,7,"GUY THIBAULT, Guy Thibault"
Guy Vezina,Director General,2020-05-15,2025-05-21,3,Guy Vezina
Guyaline Lecoutier,Deputy Chief of Staff,2011-10-17,2011-10-17,2,Guyaline LeCoutier
Guylain Thorne,"Deputy Director General, Heritage",2020-02-24,2022-10-06,4,Guylain Thorne
Guylaine Boies,Manager,2021-03-15,2021-03-15,1,Guylaine Boies
Guylaine Carriere,Senior Director,2020-05-13,2024-02-20,6,Guylaine Carriere
Guylaine Couteur,Deputy Chief of Staff | Director of Policy,2011-09-08,2011-12-14,4,Guylaine Le Couteur
Guylaine Lecouteur,Deputy Chief of Staff and Senior Policy Advisor,2011-11-24,2011-11-24,1,Guylaine LeCouteur
Guylaine Neault,Advisor,2023-07-07,2024-11-15,6,Guylaine Neault
Guylaine Normandin,Senior Policy Analyst,2019-07-10,2019-07-10,2,Guylaine Normandin
Guylaine Proulx,Constituency Assistant,2018-03-13,2018-03-13,1,Guylaine Proulx
Guylene Clair,Legal Officer,2021-11-30,2021-11-30,1,Guylene Le Clair
Gwen Boniface,Senator,2017-02-09,2025-06-11,39,"Gwen  Boniface , Gwen Boniface, The Honourable Senator Gwen Boniface"
Gwen Goodier,Director General,2017-04-20,2020-10-20,6,Gwen Goodier
Gwen Hamilton,Senior Trade Policy Officer,2021-10-21,2021-10-21,1,Gwen Hamilton
Gwen Keating,Industry Sector Specialist,2018-02-15,2018-02-15,1,Gwen Keating
Gwenaelle Sartre,Analyst,2011-03-14,2011-03-14,1,Gwenaelle Sartre
Gwendolyn Carver,Policy Advisor,2022-12-01,2022-12-01,1,Gwendolyn Carver
Gwendolyn Culver,Special Assistant,2022-08-25,2024-11-21,22,"Gwendolyn Culver, Gwendolyn Culver "
Gweneth Thirlwell,Policy Advisor,2010-11-23,2011-02-24,13,"Gweneth Thirlwell, Gweneth Thirwell, Gwenneth Thirlwell, Gwyneth Thirlwell"
Gwyneth Kurtz,Ambassador,2014-03-24,2014-03-24,1,Gwyneth Kurtz
Gwyneth Kutz,Director General,2014-03-24,2020-04-01,2,Gwyneth Kutz
