CleanName_version3,CleanTitle_version3,first_appearance,last_appearance,count,dpoh_name_raw
T Ramasamy,"Executive Director, Gastroenterology Infection and Viral Diseases",2024-08-09,2024-08-09,1,T Ramasamy
T Swerdfager,Assistant Deputy Minister,2012-08-07,2012-08-07,1,T Swerdfager
T. Kendal Hembroff,Director of Policy,2018-02-07,2018-02-07,1,T. Kendal Hembroff
T. Mckay,Minister's Staff,2008-07-21,2008-07-21,1,T. McKay
T. Peatt,Minister's Staff,2008-07-21,2008-07-21,1,T. Peatt
Taayo Simmonds,Policy Advisor,2013-09-19,2015-03-05,12,Taayo Simmonds
Tab Borden,Deputy Director,2014-07-10,2014-07-10,1,Tab Borden
Tabitha Bernard,Parliamentary Assistant,2011-11-15,2015-02-26,7,Tabitha Bernard
Tabitha Takeda,"Chief, Policy and Program Development",2021-05-11,2021-08-06,5,"Tabitha Takeda, Tabitha Takedo"
Tafu Seguchi,Program Technical Support Officer,2024-01-26,2024-01-26,1,Tafu Seguchi
Taguchi Joel,"Director, Communications",2013-03-02,2013-03-02,1,Taguchi Joel
Tahara Ochora Briggs,Constituency Assistant,2022-11-21,2022-11-21,1,Tahara Ochora Briggs
Taheer Mohamed,Manager,2022-09-09,2022-09-09,1,Taheer Mohamed
Taher Assem,Policy Analyst,2024-08-13,2024-08-13,1,Taher Assem
Tahiha Bakht,"Senior Manager, Operations",2018-12-12,2018-12-12,1,Tahiha Bakht
Tahiya Bakht,Senior Advisor,2016-09-20,2022-04-11,177,"Tahiya  Bakht, Tahiya Bahkt, Tahiya Bakht, Tahiya Bakta"
Tahiya Bhakt,Senior Policy Advisor,2020-07-27,2020-07-31,2,Tahiya Bhakt
Tahyia Bakht,Regional Advisor,2017-02-23,2017-02-23,1,Tahyia Bakht
Taki Sara Ntakis,"Directorate of Policy and Priorities, Infrastructure Canada",2009-02-12,2009-02-12,1,Taki Sara Ntakis
Taki Sarakis,"Assistant Deputy Minister, Policy and Communications",2012-09-07,2012-09-07,2,"Taki Sarakis, Taki Saratakis"
Taki Sarantakis,President,2009-01-16,2025-03-05,80,Taki Sarantakis
Tako Van Popta,Member of Parliament,2020-01-30,2025-03-05,220,"Taako Von Popta, Tak Van Popta, Tako  Van Popta, Tako Van Popta, Tako van Popta, Tako van Pota"
Tal Elharrar,Senior Director,2023-05-17,2023-05-17,1,Tal Elharrar
Tala Barmada,Community Engagement Officer,2024-06-03,2024-06-03,1,Tala Barmada
Talal Dakalbab,Assistant Deputy Minister,2021-03-22,2025-05-05,53,"Talal Dakalbab, Talal Dekalbab, Talal Dkalbab"
Talal Kairouz,Project Finance Manager,2020-04-06,2021-11-05,3,"Talal Kairouz, Talal Lairouz"
Taleeb Noormohamed,Member of Parliament,2021-11-05,2025-02-26,240,"Taleeb  Noormohamed, Taleeb Noormohamed"
Taleesha Thorogood,Stakeholder Relations Assistant,2016-08-15,2017-07-18,13,Taleesha Thorogood
Tamaini Snaith,Executive Director,2012-10-03,2023-10-23,3,Tamaini Snaith
Tamara Allard,District Director,2020-08-11,2021-02-19,2,Tamara Allard
Tamara Brown,"Manager, Strategic Planning and Engagement",2023-10-03,2023-10-03,1,Tamara Brown
Tamara Demos,"Managing Director, Private Pension Plans Division",2018-03-19,2022-06-08,6,"Tamara DeMos, Tamara Demos"
Tamara Fast,Senior Implementation Officer,2020-02-12,2023-12-11,13,Tamara Fast
Tamara Figol,"Senior International Development Officer, Inter-American Program",2017-03-14,2017-03-14,1,Tamara Figol
Tamara Gomes,Assistant Chief of Staff,2022-08-22,2022-08-22,1,Tamara Gomes
Tamara Jansen,Member of Parliament,2019-11-20,2021-07-21,51,"Tamara Jansen, Tamara Janssen, Tamara Jensen"
Tamara Kane,"Manager, Prairie Federal Council",2021-09-27,2021-09-27,1,Tamara Kane
Tamara Kronis,Member of Parliament,2025-05-22,2025-05-30,4,"Tamara Kronis, Tamra  Kronis"
Tamara Krygier-baum,Senior Investment Analyst,2023-06-29,2024-12-11,4,Tamara Krygier-Baum
Tamara Mawhinney,Ambassador,2018-07-30,2024-12-10,4,Tamara Mawhinney
Tamara Mckee,Executive Assistant,2025-05-06,2025-05-06,1,Tamara McKee
Tamara Ramsey,"Executive Director, PDD",2024-09-25,2024-09-25,1,Tamara Ramsey
Tamara Rudge,Director General,2009-09-30,2025-05-14,97,"Tamara  Rudge, Tamara Hudge, Tamara Rudge, Tamara Rugde, Tamera Rudge, tamara rudge"
Tamara Serjak,Lead Project Manager,2018-06-25,2018-06-25,1,Tamara Serjak
Tamara Shaikho,Analyst,2022-11-25,2025-01-23,2,Tamara Shaikho
Tamara Sone,Senior Policy Analyst,2025-04-04,2025-04-04,1,Tamara Sone
Tamara Sorger,Deputy Director,2024-09-25,2024-09-25,1,Tamara Sorger
Tamara Young,Policy Analyst,2016-09-27,2022-11-24,6,Tamara Young
Tamer Abdalla,Policy Advisor,2016-02-23,2017-12-19,28,"Tamar Abdallah, Tamer Abdalla, Tamer Abdallah"
Tamer Mansy,"First Secretary, Development",2018-02-15,2018-02-15,1,Tamer Mansy
Tammy Belanger,Senior Assistant Deputy Minister,2020-11-03,2023-11-02,8,"Tammy  Bélanger , Tammy Belanger, Tammy Bélanger"
Tammy Bell,Executive Director,2020-01-28,2020-07-07,2,Tammy Bell
Tammy Branch,Assistant Commissioner,2023-06-07,2025-02-03,4,"Tammy  Branch, Tammy  Branch , Tammy Branch"
Tammy Clifford,Acting President,2019-06-05,2025-05-30,41,Tammy Clifford
Tammy Huston,Senior Account Manager,2020-08-12,2020-08-12,1,Tammy Huston
Tammy Labelle,Assistant Deputy Minister,2016-09-28,2019-07-30,7,Tammy Labelle
Tammy O'grady,Senior Personal Advisor to the CIO of Canada,2023-11-27,2023-11-27,1,Tammy O'Grady 
Tammy Paul,Chief of Staff,2021-02-26,2022-06-13,3,Tammy Paul
Tammy Sale,Legislative Assistant,2014-10-08,2014-11-19,2,Tammy Sale
Tammy Schulz,Director General,2011-05-18,2025-03-05,23,Tammy Schulz
Tammy Simpson,Director,2018-07-26,2018-07-26,1,Tammy Simpson
Tammy Switucha,Executive Director,2018-06-29,2022-06-09,14,Tammy Switucha
Tamsyn Farr,Senior Policy and Research Analyst,2020-08-04,2020-08-04,1,Tamsyn Farr
Tania Amghar,Regional Advisor | Policy Advisor,2018-01-09,2025-02-12,34," Tania Amghar, Tania  Amghar, Tania Amghar"
Tania Amghard,Policy Advisor and Regional Advisor for Quebec,2022-12-05,2022-12-05,1,Tania Amghard
Tania Belisle-leclerc,Director of Policy,2018-08-15,2025-03-24,56,"Tania  Belisle-Leclerc, Tania  Belisle-Leclerc , Tania Belisle - Leclerc, Tania Belisle LeClerc, Tania Belisle-Leclerc, Tania Belisle-Leclerc , Tania Bélisle-Leclerc"
Tania Bennett,"Senior Advisor to the Vice President, Innovation",2020-11-04,2020-11-04,1,Tania Bennett
Tania Bourassa-ochoa,Deputy Chief Economist,2024-07-11,2024-07-11,1,Tania Bourassa-Ochoa
Tania Frank,"Manager, PIPEDA Investigations",2016-03-23,2016-03-23,1,Tania Frank
Tania Gordanier,"Manager, Contaminated Sites and Major Project Coordination",2019-02-01,2025-02-20,3,"Tania  Gordanier, Tania Gordanier"
Tania Mackinnon,Senior Development Officer,2022-07-13,2022-07-13,1,Tania MacKinnon
Tania Mcclements,Senior Program Officer,2008-10-10,2008-10-10,1,Tania McClements
Tania Monaghan,Director of Rights Implementation,2021-12-02,2024-04-12,13,"Tania  Monoghan, Tania Monaghan"
Tania Vogel,Senior Energy Policy Analyst,2021-06-25,2021-07-27,2,Tania Vogel
Tanis Stefanis,Associate Vice President,2022-05-17,2022-05-17,1,Tanis Stefanis
Tanjan Islam,Economist,2023-06-29,2023-06-29,1,Tanjan Islam
Tanjana Islam,Analyst,2022-09-21,2024-09-06,3,Tanjana Islam
Tanmay Praharaj,Head,2018-02-23,2024-06-11,3,Tanmay Praharaj
Tannis Bujaczek,Director,2023-07-05,2023-07-05,1,Tannis Bujaczek 
Tanuga Kulkarni,Manager,2018-03-16,2018-03-16,1,Tanuga Kulkarni
Tanuja Mukhedkar,Senior Program Engineer,2024-08-28,2024-08-28,1,Tanuja Mukhedkar
Tanveer Kaur,Regional Advisor,2023-10-04,2023-10-04,1,Tanveer Kaur
Tanveer Kaur Tur,"Regional Advisor, Ontario",2023-04-26,2025-02-01,7,"Tanveer  Kaur Tur, Tanveer Kaur Tur, TanveerKaur Tur, Tanveerkaur Tur"
Tanveer Sandhu,Stakeholder Relations and Outreach Advisor,2022-04-06,2023-09-01,10,Tanveer Sandhu
Tanveer Tur,"Regional Advisor, Ontario",2024-11-07,2024-11-07,1,Tanveer Tur
Tanya Dare,Manager | Senior Policy Advisor,2015-03-02,2021-05-12,2,Tanya Dare
Tanya Day,Executive Director,2023-08-23,2024-05-28,7,Tanya Day
Tanya Dupis,Advisor,2018-11-27,2018-11-27,2,"Tanya Dupis, Tanya Dupuis"
Tanya Gadzos,Senior Program Officer,2024-11-08,2024-11-25,3,Tanya Gadzos
Tanya Hinton,Senior Advisor and Specialist,2021-07-09,2025-02-06,3,Tanya Hinton
Tanya Lalonde,Policy Advisor,2016-05-18,2017-06-14,45,Tanya Lalonde
Tanya Nayler,Legislative Assistant,2022-09-20,2024-11-19,3,"Tanya Nayler, Tanya Naylor"
Tanya Osiowy,Director,2020-07-16,2020-07-16,1,Tanya Osiowy
Tanya Peatt,Director of Policy,2008-07-21,2025-03-06,219,"TANYA PEATT, Tany Peatt, Tanya  Peatt, Tanya Peat, Tanya Peatt"
Tanya Potashnik,Director of Policy and Economic Analysis,2018-12-11,2022-07-07,4,"Tanya Potashnick, Tanya Potashnik, Tanya Potashnik "
Tanya Preatt,Senior Policy Advisor,2017-02-23,2017-02-23,1,Tanya Preatt
Tanya Ramsamy,"Director, PDD",2016-12-19,2024-12-18,4,"Dr Tanya Ramsamy, PhD, Tanya Ramsamy"
Tanya Trevors,"Director, Women’s and Children’s Health and Rights",2022-10-17,2023-09-06,2,Tanya Trevors
Tanya-michelle Contente,Parliamentary Assistant,2022-10-06,2022-10-06,2,"Tanya-Michelle  Contente, tanya-michelle Contente"
Tanzeel Merchant,Regional Director General,2022-06-10,2024-01-08,8,"Tanzeel  Merchant, Tanzeel Merchant"
Thao Pham,Associate Deputy Minister,2008-12-09,2023-04-17,84,"Tao Pham, Thao  Pham , Thao Pham"
Taous Ait,Policy Advisor,2023-12-15,2024-09-10,19,Taous Ait
Tapely Catrina,"Associate Assistant Deputy Minister, Citizenship",2011-06-06,2011-06-06,1,Tapely Catrina
Tapley Catrina,Assistant Secretary,2016-12-12,2016-12-12,1,Tapley Catrina
Tara Beauport,Press Attaché,2022-10-06,2022-10-06,1,Tara  Beauport
Tara Beitel,Senior Policy Advisor,2020-08-25,2020-08-25,2,"Tara Beitel, tara Beitel"
Tara Bower,Director,2012-04-24,2012-04-24,1,Tara Bower
Tara Carney,"Director, International Humanitarian Assistance",2017-06-22,2022-08-22,5,Tara Carney
Tara Cosgrove,Executive Director,2017-05-11,2019-02-05,4,Tara Cosgrove
Tara Denham,Director General,2019-03-25,2024-01-09,4,Tara Denham
Tara Dobson,Senior Policy Advisor,2018-03-13,2018-03-13,1,Tara Dobson
Tara Frezza,"Manager, Legislation",2017-05-11,2018-07-27,3,Tara Frezza
Tara Fulton,Associate Director,2023-08-30,2023-08-30,1,Tara Fulton
Tara Gray,Director,2014-12-12,2019-09-27,2,Tara Gray
Tara Hartley,Regional Director,2023-08-15,2024-07-09,4,Tara Hartley
Tara Hogeterp,Legislative and Communications Assistant,2016-04-11,2016-04-11,1,Tara Hogeterp
Tara Lapointe,"Vice President, Stakeholder Engagement and Advancement of Society",2024-04-30,2025-05-28,15,"Tara  Lapointe, Tara Lapointe"
Tara Martin,Policy Research Analyst,2021-11-22,2021-11-22,1,Tara Martin
Tara O'byrne,"Senior Policy Advisor, Aviation Security",2024-03-19,2024-03-19,1,Tara O'Byrne
Tara Preston,Deputy Minister,2021-06-23,2021-06-23,2,Tara Preston
Tara Scheurwater,Consul General,2022-04-13,2024-06-21,3,Tara Scheurwater
Tara Schuerwater,Senior Trade Commissioner,2018-11-30,2018-11-30,1,Tara Schuerwater
Tara Shannon,Assistant Deputy Minister,2013-10-11,2025-03-11,162,"Tara  ShannoN, Tara  Shannon, Tara  Shannon , Tara Shannon, Taras Shannon"
Tara Sheppard,Constituency Assistant,2020-10-09,2021-05-17,2,Tara Sheppard
Tara Story,Senior Policy Analyst,2021-12-02,2023-08-15,4,Tara Story
Taras Zalusky,Chief of Staff,2016-02-11,2025-05-27,479,"TARAS ZALUSKY, Tara Zalusky, Taras Zalusky, Taras Zalusky , Taras Zulosky"
Tara-lea Herkert,Manager,2018-06-11,2019-10-24,3,Tara-Lea Herkert
Tara-lee Kerket,"Economist, Financial Sector Division",2009-08-19,2009-08-19,1,Tara-Lee Kerket
Taras Hollyer,"Director, Program Policy and Innovation",2010-10-08,2014-05-26,4,Taras Hollyer
Taras Zaluksy,"Director, Policy, Procurement and Parliamentary Affairs",2016-11-23,2017-09-26,2,Taras Zaluksy
Taras Zulusky,Director of Policy,2016-08-24,2019-04-04,4,"Taras Zalusk, Taras Zulusky"
Taras Zaluski,"Director, Policy, Procurement and Parliamentary Affairs",2016-11-29,2018-06-08,2,"Taras Zaluski, Tarras Zalusky"
Taras Zaluskky,Policy Advisor,2016-04-21,2016-04-21,1,Taras Zaluskky
Tardif Denis,"Director, Regional Affairs",2012-11-13,2012-11-13,1,Tardif Denis
Tarik Brahmi,Member of Parliament,2011-09-14,2015-03-12,22,"TARIK BRAHMI, Tarik Brahmi, Tariq Brahmi"
Tarik Faruk,Chief of Staff,2016-08-31,2016-08-31,1,Tarik Faruk
Tarik Khan,"Ambassador, Canada to Jordan",2018-03-19,2023-05-29,5,Tarik Khan
Tarjei Nodtvedt Malme,Research Council,2019-06-19,2019-06-19,1,Tarjei Nodtvedt Malme
Tasha Hanes,Director General,2018-02-26,2025-05-22,56,"Tasha Hanes, Tasha Hanes "
Tasha Ismail,Director of Operations,2017-01-18,2020-11-18,82,"Tasha Isail, Tasha Isamail, Tasha Ismail, Tashma Ismail"
Tasha Ridell,Stakeholder Relations,2017-10-13,2017-10-13,1,Tasha Ridell
Tasha Stefanis,Director General,2019-07-11,2023-04-26,6,"Tasha  Stefanis, Tasha Stefanis"
Tasharash Williams,"Director General, Social Policy - Immigration",2020-10-07,2020-10-07,1,Tasharash Williams
Taso Georgiou,Vice President,2017-10-06,2018-04-16,2,Taso Georgiou
Tate Chong,Staff,2017-02-07,2017-02-07,4,Tate Chong
Tatiana Popesco,Senior Departmental Advisor,2012-01-17,2012-01-17,5,Tatiana Popesco
Tatyana Karaulshchykova,Legislative Assistant,2024-01-31,2024-10-25,10,Tatyana Karaulshchykova
Tausha Michaud,Chief of Staff,2013-10-22,2021-03-02,12,Tausha Michaud
Tavner Kaur Tur,Executive Assistant to the Minister,2023-03-28,2023-03-28,1,Tavner Kaur Tur
Tawnya Hewitt,Negotiator,2024-11-06,2025-03-05,2,Tawnya Hewitt
Tay Rubman,Legislative Assistant,2022-02-15,2022-02-15,1,Tay Rubman
Taylor Ambler,Manager,2024-01-23,2024-02-13,2,Taylor Ambler
Taylor Bachrach,Member of Parliament,2019-11-01,2025-02-07,270,"Taylor  Bachrach, Taylor  Bachrach , Taylor Bachrach, Taylor Bachrach , Taylor Bachrach, M.P."
Taylor Gordon,Policy Advisor,2018-11-20,2018-11-20,1,Taylor Gordon
Taylor Gregory,Deputy Chief Public Health Officer,2014-08-18,2014-08-18,7,Taylor Gregory
Taylor Groenewoud,Senior Program Scientist,2022-04-22,2022-04-29,2,"Taylor  Groenewoud, Taylor Groenewoud"
Taylor Hartrick,Policy Analyst,2020-11-17,2023-11-08,9,"Taylor Hartrick, Tyler Hartrick"
Taylor Hladik,"Counsellor, Commercial",2015-07-07,2015-07-07,1,Taylor Hladik
Taylor Hodgins,Staffer,2018-03-20,2018-05-29,2,Taylor Hodgins
Taylor Johnson,Economist | Analyst,2015-02-19,2015-02-19,1,Taylor Johnson
Taylor Komery,Procurement Officer,2023-04-06,2023-04-06,1,Taylor Komery
Taylor Pettit,Issues Manager,2014-08-18,2014-08-18,1,Taylor Pettit
Taylor Roy,Member of Parliament,2023-02-02,2023-02-02,1,Taylor Roy
Taylor Suzanne,Policy Advisor,2019-06-24,2019-06-24,1,Taylor Suzanne
Tchilabalo Abaki,Acting High Commissioner for Togo | First Counsellor,2024-11-05,2024-11-05,1,Tchilabalo Abaki
Tea Lalatovic,Analyst,2023-11-17,2023-11-17,1,Tea Lalatovic
Teall Hall,Policy Analyst,2022-06-15,2024-03-27,5,Teall Hall
Teanna Lackner,Program Coordinator,2024-07-15,2024-07-15,1,Teanna Lackner
Ted Cook,Director,2010-03-11,2020-11-18,79,Ted Cook
Ted Menzies,"Minister of State, Finance",2008-11-25,2013-11-05,198,"Hon. Ted Menzies, Mr. Ted Menzies, MP, TED MENZIES, Ted E Menzies, Ted E. Menzies, Ted Menzie, Ted Menzies, Ted Menzies, M.P., Ted Menzues, The Hon. Ted Menzies, P.C., M.P., The Honourable Ted Menzies, P.C., M.P., ted menzies"
Ted Falk,Member of Parliament,2014-02-04,2025-06-11,540,"Mr. Ted Falk, M.P., TED FALK, Ted  Falk, Ted Falk, ted falk"
Ted Francis,Chief of Staff,2016-09-08,2017-04-10,3,Ted Francis
Ted Gallivan,Assistant Commissioner,2013-08-08,2025-02-12,203,"Ted  Gallivan, Ted  Gallivan , Ted Gallivan, Ted Gallivan "
Ted Hewitt,President,2012-09-21,2025-05-28,307,"Ted  Hewitt, Ted Hewit, Ted Hewitt, Ted Hewlitt, ted hewitt"
Ted Hsu,Member of Parliament,2011-06-14,2015-06-09,115,"Ted Hsu, Ted Tsu, Tes Hsu"
Ted Laking,Policy Advisor,2010-05-06,2015-07-24,43,"Ted Lakin, Ted Laking"
Ted Opitz,Member of Parliament,2009-06-03,2015-04-29,73,"Ted Opitz, Ted Optiz, Tep Opitz"
Ted Pidgeon,Deputy Director,2009-07-06,2009-07-17,4,Ted Pidgeon
Ted Price,Assistant Superintendent,2008-09-08,2013-04-29,25,Ted Price
Ted Reinhardt,Deputy Chief Information Officer,2015-06-03,2015-06-03,1,Ted Reinhardt
Ted Staffen,"Director of Regional Affairs, Yukon",2012-12-04,2012-12-12,2,Ted Staffen
Ted Summers,Evaluation Manager,2012-06-11,2012-06-11,1,Ted Summers
Teddy Markey,Chief of Staff,2017-05-18,2021-03-23,9,Teddy Markey
Teeple Kate,"Manager, Strategic Priorities",2017-02-08,2017-02-08,1,Teeple Kate
Tenzin Chogkyi,"Regional Desk, West and North",2021-03-05,2022-05-11,3,"Tenzin Chogkyi, Tenzin Chogkyi "
Tenzin Kangzar,Assistant,2013-09-13,2013-09-13,1,Tenzin Kangzar
Tenzin Khangasar,"Director, Multiculturalism",2009-07-14,2009-07-14,1,Tenzin Khangasar
Tenzin Khangsar,Chief of Staff,2009-01-29,2012-09-20,27,"Tenzin Khangar, Tenzin Khangsar"
Tenzin Wangmo,Constituency Assistant,2017-05-29,2017-05-29,1,Tenzin Wangmo
Teo Owen,"Director, Strategic Integration",2020-09-14,2020-09-14,1,Teo Owen
Teodora Cosac,"Senior Advisor, Patent Policy Directorate",2016-04-12,2016-04-12,1,Teodora Cosac
Tera Winter,"Senior Policy Advisor, Innovation",2021-11-15,2022-03-10,3,Tera Winter
Tereasa Chudy,Economist,2019-01-09,2019-01-09,1,Tereasa Chudy
Terence Hubbard,Director General,2013-11-01,2025-04-16,346,"Terence Hubbard, Terrance Hubbard, Terrence  Hubbard, Terrence  Hubbard , Terrence Hubbard, terence hubbard"
Terence Nelligan,Research Officer,2010-08-19,2010-08-19,1,Terence Nelligan
Terence Scheltema,Senior Policy Advisor,2008-07-10,2023-08-17,25,Terence Scheltema
Terence Stechysin,Director,2022-04-04,2025-02-19,19,"Terence  Stechysin, Terence Stechysin, Terence Stechysin , terence  Stechysin"
Terence Young,Member of Parliament,2010-09-28,2015-06-25,171,"Terance Young, Terence H. Young, Terence Young, Terrance Young, Terrence Young, terrance young, terrence young"
Tererence Hubbard,Assistant Deputy Minister,2017-04-26,2017-04-26,1,Tererence Hubbard
Teresa Bach,Director,2017-01-30,2017-01-30,1,Teresa Bach
Teresa Crockett,Deputy Director,2021-11-30,2021-11-30,1,Teresa Crockett
Teresa D' Andrea,Assistant Deputy Minister,2024-12-17,2024-12-17,1,Teresa D' Andrea
Teresa D'andrea,Assistant Deputy Minister,2019-06-25,2025-02-26,18,"Teresa D'Andrea, Theresa D'Andrea, teresa d'andrea"
Teresa De Marco,Economist,2017-03-20,2023-03-23,5,Teresa De Marco
Teresa Durning,Constituency Assistant,2020-11-25,2021-02-12,4,Teresa Durning
Teresa Figueiredo,Policy Intern,2022-05-19,2022-05-19,1,Teresa Figueiredo
Teresa Frick,Director,2011-11-02,2019-12-05,2,Teresa Frick
Teresa Joudrie,"Director General, NPMO",2017-11-02,2017-11-02,1,Teresa Joudrie
Teresa Leung,Public Health Advisor,2022-12-09,2022-12-09,1,Teresa Leung
Teresa Parsons,Director,2010-11-04,2022-06-15,3,"Terasa Parsons, Teresa Parsons"
Teresa Stephens,"Director, Transportation Programs",2024-02-13,2024-02-13,1,Teresa Stephens
Teresa Trider,Constituency Assistant,2016-07-27,2018-04-03,3,Teresa Trider
Teresa Wu,Outreach Officer,2021-04-09,2021-04-09,1,Teresa Wu
Teressa Laforest,"Director General, Inspections",2022-11-25,2022-11-25,1,Teressa Laforest
Teri Mcgarry,Policy Advisor,2021-05-21,2021-05-21,1,Teri McGarry
Terra Weatherbie,Chief of Staff,2020-07-09,2020-07-21,2,Terra Weatherbie
Terrance Mcauley,Assistant Commissioner,2010-05-26,2013-06-07,10,Terrance McAuley
Terrance Oakey,"Vice President, Federal Government Relations",2009-03-11,2009-05-27,4,Terrance Oakey
Terrance Stratton,Government Whip in Senate,2009-03-26,2009-03-26,1,Terrance Stratton
Terrence Cowl,Executive Director,2017-02-14,2025-04-03,5,"Terrence  Cowl, Terrence Cowl"
Terrence Wood,"Director General, Major Project Delivery",2018-05-10,2018-05-10,1,Terrence Wood
Terri Mcgarry,Parliamentary Affairs Advisor,2018-10-15,2024-09-18,13,Terri McGarry
Terri O'neill,Executive Assistant to the Minister,2019-07-02,2019-07-02,1,Terri O'Neill
Terrie Romano,"Consul, Economic Affairs Ontario",2015-05-21,2015-05-21,1,Terrie Romano
Terry Andow,Policy Advisor,2010-03-23,2013-02-07,19,Terry Andow
Terry Audla,Regional Director General,2022-11-16,2022-11-16,1,Terry Audla
Terry Bailey,Policy Advisor,2016-08-22,2016-08-22,1,Terry Bailey
Terry Beech,Member of Parliament,2015-11-27,2025-02-25,418,"Hon. Terry Beech, Mr. Terry Beech, TERRY BEECH, Terry  Beech, Terry Beach, Terry Beech, Terry Beech MP, Terry Beech, M.P., Terry Beech, MP, terry beech"
Terry Campbell,Executive Director,2009-04-28,2009-04-28,1,Terry Campbell
Terry Cowl,"Director, Responsible Business Practices Division",2022-03-31,2022-03-31,1,Terry Cowl
Terry Dowdall,Member of Parliament,2020-01-28,2025-03-07,170,"Terry Dowall, Terry Dowdall, Terry Dowdell"
Terry Duguid,Member of Parliament,2015-11-24,2025-06-03,636,"TERRY DUGUID, Terry  Duguid, Terry Duguid, Terry Duguid , terry duguid"
Terry Falk,Member of Parliament,2019-05-16,2019-05-16,1,Terry Falk
Terry Faubert,Executive Director,2024-10-28,2025-01-28,3,Terry Faubert
Terry Guillon,"Lead, Media Advance",2018-08-09,2024-09-11,7,Terry Guillon
Terry Harder,Assistant Director,2011-09-08,2011-09-08,1,Terry Harder
Terry Hatton,Director General,2021-11-22,2024-05-14,10,"Terry  Hatton, Terry Hatton"
Terry Homma,Director General,2013-03-11,2018-12-05,11,Terry Homma
Terry Hubbard,President,2012-10-18,2025-02-12,60,"Terry  Hubbard , Terry Hubbard, terr Hubbard"
Terry Jamieson,Vice President,2008-11-27,2016-10-19,6,Terry Jamieson
Terry Jeans,Director of Operations,2024-07-04,2024-08-13,3,"Terry  Jeans, Terry Jeans"
Terry Long,Parliamentary Assistant,2015-05-15,2015-05-15,1,Terry Long
Terry Mcauley,Assistant Commissioner,2010-05-26,2012-03-05,6,Terry McAuley
Terry Mercer,Senator,2010-09-27,2022-02-01,320,"Hon. Terry Mercer, Hon. Terry Mercer, P.C., Honourable Terry M. Mercer, Honourable Terry Mercer, SENATOR TERRY MERCER, Senator Terry Mercer, Terry M. Mercer, Terry Mercer, Terry Mercer, P.C., The Hon. Terry Mercer, The Honourable Senator Terry Mercer, terry mercer"
Terry Miszaniec,"Manager, Income Tax Legislative Amendments",2009-02-05,2009-02-05,1,Terry Miszaniec
Terry Rudeen,Special Advisor,2010-11-02,2010-11-02,1,Terry Rudeen
Terry Sheehan,Member of Parliament,2015-12-09,2025-06-05,185,"TERRY SHEEHAN, Terry Sheehan, Terry Shehan, Terry sheehan, terry sheehan"
Terry Speed,Canadian Coast Guard,2024-08-14,2024-08-14,1,Terry Speed
Terry Stechysin,"Director, Trade Negotiations and Investments",2024-06-25,2024-06-25,1,Terry Stechysin
Terry Stratton,Senator,2011-10-25,2011-10-25,1,Terry Stratton
Terry Williston,Director General,2008-12-18,2012-06-11,3,"Mr. Terry Williston, Terry Williston"
Terry Wood,"Director General, Major Project Delivery",2018-07-16,2018-07-18,3,Terry Wood
Terry-lynn Mcdonald,Special Advisor,2014-12-10,2014-12-10,1,Terry-Lynn McDonald
Teshome Nkrumah,Deputy Director,2017-10-19,2024-09-23,2,Teshome Nkrumah
Tess Fremont-cote,Senior Advisor,2021-05-14,2021-05-14,1,Tess Fremont-Cote
Tess Mc Manus,"Director, Strategic Planning and Appointments",2021-03-16,2021-03-16,1,Tess Mc Manus
Tess Menges,Manager,2024-04-09,2024-04-09,1,Tess Menges
Tess Sliwinski,Manager | Senior Policy Advisor,2018-09-18,2021-12-17,3,Tess Sliwinski
Tess Williams,Policy Advisor,2020-12-18,2020-12-18,1,Tess Williams
Tess Wittman,Policy Analyst,2024-03-26,2024-03-26,1,Tess Wittman
Tessa Ritter,Chief of Staff,2019-05-22,2019-05-22,1,Tessa Ritter
Tessica Truong,Intern,2020-08-04,2020-08-04,1,Tessica Truong
Tessier Benoit,Director,2013-01-24,2013-01-24,1,Tessier Benoit
Testing Testing,Testing,2008-11-12,2008-11-12,1,Testing Testing
Tetyana Belitska,Senior Policy Analyst,2023-07-05,2023-07-05,1,Tetyana  Belitska 
Thad Newman,"Specialist Supervisor, Credit Risk",2016-07-21,2016-07-21,1,Thad Newman
Thanh Hai Ngo,Senator,2013-03-05,2019-12-09,14,"Than Hai Ngo, Thanh Hai Ngo, Thanh Ngo"
Tharani Rameswaran,Constituency Assistant,2021-05-20,2023-02-17,4,Tharani Rameswaran
Theberge Marie-chantal,Learning Advisor,2010-03-31,2010-03-31,1,Théberge Marie-Chantal
Thierry Spiess,Policy Advisor,2018-04-04,2023-03-01,13,"Theirry Spiess, Thierry Spiess"
Theis Rick,Policy Advisor,2019-04-05,2019-04-05,1,Theis Rick
Theo Barrere,Cultural Attaché,2019-05-17,2019-05-17,1,Theo Barrere
Theo Noel De Tilly,"Manager, Program Delivery",2016-01-21,2016-01-21,1,Theo Noel de Tilly
Theodore Falk,Member of Parliament,2020-06-11,2020-06-11,1,Theodore Falk
Theodore Hsu,Member of Parliament,2013-10-28,2013-10-28,1,Theodore Hsu
Theosophia Savides-dupras,Deputy Chief Information Officer,2023-11-17,2023-11-17,1,Theosophia Savides-Dupras
Theresa Bell,Legislative Assistant,2013-10-15,2013-10-15,1,Theresa Bell
Theresa Bratt,"Senior Advisor, Canada Water Agency",2023-12-05,2023-12-05,1,Theresa Bratt
Theresa Hinz,Executive Director,2023-07-24,2023-07-24,1,Theresa Hinz
Theresa Iuliano,Vice President,2013-05-31,2020-12-17,6,"Theresa Iulian, Theresa Iuliano"
Theresa Luliano,"Vice President, Operations",2020-01-21,2020-01-21,1,Theresa Luliano
Theresa Mc Manus,Advisor to the Minister,2020-08-06,2020-11-13,2,Theresa Mc Manus
Theresa Mcmanus,Director of Appointments,2018-02-08,2024-11-13,9,Theresa McManus
Theresa Rowlie,"Manager, Development",2018-07-04,2018-07-04,9,Theresa Rowlie
Theresa Simpson,Director of Policy,2012-05-31,2013-04-16,7,Theresa Simpson
Theresa Tam,Chief Public Health Officer,2012-07-26,2024-11-19,70,"Dr. Theresa Tam, Dr. Theresa tam, Teresa Tam, Theresa Tam"
Therese Couture,Funds Management and Banking Department,2015-09-22,2016-05-25,2,Therese Couture
Therese Roy,"Vice President, Resource Planning and Management",2015-12-03,2015-12-03,1,Thérèse Roy
Theressa Bagnall,"Senior Manager, Program Development",2017-12-12,2017-12-12,1,Theressa Bagnall
Thi Tran,"Director, Issues Management and Parliamentary Affairs",2019-08-01,2024-04-25,20,"Thi  Tran, Thi Tran"
Thiago Fernandes De Lima,Analyst,2016-06-27,2016-07-08,2,Thiago Fernandes De Lima
Tiara Folkes,"Special Advisor, Policy and Regional Affairs",2016-09-20,2019-07-13,56,"Thiara Folkes, Tiara Folkes, Tiara Folks"
Thibault Claude,Senior Special Assistant,2017-03-13,2017-03-13,1,Thibault Claude
Thibaut Verre,Parliamentary Affairs Advisor,2023-09-22,2024-10-25,6,"Thibault  Le Verre, Thibault La Verre, Thibaut  Le Verre, Thibaut Le Verre"
Thierry Belair,Press Secretary,2018-08-20,2020-12-18,8,"Thierry Belair, Thierry Bélair"
Thierry Belaire,Press Attaché,2018-12-03,2018-12-03,1,Thierry Bélaire
Thierry Haroun,Constituency Assistant,2020-10-27,2022-03-22,3,Thierry Haroun
Thierry Slama,"Advisor, International Affairs",2019-08-26,2019-08-26,1,Thierry Slama
Thierry St-cyr,Member of Parliament,2010-10-26,2011-03-02,6,"Thierry St-Cyr, Thierry St. Cyr"
Thierry Vadnais-lapierre,Parliamentary Assistant,2023-11-29,2025-02-05,5,Thierry Vadnais-Lapierre
Thierry Weisseburger,Senior Trade Commissioner,2023-09-11,2023-09-11,1,Thierry Weisseburger
Thivierge Marie-josee,Assistant Deputy Minister,2013-04-23,2013-04-23,1,Thivierge Marie-Josee
Thoby Cameron,Policy Analyst,2022-10-05,2024-02-21,2,Thoby Cameron
"Thomas ""owen"" Ripley",Chief of Staff,2017-03-02,2017-03-02,1,"Thomas ""Owen"" Ripley"
Thomas Babcock,Senior Investment Specialist,2014-11-13,2021-06-04,4,Thomas Babcock
Thomas Cameron,"Policy Manager, COP27 Pavilion",2022-04-26,2022-04-26,1,Thomas Cameron
Thomas Carnegie,Policy Analyst,2021-06-15,2021-06-15,1,Thomas Carnegie
Thomas Clarke,Junior Policy Analyst,2022-10-18,2022-10-18,2,Thomas Clarke
Thomas Coughlan,Policy Advisor,2013-01-22,2013-10-22,6,"Thomas Coughlan, Thomas Coughlin"
Thomas Crist,Senior Policy Analyst,2017-05-30,2017-05-30,1,Thomas Crist
Thomas Davis,Manager,2011-10-27,2020-09-03,3,Thomas Davis
Thomas Dawson,Deputy Director,2024-06-20,2024-10-09,3,"Thomas  Dawson, Thomas Dawson"
Thomas Degroot,Staffer,2018-06-01,2019-05-27,2,Thomas DeGroot
Thomas Digby,President,2023-05-17,2023-12-06,3,Thomas Digby
Thomas Donial-valcrize,Aquatic Science Biologist,2025-02-13,2025-02-13,1,Thomas Donial-Valcrize
Thomas Ducellier,Acting Executive Director,2013-09-04,2013-12-12,2,Thomas Ducellier
Thomas Ferguson,Director General,2012-09-27,2025-02-14,8,"Thomas  Ferguson, Thomas  Ferguson , Thomas Ferguson"
Thomas Friesen,Chief of Staff,2017-02-13,2017-02-13,2,Thomas Friesen
Thomas Gagne,"Director, Defence Procurement and Industry Relations",2018-03-19,2023-10-05,261,"Thomas  Gagne, Thomas  Gagné, Thomas Gagne, Thomas Gagne , Thomas Gagné"
Thomas Gillmore,Senior Advisor,2017-10-19,2017-10-19,1,Thomas Gillmore
Thomas Golem,"Senior Manager, Housing Policy",2020-08-17,2024-08-01,6,Thomas Golem
Thomas Guthrie,Parliamentary Assistant,2019-05-06,2019-05-06,1,Thomas Guthrie
Thomas Harvey,Member of Parliament,2016-02-02,2017-11-07,15,"Thomas (T J) Harvey, Thomas Harvey, Thomas J. Harvey, Thomas harvey"
Thomas Hazle,Supervisor,2019-07-07,2021-01-14,2,Thomas Hazle
Thomas Hoggarth,Regional Director,2021-06-29,2022-12-14,4,"Thomas Hoggarth, thomas hoggarth"
Thomas Houngtry,Parliamentary Secretary,2024-08-29,2024-10-22,4,Thomas Houngtry
Thomas J. Digby,Chairperson,2024-09-06,2024-09-06,1,Thomas J. Digby
Thomas Jarmyn,Advisor to the Minister of Public Safety,2010-02-23,2010-09-28,3,Thomas Jarmyn
Thomas Jennifer,Habitat Monitoring Coordinator,2021-05-27,2021-05-27,1,Thomas Jennifer
Thomas Jody,Commissioner,2016-02-02,2016-02-02,1,Thomas Jody
Thomas Johnson Mcinnis,Senator,2013-03-21,2019-02-26,5,Thomas Johnson McInnis
Thomas Knoph,Assistant,2022-10-05,2022-10-05,1,Thomas Knoph
Thomas Kruidenier,Executive Director,2016-12-14,2024-07-31,7,Thomas Kruidenier
Thomas Kwan,Regional Director,2024-01-16,2024-01-16,1,Thomas Kwan
Thomas Lawson,"Assistant Chief of Staff, Air",2010-02-02,2011-05-26,2,Thomas Lawson
Thomas Leclerc,Manager,2023-08-15,2023-08-15,1,Thomas Leclerc
Thomas Levy,Senior Wind Energy Engineer,2016-07-07,2023-05-15,6,Thomas Levy
Thomas Marr,"Director, Middle East and North Africa Commercial Relations",2009-10-27,2009-10-27,1,Thomas Marr
Thomas Mcclung,Tax Policy Officer,2021-08-12,2023-06-07,3,Thomas McClung
Thomas Mcinnis,Senator,2012-11-21,2020-02-04,15,"Thomas J. McInnis, Thomas MacInnis, Thomas McInnis, Thomas Mcinnis"
Thomas Monclair,Leader of the Opposition,2012-11-07,2012-11-07,1,Hon. Thomas Monclair
Thomas Mulcair,Member of Parliament,2008-12-02,2018-05-14,288,"Hon Thomas Mulcair, Hon. Thomas Mulcair, Hon. Thomas Mulcair, P.C., M.P., Hon. Thomas Mulclair, The Hon. Thomas Mulcair, The Honourable Thomas Mulcair, Thomas J. Mulcair, Thomas Muclair, Thomas Mulcair, Thomas Mulcair MP, Thomas Mulcair, P.C., M.P., Thomas Mulclair, Thomas Mulclair MP, thomas Mulcair"
Thomas Mulker,Member of Parliament,2011-09-09,2011-09-09,1,Thomas Mulker
Thomas Owen,"Associate Assistant Deputy Minister, Cultural Affairs",2021-11-10,2022-05-18,2,"Thomas Owen, Thomas Owens"
Thomas Owen Ripley,Associate Assistant Deputy Minister,2016-08-18,2024-10-24,193,"Thomas Owen  Riipley , Thomas Owen  Ripley, Thomas Owen  Ripley , Thomas Owen Ripley, Thomas Owen Ripley , thomas owen ripley"
Thomas Park,"Partner, Lead",2021-07-07,2021-07-07,1,Thomas Park
Thomas Potter,Parliamentary Assistant,2020-07-14,2022-02-01,8,"Thomas  Potter, Thomas Potter"
Thomas Regier,"Regional Manager, Policy",2017-08-09,2022-10-20,6,"Thomas Regier, Thomas Regrier"
Thomas Ripley,Associate Assistant Deputy Minister,2020-11-24,2024-10-08,2,Thomas Ripley
Thomas Ryan,Senior Policy Analyst,2022-10-18,2022-10-18,1,Thomas Ryan
Thomas Sarazin,Senior Analyst,2016-11-09,2019-05-06,2,Thomas Sarazin
Thomas Shenstone,Director General,2011-11-24,2011-11-24,1,Thomas Shenstone
Thomas Szalay,"Director, Sept-Îles Office",2010-08-16,2011-01-10,8,Thomas Szalay
Thomas Ward,Senior Economist,2013-07-30,2024-02-26,2,Thomas Ward
Thomas White,"Director, Entomology and Phytosanitary Research",2023-04-19,2023-05-03,2,Thomas White
Thomas-owen Ripley,Director General,2019-05-13,2019-05-13,2,Thomas-Owen Ripley
Thomasz Trembowski,Parliamentary Secretary,2017-09-25,2017-09-25,1,Thomasz Trembowski
Thompson Joanne,Member of Parliament,2022-05-17,2022-05-17,1,Thompson Joanne
Thompson Paul,Senior Assistant Deputy Minister,2015-03-09,2019-10-23,3,Thompson Paul
Thronell Martin,Senior Trade Policy Officer,2017-08-24,2017-08-24,1,Thronell Martin
Tia Campbell,Administrative Assistant,2020-09-18,2021-01-28,2,Tia Campbell
Tia Tariq,Director of Policy,2017-03-03,2023-06-14,77,"Tia  Taraq, Tia Tariq"
Tia Tiraq,"Director, Stakeholder Relations and Strategic Planning",2020-10-07,2020-10-07,1,Tia Tiraq
Tiana Branch,National Director,2015-06-24,2020-01-21,5,Tiana Branch
Tiana Folkes,"Policy Advisor, Regional",2019-01-30,2019-01-30,1,Tiana Folkes
Tiana Thomas,Special Assistant to the Chief of Staff,2023-12-04,2025-02-07,2,Tiana Thomas
Tiff Macklem,Governor,2008-08-11,2025-03-31,88,"Tiff Macklem, Tiff Macklim, Tiff Macklin"
Tiffani Anne Ouimet,Issues Manager,2018-02-07,2018-02-07,1,Tiffani Anne Ouimet
Tiffany Anne Ouimet,"Senior Advisor, Issues Management and Parliamentary Affairs",2016-05-04,2017-11-08,7,Tiffany Anne Ouimet
Tiffany Campagnolo,Manager,2024-06-11,2024-06-11,1,Tiffany Campagnolo
Tiffany Lloyd,Constituency Assistant,2020-07-09,2020-07-09,1,Tiffany Lloyd
Tiffany Locke,Medical Advisor,2022-12-09,2022-12-09,1,Tiffany  Locke
Tiffany Maclellan,Senior Policy Officer,2023-05-30,2023-05-30,1,Tiffany MacLellan
Tiim Logan,"Special Assistant, BC Desk",2020-11-26,2020-11-26,1,Tiim Logan
Tiina Searle,Senior Project Leader,2015-01-13,2023-02-23,2,Tiina Searle
Tilak Dias,"Analyst, Markets and Securities Policy",2019-03-25,2019-06-27,2,Tilak Dias
Tilley O Neil,Member of Parliament,2013-02-05,2014-11-20,2,"Mrs Tilley O,neil, Tilley O’Neill"
Tilly Gordon,Member of Parliament,2013-11-06,2013-11-06,1,Tilly Gordon
Tilly O'neill-gordon,Member of Parliament,2010-10-07,2015-06-11,34,"Tilley O'Neill Gordon, Tilley O'Neill-gordon, Tilly O""Neil Gordon, Tilly O'Neil Gordon, Tilly O'Neil-Gordon, Tilly O'Neill Gordon, Tilly O'Neill-Gordon, Tilly O’Neill Gordon"
Tim Allen,Senior Director,2020-04-17,2020-04-17,1,Tim Allen
Tim Angus,Director General,2009-09-30,2024-10-11,22,"Tim Angus, tim angus"
Tim Appleby,"Director, Policy and Strategic Planning",2024-09-23,2024-09-23,1, Tim Appleby
Tim Archer,Senior Operational Officer,2012-05-10,2014-04-09,2,Tim Archer
Tim Brownlow,Acting Board Chair,2014-09-30,2014-09-30,1,Tim Brownlow
Tim Cleland,Senior Project Leader,2009-10-30,2023-09-22,3,Tim Cleland
Tim Denton,Commissioner,2009-04-14,2012-10-29,3,Tim Denton
Tim Duncanson,Senior Advisor to the Deputy Minister,2015-10-16,2021-03-25,131,"Tim Dincanson, Tim Duncanson, Tim Duncason"
Tim Duncan,Assistant Deputy Minister,2016-09-08,2016-09-08,1,Tim Duncan
Tim Edwards,Director,2022-12-08,2022-12-08,1,Tim  Edwards
Tim Ehlich,Legislative Assistant,2012-03-15,2013-02-13,8,Tim Ehlich
Tim Elliott,Director General,2009-09-14,2011-01-27,3,"Tim Elliot, Tim Elliott"
Tim Eryou,Chief Information Officer,2018-04-17,2023-10-11,2,Tim Eryou
Tim Fish,Tax Policy Officer,2012-10-04,2012-10-04,1,Tim Fish
Tim Flood,Charities Analyst,2019-02-12,2019-05-29,15,Tim Flood
Tim Foran,Director,2013-08-01,2015-06-09,3,Tim Foran
Tim Gardiner,Director General,2011-12-12,2023-04-20,29,"Tim Gardiner, Tim Gardner"
Tim Gauthier,Senior Advisor,2022-04-01,2025-02-24,15,"Tim  Gauthier, Tim Gauthier"
Tim Hewlett,Issues Advisor,2013-07-24,2013-07-24,1,Tim Hewlett
Tim Hibbard,"Director of Policy, Planning and External Relations",2009-02-12,2009-02-12,1,Tim Hibbard
Tim Hillier,"Director, Communication",2011-10-03,2016-09-27,3,Tim Hillier
Tim Hines,Senior Policy Advisor,2016-05-17,2016-05-17,1,Tim Hines
Tim Hodgson,Minister,2011-10-31,2025-05-31,21,Tim Hodgson
Tim Hopkins,Trade Commissioner,2019-01-28,2019-01-28,1,Tim Hopkins
Tim Hord,Acting Manager,2024-05-21,2024-05-21,1,Tim Hord
Tim Howlet,Director of Research,2016-11-22,2016-11-22,1,tim Howlet
Tim Howlett,Policy Advisor,2011-11-14,2017-06-06,53,Tim Howlett
Tim Hunsley,Assistant Director,2011-10-26,2018-05-28,13,Tim Hunsley
Tim Karlsson,Director,2009-11-05,2015-03-09,9,Tim Karlsson
Tim Kilam,Deputy Commissioner,2009-06-15,2009-06-15,1,Tim Kilam
Tim Krachuk,Manager,2017-03-23,2017-03-23,1,Tim Krachuk
Tim Krupa,Special Assistant,2016-02-23,2025-05-27,20,"Tim Krupa, Tim Kruppa"
Tim Lane,Deputy Governor,2022-06-16,2022-06-16,2,"Tim  Lane, Tim Lane"
Tim Logan,Policy Advisor,2020-02-11,2025-06-13,192,"Tim  Logan, Tim  Logan , Tim Logan, tim logan"
Tim Louis,Member of Parliament,2019-12-19,2025-06-04,257,"TIm Louise, Tim  Louis , Tim Lewis, Tim Loius, Tim Louis, Tim Louise"
Tim Mackay,Analyst,2016-09-19,2016-09-19,1,Tim Mackay
Tim Martin,Ambassador to Colombia,2011-10-12,2011-12-07,2,Tim Martin
Tim Mcgrath,Assistant Deputy Minister,2008-07-17,2009-05-26,10,Tim McGrath
Tim Mclarty,Senior Policy Analyst,2020-06-04,2020-06-04,1,Tim McLarty
Tim Meisner,Director General,2008-07-08,2016-04-20,29,"TIM MEASNER, TIM MEISNER, Tim Meisner"
Tim Norris,Director of Policy,2011-09-06,2013-06-28,149,"TIM NORRIS, Tim NOrris, Tim Norris, Tom Norris, tim norris"
Tim Olaveson,Senior Director,2023-01-16,2025-02-06,3,Tim Olaveson
Tim Oracheski,Director of Policy,2009-09-17,2015-09-24,49,"Tim Oracheski, Tim Orachevski"
Tim Orachesky,Parliamentary Secretary,2009-09-22,2009-09-22,1,Tim Orachesky
Tim Pettipas,Assistant Secretary to the Cabinet,2009-12-01,2023-05-24,5,Tim Pettipas
Tim Routledge,Senior Advisor,2018-07-27,2018-07-27,1,Tim Routledge
Tim Sargent,Deputy Minister,2009-12-09,2020-12-04,96,"TIM SARGENT, TIm Sargent, Tim Sargeant, Tim Sargent"
Tim Singer,Acting Assistant Deputy Minister,2020-07-31,2023-03-09,22,"Tim  Singer, Tim Singer"
Tim Stupich,Director,2010-10-26,2018-04-09,18,"Tim Stupich, Tim Stupitch"
Tim Uppal,Member of Parliament,2009-04-22,2025-03-06,169,"Hon. Tim Uppal, Tim Uppal, Tim Uppal , Tim Uppal MP, Tim Uppall, tim  uppal"
Tim Vail,Director of Communications,2009-02-04,2011-02-17,19,Tim Vail
Tim Walker,Associate Executive Director,2021-02-05,2022-03-17,3,"Tim  Walker, Tim Walker"
Tim Werschler,Assistant Director,2019-01-28,2019-01-28,1,Tim Werschler
Tim Wilson,Associate Vice President,2014-12-09,2023-05-02,9,"Tim  Wilson, Tim Wilson"
Timothy Sargent,Deputy Minister,2009-11-24,2022-06-10,228,"TIMOTHY SARGENT, Thimothy Sargent, Timonthy Sargent, Timothy Sargeant, Timothy Sargent, Timothy Srgent"
Timothee Labelle,Policy Advisor,2022-02-15,2022-02-15,1,Timothee Labelle
Timothy A.r. Duncanson,Senior Advisor,2017-06-29,2017-06-29,1,Timothy A.R. Duncanson
Timothy Archer,"Senior Operational Officer, Western Operations",2013-10-08,2013-10-08,1,Timothy Archer
Timothy Berube,Commission Member,2019-06-18,2023-09-21,2,"Dr. Timothy Berube, Timothy Berube"
Timothy Chase Oracheski,Parliamentary Secretary's Assistant,2009-06-15,2009-06-15,1,Timothy Chase Oracheski
Timothy Cleland,"Senior Economist, Payments",2010-05-06,2010-05-06,1,Timothy Cleland
Timothy Cormier,Communications Assistant,2022-05-17,2023-02-08,6,Timothy Cormier
Timothy Denton,Commissioner,2008-12-01,2011-09-09,2,Timothy Denton
Timothy Desson,Analyst,2018-05-01,2018-05-01,2,Timothy Desson
Timothy Dixon,"Chief, Aviation Security Policy",2023-04-21,2023-04-21,1,Timothy Dixon
Timothy Duncanson,Senior Advisor to the Deputy Minister,2016-02-04,2018-06-26,4,Timothy Duncanson
Timothy Dymond,Procurement Officer,2023-05-15,2023-05-15,1,Timothy Dymond
Timothy Gardiner,Director General,2014-10-16,2025-02-12,114,Timothy Gardiner
Timothy Gardner,"Senior Director, Offshore Petroleum Directorate",2021-02-02,2021-02-02,1,Timothy Gardner
Timothy Gulliver,Parliamentary Assistant,2022-11-29,2022-11-29,1,Timothy Gulliver
Timothy Hodgson,"Minister, Energy and Natural Resources",2025-05-17,2025-05-31,3,"Timothy  Hodgson, Timothy Hodgson "
Timothy Howlett,Policy Advisor,2014-02-04,2014-02-04,1,Timothy Howlett
Timothy Lane,Deputy Governor,2009-12-14,2019-08-27,21,Timothy Lane
Timothy Logan,Policy Advisor,2024-07-18,2025-05-26,6,Timothy Logan
Timothy Mccann,Regional Emergency Management Manager,2022-08-23,2022-08-23,1,Timothy McCann
Timothy Rennie,Senior Policy Analyst,2023-03-31,2023-05-31,2,Timothy Rennie
Timothy Rosenburg,Policy Advisor to Senator,2012-03-07,2012-03-07,1,Timothy Rosenburg
Timothy Rosenburgh,Staffer to Senator,2015-03-25,2022-10-05,2,"Timothy Rosenburgh, timothy rosenburgh"
Timothy Uppal,Member of Parliament,2024-04-29,2024-04-29,1,Timothy Uppal
Timothy Weil,Director,2014-03-10,2014-03-10,1,Timothy Weil
Tina Cobb,Manager,2015-05-01,2025-04-07,6,Tina Cobb
Tina Derak,Researcher,2021-07-29,2023-02-02,7,"Tina  Derak, Tina Derak"
Tina Gallinger,Chief of Staff,2020-09-01,2020-09-01,1,Tina Gallinger
Tina Garstad,Communications Advisor,2022-11-07,2022-11-08,2,"Tina  Garstad, Tina Garstad"
Tina Green,"Assistant Secretary, Regulatory Affairs",2012-07-03,2024-06-11,129,"Tina  Green, Tina Green, Tina Green "
Tina Guthrie,Ambassador,2018-09-17,2025-03-20,4,Tina Guthrie
Tina Liu,Landscape Architect,2019-01-03,2019-01-03,1,Tina Liu
Tina Matos,Deputy Director,2016-09-13,2025-03-19,11,"Tina  Matos , Tina Matos"
Tina Namiesniowski,Assistant Deputy Minister,2012-11-20,2025-04-14,94,"TINA NAMIESNIOWSKI, Tina Namieniowski, Tina Namiesnioski, Tina Namiesniowski"
Tina Namiesnowski,President,2013-03-12,2020-09-01,6,"Tina Namiesniowki, Tina Namiesnowski"
Tina Searle,Manager,2021-06-15,2021-06-15,1,Tina Searle
Tina Shih,Senior Investment Officer,2022-01-26,2022-01-26,1,Tina Shih
Tina Warawa,Chief of Staff,2022-05-24,2024-07-23,7,Tina Warawa
Tina Warwara,Staffer to Member of Parliament,2023-03-16,2023-03-16,1,Tina Warwara
Ting Liu,"Trade Commissioner Assistant, Arts and Cultural Industries",2024-05-23,2024-05-23,1,Ting  Liu
Tinsae Bogale,Intern,2023-03-22,2023-03-22,1,Tinsae Bogale
Tiran Bajgiran,Senior Policy and Legal Advisor,2023-12-19,2024-05-28,2,Tiran Bajgiran
Tiran Rahimian Bajgiran,Policy Advisor,2024-03-13,2024-08-26,2,"Tiran Rahimian  Bajgiran, Tiran Rahimian Bajgiran"
Tiror Turi,Manager,2011-01-05,2011-01-05,1,Tiror Turi
Tisha Ahston,"Senior Advisor, Legislative Affairs, Digital and Telecommunications",2021-01-20,2021-01-20,1,Tisha Ahston
Tisha Ashton,Director of Policy,2008-12-18,2021-02-05,57,Tisha Ashton
Titilope Dada,Policy Analyst,2023-09-19,2023-10-25,2,Titilope Dada
Tj Clark,Senior Policy Analyst,2022-11-18,2023-03-29,3,TJ Clark
Tj Harvey,Member of Parliament,2015-12-04,2019-05-30,254,"T J Harvey, T-J Harvey, T. J. Harvey, T.J Harvey, T.J, Harvey, T.J. HARVEY, T.J. Harvey, TJ HARVE, TJ Harvey, TJ Havey, t j harvey, tj harvey"
Tobi Nussbaum,Chief Executive Officer,2019-03-11,2024-11-27,5,"TOBI NUSSBAUM, Tobi Nussbaum"
Tobias Ehlich,Staffer,2012-11-27,2012-11-27,1,Tobias Ehlich
Tobias Enverga,Senator,2012-10-30,2017-06-07,35,"Hon. Tobias Enverga, Tobias C. Enverga Jr., Tobias C. Jr. Enverga, Tobias Enverga, Tobias Enverga Jr."
Tobias Nussbaum,Director General,2013-02-21,2013-11-18,2,Tobias Nussbaum
Tobias Oliver Ehlich,Staffer,2013-02-26,2013-02-26,1,Tobias Oliver Ehlich
Toby Balch,Science Partnership Coordinator,2021-12-17,2021-12-17,1,Toby Balch
Tod Ramsfield,Research Scientist,2020-12-09,2020-12-09,1,Tod Ramsfield
Todd Balfe,Brigadier General,2019-12-13,2021-11-30,3,Todd Balfe
Todd Boucher,Director,2021-03-31,2022-10-14,7,"Todd  Boucher, Todd Boucher"
Todd Burke,Director,2021-02-12,2021-02-12,1,Todd Burke
Todd Cain,Acting Assistant Deputy Minister,2013-07-09,2023-03-23,21,Todd Cain
Todd Daugherty,Member of Parliament,2017-10-23,2017-10-23,1,Todd Daugherty
Todd Doherty,Member of Parliament,2016-01-27,2024-12-05,252,"Todd Doherty, Todd Doherty, M.P."
Todd Evans,"National Lead, Indigenous Exports",2022-09-07,2023-08-24,4,Todd Evans
Todd Fitzpatrick,Constituency Assistant,2017-01-16,2017-01-31,6,Todd Fitzpatrick
Todd Frederickson,"Regional Director, Surface",2025-02-25,2025-02-25,1,Todd Frederickson
Todd Gerry,Policy Advisor,2014-06-25,2014-06-25,1,Todd Gerry
Todd Hunter,Executive Director,2010-01-25,2025-03-24,34,Todd Hunter
Todd Jerry,Policy Advisor,2012-05-16,2015-03-17,22,Todd Jerry
Todd Keesey,"Manager, Innovation and Infrastructure",2013-10-11,2019-05-30,2,Todd Keesey
Todd Kuiack,"Director, Metis Crown Policy and Partnerships",2018-12-17,2021-02-19,3,Todd Kuiack
Todd Kuiak,Executive Director,2022-05-06,2022-05-06,1,Todd Kuiak
Todd Lane,Director of Communications,2021-11-29,2022-09-30,26,"Todd  Lane, Todd Lane"
Todd Lane Lane,Director of Communications,2022-05-12,2022-05-12,1,Todd Lane Lane
Todd Lewis,Senator,2025-03-11,2025-06-03,5,"Todd  Lewis, Todd Lewis"
Todd Mackay,Director of Communications,2008-07-17,2010-05-06,58,"TODD MACKAY, Todd MacKay, Todd Mackay, Todd Mackey, Todd McKay, Todd Mckay"
Todd N. Balfe,Fighter Capability Office,2023-09-28,2024-05-29,2,Todd N. Balfe
Todd Nicholson,Junior Program Officer,2014-04-10,2014-04-10,1,Todd Nicholson
Todd Russell,Member of Parliament,2010-09-28,2011-03-10,16,Todd Russell
Todd Smith,"Minister, Ontario",2022-04-14,2022-04-14,1,Todd  Smith
Todd Stewart,Director General,2022-07-18,2025-03-11,6,"Todd Stewart, Todd Stewart "
Todd Stiles,Senior Program Officer,2016-05-18,2024-08-19,3,Todd Stiles
Todd Stride,"Senior Manager, Community Development, Military Family Services",2016-08-26,2016-08-26,1,Todd Stride
Todd Williams,"Senior Director, Resource Management - Operations",2016-01-06,2024-05-01,6,"Todd  Williams, Todd Williams"
Todd Winterhalt,"Senior Vice President, Communications and Corporate Strategy",2021-05-04,2025-02-27,5,"Todd  Winterhalt, Todd Winterhalt"
Toke Adams,"Regional Director, Programs, Pacific Region",2024-03-20,2024-08-12,2,Toke Adams
Tolga Yalkin,Assistant Superintendent,2018-07-04,2024-12-19,53,"Tolga  Yalkin, Tolga Yalkin"
Tolmie Fraser,Member of Parliament,2024-11-19,2024-11-19,1,Tolmie Fraser
Tom Allen,Legislative Assistant,2011-10-03,2019-05-30,16,"Tom Allan, Tom Allen"
Tom Allison,Member's Assistant,2021-01-29,2021-01-29,1,Tom Allison
Tom Askin,Director,2010-07-21,2010-07-21,1,Tom Askin
Tom Beaver,Senior Policy Advisor,2009-05-27,2009-05-27,1,Tom Beaver
Tom Bedford,Executive Director,2022-06-07,2022-12-15,4,Tom Bedford
Tom Bui,Director,2015-03-25,2023-06-21,8,"Tom  Bui, Tom Bui, Tom Burt"
Tom Clark,"Consul General, Canada in New York",2022-09-13,2025-05-09,8,"Tom  Clark, Tom Clark"
Tom Corsie,"Vice President, Real Estate",2018-06-28,2018-07-17,27,Tom Corsie
Tom Creary,Chief of Staff,2010-02-18,2010-08-04,3,Tom Creary
Tom Cumming,Deputy Director,2023-12-12,2024-05-22,3,Tom Cumming
Tom De Wolfe,Acting Vice President,2009-11-10,2009-11-10,1,Tom de Wolfe
Tom Graham,"Acting Chief Inspector, Area",2017-03-21,2017-03-21,1,Tom Graham
Tom Hoggarth,"Regional Director, Ecosystems Management",2021-05-07,2023-05-11,12,"Tom  Hoggarth, Tom Hoggarth"
Tom Howlett,Staffer,2011-12-07,2011-12-07,3,Tom Howlett
Tom Isaac,Senior Counsel,2016-01-13,2016-01-13,1,Tom Isaac
Tom Jarmyn,Advisor to the Minister,2010-03-02,2013-04-08,19,Tom Jarmyn
Tom Jenkins,"Chair, Expert Panel on Research and Development",2011-10-05,2011-10-05,1,Tom Jenkins
Tom Kmiec,Member of Parliament,2016-02-02,2025-06-02,349,"Tim Kmiec, Tom  Kmiec, Tom  Kmiec , Tom Kmeic, Tom Kmic, Tom Kmiec, Tom Kmiec , Tom Kmlec, tom Kmiec"
Tom Knight,Western Newfoundland and Labrador Field Unit,2021-02-23,2021-02-23,1,Tom Knight
Tom Lukiwski,Member of Parliament,2009-03-04,2021-07-26,196,"TOM LUKIWSKI, Tim Lukiwski, Tom Lewiwski, Tom Lewkiski, Tom Likiwski, Tom Lukinski, Tom Lukiwski, Tom Lukwiski, tom lukiwski"
Tom Macdonald,"Ambassador to Saudi Arabia, Yemen, Bahrain and Oman",2012-06-04,2015-04-16,2,Tom MacDonald
Tom Matulis,"Director, Ontario",2009-03-06,2009-03-06,1,Tom Matulis
Tom Maville,Member,2015-03-17,2015-03-25,2,Tom Maville
Tom Mccaffery,Senior Advisor,2021-08-11,2022-02-07,5,"Tom McCaffery, Tom McCaffrey"
Tom Mcinnis,Senator,2018-06-12,2018-06-12,1,Tom McInnis
Tom Mcmullen,"Director, Land Requirements",2021-03-25,2021-03-25,1,Tom McMullen
Tom Mulcair,Member of Parliament,2010-11-23,2017-11-22,35,"TOM MULCAIR, Tom Mulcair"
Tom Nevin,Fisheries Technician,2020-08-25,2020-08-25,1,Tom Nevin
Tom O'hearn,Senior Economist,2018-05-29,2024-04-12,5,"Tom O'Hearn, Tom O’Hearn"
Tom Oommen,Director General,2013-08-13,2025-01-15,37,"Tom  Oommen, Tom Oommen"
Tom Ormiston,Senior Policy Analyst,2011-03-17,2011-03-17,1,Tom Ormiston
Tom Osborne,Member of Parliament,2025-05-22,2025-05-22,2,Tom  Osborne
Tom Pentefountas,"Vice Chair, Broadcasting",2011-04-27,2015-09-14,65,"Tom Pentafountas, Tom Pentefountas, Tom Pentenfountas"
Tom Pentefountas Pentefountas,Vice Chair,2011-05-10,2011-05-10,1,Tom Pentefountas Pentefountas
Tom Perlmutter,Board Member,2009-05-08,2009-05-08,1,Tom Perlmutter
Tom Potter,Staffer,2021-05-12,2022-02-08,2,Tom Potter
Tom Ring,Assistant Deputy Minister,2010-02-24,2015-01-07,138,"TOM RING, Tom Ring, tom ring"
Tom Roberts,"Executive Director, Resource Division",2011-10-28,2024-01-31,5,Tom Roberts
Tom Rosser,Assistant Deputy Minister,2009-06-16,2025-06-04,851,"TOM ROSSER, Tom  Rosser, Tom Ross, Tom Rosser, Tom Rossner, tom rosser"
Tom Scrimger,Assistant Deputy Minister,2008-10-31,2011-09-28,10,"Mr. Tom Scrimger, Tom Scrimger"
Tom Shypitka,Member of Parliament,2022-07-13,2022-10-04,2,Tom Shypitka
Tom Siems,"Director, Affordable Housing",2016-09-20,2016-09-20,1,Tom Siems
Tom Smylie,Senior Staff Veterinarian,2021-04-26,2021-04-26,1,Tom Smylie
Tom Tefountas,"Vice Chair, Broadcasting",2011-11-22,2011-11-22,1,Tom Tefountas
Tom Thipcharoen,Business Development Officer,2009-11-12,2020-10-21,11,Tom Thipcharoen
Tom Vice,"Senior Vice President, Complex Resolution",2014-03-20,2014-03-20,1,Tom Vice
Tom Vilmansen,Manager,2018-02-01,2018-02-01,1,Tom Vilmansen
Tom Wallace,Director General,2009-09-25,2009-09-25,1,Tom Wallace
Tom Wilson,"Manager, Strategic Policy",2012-03-27,2025-03-03,12,"Tom  Wilson, Tom Wilson"
Tom Wong,"Chief Medical Officer, Public Health",2015-07-13,2025-02-14,27,"Dr. Tom Wong, Tom Wong, tom wong"
Tomas Gagne,"Senior Advisor, Office of the Minister",2022-04-12,2022-04-12,1,Tomas Gagne
Tomasz Kmiec,Member of Parliament,2018-10-23,2018-10-23,1,Tomasz Kmiec
Tomi Obembe,Policy Analyst,2023-05-04,2023-05-04,1,Tomi Obembe
Tommasina Montemurro,"Program Officer, Service Canada",2016-10-31,2016-10-31,1,Tommasina Montemurro
Tommie Eugene Roberts,Senior Development Officer,2014-10-22,2014-10-22,1,Tommie Eugene Roberts
Tommy Banks,Senator,2009-03-27,2011-10-20,22,Tommy Banks
Tommy Desfosses,Chief of Staff,2015-04-13,2024-01-26,4,"Tommy Desfosses, Tommy Desfossés"
Tone Nymoen,Trade Commissioner,2024-06-27,2025-04-25,3,Tone Nymoen
Toni Gravelle,Deputy Governor,2014-02-13,2024-04-16,14,Toni Gravelle
Toni Moffa,Deputy Chief,2009-06-25,2014-06-17,3,Toni Moffa
Toni Varone,Senator,2024-04-17,2025-02-20,10,"Toni  Varone, Toni Varone"
Tonina Simeone,"Director General, External Relations",2020-08-14,2022-10-04,3,Tonina Simeone
Tony Anderson,Senior Policy Advisor,2017-04-20,2017-04-20,1,Tony Anderson
Tony Baldinelli,Member of Parliament,2020-01-26,2025-06-11,397,"Tony  Baldinelli, Tony  Baldinelli , Tony Baldinelli, Tony Baldinello, tony Baldinelli"
Tony Bynen,Member of Parliament,2022-12-06,2022-12-06,1,Tony Bynen
Tony Clement,"Minister, Industry",2008-07-23,2020-04-03,469,"Hon Tony Clement, Hon. Tony Clement, Honourable Tony Clement, TONY CLEMENT, The Hon. Tony Clement, The Honourable Tony Clement, The Honourable Tony Clement, MP, The Honourable Tony Clement, P.C., The Honourable Tony Clement, P.C., M.P., Tony Clement, Tony Clement, MP, Tony Clement, The Honorable, Tony Clements, tony clement"
Tony Dean,Senator,2016-12-14,2024-10-29,57,Tony Dean
Tony Gnanasihamany,Constituency Assistant,2023-03-31,2023-03-31,1,Tony Gnanasihamany
Tony Lempriere,"Senior Manager, Climate Change Policy",2020-03-19,2020-07-31,4,"Tony Lempriere, Tony Lemprière"
Tony Loffreda,Senator,2019-09-23,2025-02-06,113,"The Honourable Tony  Loffreda , Tony Loffreda, Tony Loffreda "
Tony Maas,Senior Policy Advisor,2022-01-11,2025-03-07,497,"Tony  Maas , Tony  Mass, Tony Maas, Tony Mass, tony maas"
Tony Manconi,Director General,2016-09-12,2021-07-12,5,Tony Manconi
Tony Martin,Member of Parliament,2009-03-03,2011-05-04,13,Tony Martin
Tony Mcdougal,Deputy General,2017-04-04,2017-04-04,1,Tony McDougal
Tony Mcdougall,"Deputy Director, Cereals Grains and Pulses",2008-10-21,2019-04-10,14,Tony McDougall
Tony Olsen,"Manager, Technology Transfer and Innovation",2022-06-22,2022-06-22,1,Tony Olsen
Tony Ranieri,Senior Research and Evaluation Analyst,2023-08-11,2023-09-12,2,Tony Ranieri
Tony Reznowski,"Parliamentary Secretary Assistant, Official Languages",2009-06-30,2012-07-17,2,Tony Reznowski
Tony Ritchie,Executive Director,2011-05-11,2012-09-20,2,Tony Ritchie
Tony Van Bynen,Member of Parliament,2020-02-20,2024-11-26,178,"Tony  Van Byden, Tony Van Bynen, Tony Van Byner, Tony Van Byren, Tony VanBynen, Tony van Bynen"
Tony Yaacoub,Chief Technology Officer,2022-02-04,2022-02-04,1,Tony Yaacoub
Tony Young,Director General,2009-02-24,2014-05-15,6,Tony Young
Tonya Bender,Manager,2020-06-05,2022-10-14,3,Tonya Bender
Tooneejoulee Kootoo-chiarello,Senior Program Advisor,2021-02-12,2021-02-12,1,Tooneejoulee Kootoo-Chiarello
Tori Hudson,Constituency Assistant,2024-08-19,2024-10-10,7,Tori Hudson
Torrine Johnson,Regional Director,2023-08-31,2024-09-09,2,Torrine Johnson
Tracey Cutcliffee,Deputy Minister,2010-07-06,2010-07-06,1,Tracey Cutcliffee
Tracey Doyle,"Manager, Policy",2024-12-19,2024-12-19,1,Tracey Doyle
Tracey Fyfe,"Senior Policy Advisor, G8",2009-11-30,2009-11-30,1,Tracey Fyfe
Tracey Headley,Director,2021-11-08,2021-11-08,1,Tracey Headley
Tracey Inkpen,Senior Sector Analyst,2016-06-15,2016-06-15,1,Tracey Inkpen
Tracey Innes,Senior Program Officer,2024-02-14,2024-05-27,2,Tracey Innes
Tracey Kutney,Senior Technical Advisor,2020-02-26,2024-02-27,6,"Tracey  Kutney, Tracey Kutney, Tracy Kutney"
Tracey Love,Chief of Staff,2023-06-26,2023-06-26,1,Tracey Love
Tracey Ramsey,Member of Parliament,2016-01-28,2020-05-21,179,"HON. TRACEY RAMSEY, TRACEY RAMSEY, Tracey Ramsay, Tracey Ramsery, Tracey Ramsey, Tracey Rasmey, Tracy Ramsey"
Tracy Reynolds,"Executive Director, Multi-Industry Sectors",2011-02-14,2024-11-20,13,"Tracey Reynolds, Tracy Reynolds"
Tracey Sandgathe,"Regional Director, Ecosystem Management Branch",2024-08-07,2025-05-01,9,"Tracey  Sandgathe , Tracey Sandgathe, Tracey Sangathe"
Tracey Spack,Director,2019-09-04,2025-03-20,59,"Tracey Spack, Tracy  Spack, Tracy Spack"
Tracie Henriksen,"Deputy Director, Pakistan Development",2023-07-12,2023-07-12,1,Tracie Henriksen
Tracy Andreis,Executive Assistant,2022-11-01,2022-11-01,1,Tracy Andreis
Tracy Burtt,Assistant Director,2018-03-22,2018-03-22,1,Tracy Burtt
Tracy Chatman,Policy Advisor,2024-08-21,2024-08-21,1,Tracy Chatman
Tracy Diehl,Regional Director and Senior Trade Commissioner,2023-01-13,2024-02-07,8,Tracy Diehl
Tracy Fleck,"Director General, Indigenous Affairs",2024-12-03,2025-04-01,2,tracy Fleck
Tracy Goodfellow,Senior Advisor to Director General,2024-10-07,2024-10-07,1,Tracy Goodfellow
Tracy Gould,Policy Analyst,2018-09-18,2019-03-08,2,Tracy Gould
Tracy Gray,Member of Parliament,2019-12-09,2025-03-10,393,"Tracey Gray, Tracy  Gray, Tracy Gray, Tracy Gray , Tracy Grey, Tracy Grey "
Tracy Kerluke,Director General,2017-08-17,2023-09-27,12,"Tracey Kerluke, Tracy Kerluke"
Tracy Maccharles,"Minister, Ontario",2016-08-23,2016-08-23,1,Tracy MacCharles
Tracy Macintyre,Portfolio Manager,2015-05-08,2015-08-18,2,Tracy Macintyre
Tracy Muggli,Senator,2024-10-10,2025-06-11,16,"Tracy Muggli, Tracy Muggli , tracy muggli"
Tracy Power,"Director, Procurement",2019-02-28,2019-02-28,1,Tracy Power
Tracy Raynolds,"Minister, Commercial",2023-02-09,2023-02-09,1,Tracy  Raynolds
Tracy Sletto,Chief Executive Officer,2018-08-27,2025-05-08,14,"Tracey Sletto, Tracy Sletto"
Tracy Thiessen,Special Advisor to the Chief Executive Officer,2015-10-26,2015-10-26,1,Tracy Thiessen
Tracy Utting,"Associate Director, Review Panels Division",2023-05-30,2023-05-30,1,Tracy Utting
Tracy Wilcox,Manager | Senior Policy Advisor,2017-01-24,2017-07-21,4,Tracy Wilcox
Tracy-lee Grant,Advisor,2021-11-12,2021-11-17,2,Tracy-Lee Grant
Tran Cynthia,"Advisor, Stakeholder Relations and Outreach",2013-12-12,2013-12-12,1,Tran Cynthia
Travers Patrick,Policy Advisor,2016-04-07,2016-04-07,1,Travers Patrick
Travis Deagle,Senior Policy Advisor,2020-06-08,2020-06-08,1,Travis Deagle
Travis Gordon,Policy Advisor,2016-04-25,2020-07-31,420,"Travis Gordon, travis Gordon, travis gordon"
Travis Halliday,Parks Canada,2021-02-23,2021-02-23,1,Travis Halliday
Travis Hilary,"Special Assistant, Policy",2017-11-14,2017-11-14,1,Travis Hilary
Travis Warren,Policy Advisor,2019-05-16,2019-05-16,1,Travis Warren
Tremblay Jean-francois,Deputy Secretary to the Cabinet,2010-10-26,2013-08-21,2,Tremblay Jean-Francois
Tremblay Jean-louis,Deputy Minister,2016-10-19,2016-10-19,1,Tremblay Jean-Louis
Tremblay Marie,"Manager, Regional Affairs, Quebec Region",2017-12-06,2017-12-06,1,Tremblay Marie
Trevor Swerdfager,Assistant Deputy Minister,2012-10-12,2019-09-03,160,"Trever Serdfager, Trevor Swardfager, Trevor Swerdfaeger, Trevor Swerdfagar, Trevor Swerdfager, Trevor Swerdfarger, Trevor Swerdfeger, Trevor Swerfager"
Trevor Anderson,Senior Analyst,2021-05-07,2021-05-07,1,Trevor Anderson
Trevor Bhupsingh,Assistant Deputy Minister,2011-11-09,2025-04-29,64,"Trevor  Bhupsingh , Trevor Bhupsingh"
Trevor Bjornson,Chief of Staff,2008-11-11,2008-11-11,1,Trevor Bjornson
Trevor Brookes,Senior Investment Analyst,2022-08-31,2024-07-04,8,Trevor Brookes
Trevor Daroux,"Director General, National Aboriginal Policing",2017-08-23,2017-08-23,1,Trevor Daroux
Trevor Hallam,Assistant,2011-11-01,2011-11-01,1,Trevor Hallam
Trevor Harrison,Policy Advisor,2017-05-24,2019-07-24,22,"Trevor Harrison, Trevor Harrsion"
Trevor Heryet,Acting Executive Director,2019-04-17,2022-09-27,9,"Trevor  Heryet, Trevor Heryet"
Trevor Holder,Minister,2011-06-09,2019-01-17,2,Trevor Holder
Trevor Knechtel,Competition Law Officer,2023-11-27,2023-11-27,1,Trevor Knechtel
Trevor Lehouillier,"Head, Defect Investigations",2015-07-30,2023-03-22,8,"Trevor Lehouillier, Trevor Lehouillier "
Trevor Longpre,National Coordinator,2021-03-09,2023-05-10,3,Trevor Longpre
Trevor Mackay,"Associate Deputy Commissioner, Competition",2018-02-27,2018-02-27,1,Trevor MacKay
Trevor Mcgovern,"Director General, Tax Legislation",2020-05-29,2020-05-29,1,Trevor McGovern
Trevor Mcgowan,Associate Assistant Deputy Minister,2012-07-19,2025-01-31,91,Trevor McGowan
Trevor Mcostrich,Stakeholder Relations,2022-08-08,2022-08-08,1,Trevor McOstrich
Trevor Milne,"Director General, Call Centres",2020-01-16,2020-01-16,1,Trevor Milne
Trevor Mischki,"Manager, Science Division",2018-12-20,2018-12-20,1,trevor Mischki
Trevor Nightingale,Associate Vice President,2016-09-08,2025-02-03,15,"Dr. Trevor Nightingale, Trevor  Nightingale, Trevor  Nightingale , Trevor Nightingale"
Trevor Rendell,Western Newfoundland and Labrador Field Unit,2021-02-23,2021-02-23,1,Trevor Rendell
Trevor Sabean,Senior Director,2021-06-17,2021-06-17,1,Trevor Sabean
Trevor Smith,Deputy Executive Director and General Counsel,2012-02-27,2017-06-06,2,Trevor Smith
Trevor Stewart,Executive Assistant,2022-03-23,2023-12-07,4,"Trevor  Stewart, Trevor Stewart"
Trevor Todd,"Director, Ecosystems and Entrepreneurship",2022-03-09,2025-01-21,11,"Trevor  Todd, Trevor Todd, trevor Todd"
Trevor Young,Investment Analyst,2022-06-23,2024-07-09,5,"Trevor  Young, Trevor Young"
Tricia Geddes,Associate Deputy Minister,2018-10-03,2025-03-25,68,"Tricia  Geddes, Tricia  Geddes , Tricia Geddes"
Tricia Mitchell,Regional Director General,2019-02-08,2024-12-11,10,"Tricia Mitchell, Tricia Mitchell "
Trina Bender,Director of Operations,2016-01-08,2024-11-06,9,"Trina Bender, Trina Brender"
Trina Cooper-bolam,Senior Program Analyst,2022-02-25,2022-07-22,7,"Trina Cooper-Bolam, Trina Cooper-Bolama"
Trina Lasch,Manager,2015-02-18,2015-02-18,1,Trina Lasch
Trina Mcqueen,Board Member,2009-05-08,2009-05-08,1,Trina McQueen
Trina Morissette,Director of Policy,2009-01-14,2015-08-07,98,"Trina Morisette, Trina Morissett, Trina Morissette, Trina Morrisette, Trina Morrissette"
Trinity Noble,Parliamentary Assistant,2023-03-21,2023-03-21,2,Trinity Noble
Trish Beh,Director of Policy,2019-05-22,2019-05-22,1,Trish Beh
Trish Larwill,Senior Policy Advisor,2017-06-09,2017-06-09,1,Trish Larwill
Trish Macquarrie,Director General,2010-11-09,2014-10-14,7,"Trish MacQuarrie, Trish MacQurrie, Trish Macquarrie, Trish McQuarrie"
Trish Mercredi,Regional Director General,2008-09-05,2008-09-05,1,Trish Mercredi
Trish Merrithew-mercredi,Regional Director General,2009-05-25,2009-06-18,2,Trish Merrithew-Mercredi
Trish Sibal,Senior Policy Advisor,2022-06-08,2024-11-26,13,"Trish Sibal, Trish Sibbal"
Tristan Landry,Deputy Director,2023-08-16,2025-04-14,9,"Tristan  Landry, Tristan Landry"
Tristan Laycock,Legislative Assistant,2016-09-16,2023-08-15,61,"Tristan  Laycock, Tristan Laycock, Tristan Laycock , Tristian Laycock"
Tristan Matthews,Auditor,2022-10-25,2022-10-25,1,Tristan Matthews
Tristan Mclaughlin,Special Assistant,2013-09-13,2025-03-03,7,Tristan McLaughlin
Tristram Barnes,Parliamentary Affairs Advisor,2024-02-29,2024-06-26,4,"Tristram  Barnes, Tristram Barnes"
Tristram Harrison,Senior Manager,2023-03-03,2025-04-16,3,"Tristram  Harrison, Tristram Harrison"
Troy Charles Dixon,Assistant to Member of Parliament,2016-03-08,2016-03-08,1,Troy Charles Dixon
Troy Cosby,Director General,2017-05-31,2017-05-31,1,Troy Cosby
Troy Crosby,"Assistant Deputy Minister, Materiel",2017-05-31,2024-06-03,149,"Troy  Crosby, Troy Crosbie, Troy Crosby"
Troy Deware,International Business Development Officer,2024-03-11,2024-03-11,1,Troy Deware
Troy Dixon,Legislative Assistant,2016-02-25,2016-02-25,1,Troy Dixon
Troy Hennigar,Deputy Director,2020-12-10,2020-12-10,1,Troy Hennigar
Troy Kelly,Joint Capabilities Development Team | Airborne JISR Effects Horizon 1,2021-06-04,2021-06-04,1,Troy Kelly
Troy Lau,Deputy Director,2023-12-13,2024-04-19,3,"Troy Lau, Troy Lau "
Troy Lulashnyk,Director General,2010-10-29,2023-11-03,11,Troy Lulashnyk
Troy Wellicome,Species at Risk Biologist,2024-06-13,2024-06-13,1,Troy Wellicome
Trudeau Justin,Prime Minister,2014-11-18,2019-11-25,3,Trudeau Justin
Trudy Taylor-walsh,Western Newfoundland and Labrador Field Unit,2021-02-23,2021-02-23,1,Trudy Taylor-Walsh
Trudy Waldinger,Executive Assistant,2009-04-02,2009-04-02,1,Trudy Waldinger
Trueman Geoff,Assistant Commissioner,2017-08-30,2017-08-30,1,Trueman Geoff
Truppe Susan,Member of Parliament,2015-06-12,2015-06-12,1,Truppe Susan
Trushara Williams,"Deputy Secretary to the Cabinet, Operations",2024-10-08,2024-10-08,1,Trushara  Williams
Trystan Glynn-morris,Director,2019-06-19,2019-06-19,1,Trystan Glynn-Morris
Trystan Underhill,Policy Analyst,2020-07-22,2020-07-22,1,Trystan Underhill
Tsania Khan,Junior Policy Analyst,2020-05-26,2021-01-22,7,"Tasnia Khan, Tsania Khan"
Tsolmon Gantuya,Trade Commissioner,2025-01-10,2025-01-10,1,Tsolmon Gantuya
Tu Nguyen,Trade Commissioner,2020-11-19,2022-10-19,2,Tu Nguyen
Tuan Dang,Pharmacist Consultant,2025-04-09,2025-05-06,3,Tuan Dang
Tushar Handiekar,"Global Head, Infrastructure Project Finance",2019-02-20,2024-09-05,10,"Tuchar Handiekar, Tushar  Handiekar, Tushar Handiekar"
Tudor Hera,"Minister-Counsellor, Trade and Investment",2022-04-07,2023-03-24,2,Tudor Hera
Tupper Shawn,Assistant Deputy Minister,2016-02-02,2017-04-04,2,Tupper Shawn
Tushar Shakya,Senior Advisor,2015-06-05,2015-06-05,1,Tushar Shakya
Tushar Shankar,Program Lead,2018-06-13,2018-06-29,2,Tushar Shankar
Tushara Williams,"Deputy Minister, Intergovernmental Affairs",2017-10-02,2025-06-04,65,"Tushara  Williams, Tushara Williams"
Tweed Merv,Member of Parliament,2010-11-18,2010-11-18,1,Tweed Merv
Ty Bradley,Atlantic Regional Advisor,2023-09-22,2024-06-10,16,"Ty  Bradley, Ty Bradley"
Ty Curran,Director,2022-06-08,2022-09-21,5,Ty Curran
Ty Symenuk,Legislative Assistant,2022-02-17,2022-03-01,2,Ty Symenuk
Tylar French,Technical Officer,2023-10-23,2023-11-02,3,Tylar French
Tyler Baker,Senior Advisor to the Deputy Minister,2019-10-10,2019-10-10,1,Tyler Baker
Tyler Barker,Parliamentary Affairs Advisor,2018-02-14,2019-05-09,3,Tyler Barker
Tyler Bjornson,Chief of Staff,2008-11-03,2009-03-25,62,"Tyler Bjornsen, Tyler Bjornson, Tyler Bjorson"
Tyler Bjornson Tyler,Chief of Staff,2009-02-12,2009-02-12,1,"Tyler Bjornson, Tyler"
Tyler Boswell,Member of Parliament,2019-03-11,2019-03-11,1,Tyler Boswell
Tyler Brooks,"Director, Medicine",2020-11-20,2022-02-15,19,Tyler Brooks
Tyler Chapman,"Manager, Stakeholder Engagement and CCUS Policy",2020-06-10,2025-02-27,8,Tyler Chapman
Tyler Crosby,Staffer,2013-10-24,2024-11-01,7,Tyler Crosby
Tyler Dumouchel,Scientific Evaluator,2021-01-07,2021-01-14,2,Tyler Dumouchel
Tyler Foley,"Special Assistant, Atlantic Desk",2022-11-15,2023-10-05,2," Tyler  Foley, Tyler Foley"
Tyler Freeman,Regional Advisor,2021-07-20,2024-09-05,29,"Tyler  freeman, Tyler Freeman, Tyler freeman"
Tyler Hague,Senior Program Officer,2025-01-09,2025-01-09,1,Tyler Hague
Tyler Harbidge,"Site Manager, Parks",2024-09-04,2025-03-05,3,"Tyler Harbidge, Tyler Harbridge"
Tyler Mccann,Policy Advisor,2008-07-09,2015-10-06,463,"TYLER MCCANN, TYLER McCANN, Tyler MCann, Tyler McCAnn, Tyler McCaan, Tyler McCan, Tyler McCann, Tyler McCarnn, Tyler Mccann, Tylor McCann, tyler mcann, tyler mccann"
Tyler Meredith,Policy Advisor,2016-01-14,2022-09-29,706,"TYPER MEREDITH, Tyler  Meredith, Tyler  Meredith , Tyler Merdith, Tyler Meredith, Tyler Meredith , Tyler Merideth, Tyler Meridith, Tyler Merredith, Tyler Mérédith, tyler Meredith"
Tyler Minty,Senior Economist,2021-05-12,2024-09-03,26,Tyler Minty
Tyler Moule,Senior Advisor,2023-11-17,2023-11-17,1,Tyler Moule
Tyler Nash,Acting Director,2022-08-17,2023-09-19,10,"Tyler Nash, tyler nash"
Tyler Norman,"Regional Advisor, British Columbia",2021-05-21,2024-11-28,266,"Tyler  Norman, Tyler  Norman , Tyler Norman, Tyler Norman , tyler  norman"
Tyler Norsten,"Director, Operations",2024-05-09,2024-11-13,2,"Tyler  Norsten, Tyler Norsten"
Tyler Peet,"Director, Highway Operations Unit",2023-05-16,2023-05-16,1,Tyler Peet
Tyler Schaffrick,Policy Analyst,2023-09-05,2025-05-14,2,"Tyler  Schaffrick, Tyler Schaffrick"
Tyler Sommers,Deputy Director,2022-08-12,2022-08-12,1,Tyler Sommers
Tyler Wordsworth,Trade Commissioner,2022-01-06,2022-10-12,4,"Tyler Wordsworth, Tyler Wordworth"
Tylor Meredith,Director of Finance,2020-06-08,2020-06-08,1,Tylor Meredith
Tyrone Benskin,Member of Parliament,2011-06-17,2015-05-14,90,"Trone Benskin, Tyrone Benskin, Tyrone Benskin MP, Tyronne Benskin"
Tyrrell Iain,Manager | Senior Policy Advisor,2016-06-01,2016-06-01,1,Tyrrell Iain
Tyson Phillips,"Manager, Stakeholders and Outreach",2015-05-12,2015-05-12,1,Tyson Phillips
Tywana W,Associate Director,2020-05-07,2020-05-07,1,Tywana w
