CleanName_version3,CleanTitle_version3,first_appearance,last_appearance,count,dpoh_name_raw
P. Benoit,Minister's Staff,2008-07-21,2008-07-21,1,P. Benoit
P.j. Partington,"Manager, Strategic Policy",2025-02-27,2025-02-27,1,P.J. Partington
Pablo Castagnino,"Counsellor, Argentina Embassy in Canada",2024-05-28,2024-05-28,1,Pablo Castagnino
Pablo Concilio,Senior Trade Policy Officer,2022-09-21,2022-09-21,1,Pablo Concilio
Pablo Jacubovich,Policy Analyst,2020-09-02,2020-09-09,2,Pablo Jacubovich
Pablo Prodriguez,Member of Parliament,2016-05-19,2017-11-15,2,"Pablo Prodriguez, Pablo Rodreguez"
Pablo Rodriguez,Member of Parliament,2010-05-10,2024-09-13,479,"Hon Pablo Rodriguez, Hon. Pablo Rodriguez, Mr. Pablo Rodriguez, MP, Pablo Rodrigues, Pablo Rodriguez, Pablo Rodriguez , Pablo Rodriguez, M.P., Pablo Rodriquez, Pablo Rodríguez, The Hon. Pablo Rodriguez, The Honourable Pablo  Rodriguez, The Honourable Pablo  Rodriguez, M.P., P.C. , The Honourable Pablo  Rodriquez , The Honourable Pablo Rodriguez, The Honourable Pablo Rodriguez, M.P., P.C. , The Honourable Pablo Rodriquez, The Honourable Pablo Rodriquez, P.C., M.P., pablo rodriguez, the Honourable Pablo Rodriquez"
Pablo Sobrino,Associate Assistant Deputy Minister,2010-06-23,2014-05-07,23,Pablo Sobrino
Paddy Enright,Policy Analyst,2024-05-01,2024-05-01,1,Paddy Enright
Page Simon,Assistant Deputy Minister,2023-01-13,2023-01-13,1,Page Simon
Paige Inglis,Policy Analyst,2023-10-04,2023-10-04,2,Paige Inglis
Paige Ladouceur,Senior Policy Advisor,2022-12-07,2024-06-07,3,"Paige  Ladouceur, Paige Ladouceur"
Paige Reno,"Policy Analyst, Sustainable Development Policy",2016-12-01,2016-12-01,1,Paige Reno
Paille Daniel,Member of Parliament,2010-12-07,2010-12-07,1,Paillé Daniel
Pallavi Roy,Policy Advisor,2021-06-07,2021-06-07,1,Pallavi Roy
Paloma Aguilar Gonzalez,Assistant,2012-06-11,2012-06-11,1,Paloma Aguilar Gonzalez
Pam Bjornson,Director General,2013-02-04,2013-03-05,2,Pam Bjornson
Pam Dagenais,Manager,2022-05-17,2023-04-03,2,Pam Dagenais
Pam Damoff,Member of Parliament,2015-12-03,2025-04-10,579,"Pam  Damoff, Pam Damof, Pam Damoff, Pam Damoff MP, Pam Domoff, Pat Damoff"
Pam Danoff,Minister,2018-10-23,2020-05-20,2,Pam Danoff
Pam Goldsmith,Member of Parliament,2017-03-20,2017-03-20,1,Pam Goldsmith
Pam Goldsmith Jones,Member of Parliament,2016-04-19,2019-02-25,5,Pam Goldsmith Jones
Pam Goldsmith-jones,Member of Parliament,2015-11-27,2019-06-19,110,"Pam Goldsmith-Jones, Pam Goldsmith-Jones M.P."
Pam Hine,Vice President,2024-06-17,2024-06-17,1,Pam Hine
Pam Lefaive,"Director, Temporary Foreign Worker Program",2015-06-24,2024-12-04,4,"Pam Lafaive, Pam Lefaive"
Pam Lefaive Policy,Public Safety Canada,2021-03-15,2021-03-15,1,"Pam Lefaive Manager, Policy"
Pam Miles-seguin,Senior Special Assistant,2009-05-26,2009-05-26,1,Pam Miles-Séguin
Pam Miller,Director General,2009-12-08,2019-07-10,14,"Pam Miller, Paul Miller, pam Miller"
Pam Moss,"Director, Information, Communication and Manufacturing",2011-05-18,2011-05-18,1,Pam Moss
Pam O'leary,Director of Communications,2013-03-19,2013-03-19,1,Pam O'Leary
Pam Ross,Staffer to Senator,2022-01-11,2022-01-11,1,Pam Ross
Pam Turpin,Executive Director,2021-02-25,2022-01-27,7,Pam Turpin
Pam Wallin,Senator,2019-02-27,2019-02-27,1,Pam Wallin
Pamela Arnott,Associate Director General,2022-09-23,2022-09-23,1,Pamela Arnott
Pamela Aung Thin,Associate Assistant Deputy Minister,2020-03-10,2021-12-17,3,"Pamela  Aung Thin, Pamela Aung Thin, Pamela Aung Thing"
Pamela Aung-thin,Associate Assistant Deputy Minister,2020-02-10,2025-05-05,58,"Pamela  AUNG-THIN, Pamela Aung-Thin, Pamela Aung-Thin "
Pamela Clarke,Senior Program Officer,2020-11-04,2020-11-04,1,Pamela Clarke
Pamela Damoff,Member of Parliament,2020-12-15,2023-02-09,3,"Pamela Damdoff, Pamela Damoff"
Pamela Danoff,Parliamentary Secretary,2020-04-17,2020-04-17,1,Pamela Danoff
Pamela Duggan,Constituency Assistant,2022-01-12,2023-11-06,2,Pamela Duggan
Pamela Eades,Chief of Staff,2023-10-18,2023-10-18,1,Pamela Eades
Pamela French,Manager | Senior Policy Advisor,2016-01-27,2016-01-27,1,Pamela French
Pamela Goldsmith,Parliamentary Secretary,2017-04-10,2017-04-10,1,Pamela Goldsmith
Pamela Goldsmith Jones,Member of Parliament,2016-06-03,2018-11-11,13,"Pamela Goldsmith Jones, pamela goldsmith jones"
Pamela Goldsmith-jones,Member of Parliament,2015-11-17,2019-09-10,151,"Pamela Goldsmith - Jones, Pamela Goldsmith-Jones"
Pamela Gordon,Deputy Head of Cooperation,2021-07-26,2025-04-01,2,Pamela Gordon
Pamela Harrison,"Director General, Community Engagement",2024-06-07,2024-06-07,1,Pamela  Harrison
Pamela Hine,"Vice President, Housing Solutions",2024-05-06,2024-05-06,2,Pamela Hine
Pamela Hunt,Manager,2016-07-13,2016-07-13,1,Pamela Hunt
Pamela Jones,Senior Policy Advisor,2023-12-04,2023-12-04,1,Pamela Jones
Pamela Lefaive,Director,2024-11-19,2025-03-05,5,"Pamela  Lefaive, Pamela Lefaive, Pamela Lefaive "
Pamela Macdonald,Executive Director,2024-09-05,2024-10-30,3,Pamela MacDonald
Pamela Mccoll,Senior Policy Analyst,2016-08-16,2016-08-16,1,Pamela McColl
Pamela Mccurry,Assistant Deputy Minister,2016-05-17,2016-05-17,1,Pamela McCurry
Pamela Miller,Director General,2009-03-19,2021-07-09,36,Pamela Miller
Pamela Mintern,"Assistant Director, Communications Central-South",2023-05-26,2023-05-26,1,Pamela Mintern
Pamela Moss,"Director, Manufacturing, Communications and Technologies",2013-10-15,2019-06-06,2,Pamela Moss
Pamela Presley,Industrial Technology Advisor,2017-12-08,2018-02-06,4,Pamela Presley
Pamela Simpson,Manager,2014-06-26,2022-11-24,9,"Pamela  Simpson, Pamela Simpson"
Pamela Stephens,Press Secretary,2010-08-16,2010-08-16,1,Pamela Stephens
Pamela Turpin,Acting Director,2012-10-24,2024-05-27,7,"Pamela  Turpin , Pamela Turpin"
Pamela Wallin,Senator,2009-02-10,2024-10-15,105,"Hon. Pamela Wallin, Pamela Wallin, Senator Pamela Wallin, The Honourable Senator Pamela Wallin"
Pamela Widdis,Executive Assistant,2012-09-14,2012-09-14,1,Pamela Widdis
Pamela Wolfe Roberge,Director,2020-03-25,2020-03-25,1,Pamela Wolfe Roberge
Pamela Wolfe-roberge,Senior Policy Advisor to the Deputy Minister,2018-08-22,2018-08-22,1,Pamela Wolfe-Roberge
Pana Merchant,Senator,2010-09-28,2017-02-07,34,Pana Merchant
Panagiota Koroneo,Policy Advisor,2022-10-05,2022-10-05,1,Panagiota Koroneo
Pankaj Dau,Constituency Assistant,2015-05-22,2015-05-22,1,Pankaj Dau
Pankaj Sehgal,Assistant Deputy Minister,2016-11-21,2025-01-21,22,"Pankaj Sehgal, pankaj Sehgal"
Panthea Pourmalek,Policy Advisor,2023-12-18,2024-10-25,2,Panthea Pourmalek
Paola Mellow,Director,2012-05-02,2025-05-26,87,"Paola Mallow, Paola Mellow, Paola Mellows, Paolla Mellow, Paolo Mellow, Paula Mellow, Paulo Mellow"
Paola Vasquez,Policy Advisor,2020-02-18,2024-03-22,8,"Paola  Vasquez , Paola Vasquez, Paola Vasquez "
Paola Zurro,Director,2018-12-18,2019-09-13,6,Paola Zurro
Paolo Diemanuele,Economic Development Officer,2022-11-07,2022-11-07,1,Paolo Diemanuele
Paolo Utano,Sector Advisor,2011-07-05,2011-07-05,1,Paolo Utano
Pappalardo Nicolas,Chief of Staff,2015-02-05,2015-02-05,1,Pappalardo Nicolas
Paradis Christian,"Minister, Natural Resources",2011-03-07,2011-03-07,1,Paradis Christian
Parag Buch,Subject Matter Technical Specialist,2017-10-04,2017-11-21,2,Parag Buch
Pardeep Ahluwalia,Director General,2010-10-07,2010-10-07,1,Pardeep Ahluwalia
Parenteau Jean-bernard,"Director, Central Africa and the Great Lakes",2011-04-21,2011-04-21,1,Parenteau Jean-Bernard
Patrick Borbey,Associate Deputy Minister,2008-07-15,2019-11-12,93,"Parick Borbey, Patrick Barbey, Patrick Borbey, Patrick Bourbey"
Parker Frank,Policy Advisor,2014-09-30,2014-09-30,1,Parker Frank
Parker Varnai,Staffer,2022-05-25,2025-01-31,13,Parker Varnai
Parm Bains,Member of Parliament,2021-11-05,2025-06-11,134,"Parm  Bains , Parm Bains"
Parm Gill,Member of Parliament,2011-06-14,2015-07-21,56,"PARM GILL, Parm Gill"
Parmar Amanpreet,Executive Assistant,2023-03-01,2023-03-01,1,Parmar  Amanpreet
Parnell Pachal,Innovation Officer,2021-03-04,2021-05-05,3,Parnell Pachal
Parsa Afshar,Junior Policy Analyst,2024-10-29,2024-12-05,3,Parsa Afshar
Parthi Muthukumarasamy,Executive Director,2013-02-09,2025-04-16,3,Parthi Muthukumarasamy
Parthiban Muthukumarasamy,"Director, Meat Division",2013-03-05,2023-08-23,7,"Dr. Parthiban Muthukumarasamy, Parthiban Muthukumarasamy"
Parvinder Sachdeva,Policy Advisor,2016-02-17,2021-03-31,836,"PARVINDER SACHDEVA, Parvider Sachdeva, Parvidner Sachdeva, Parvinder Sachdeeva, Parvinder Sachdera, Parvinder Sachdeva, Parvinder Sachdever, Parvinder Sachedva, Parvinder Sacheva, Parvinder sachdeva, Pavidner Sachdeva, Pavinder Sachdeva, parvinder sachdeva"
Parvinder Sachedeva,Deputy Chief of Staff,2020-12-16,2020-12-16,1,Parvinder Sachedeva
Parvinder Singh Sachdeva,Policy Advisor,2016-10-20,2016-12-05,3,Parvinder Singh Sachdeva
Pascal Blais,Market Analyst,2018-10-10,2018-10-10,1,Pascal Blais
Pascal Dumont,Manager,2017-05-03,2017-05-03,1,Pascal Dumont
Pascal Gagnon,Manager,2022-10-21,2022-10-21,1,Pascal Gagnon
Pascal Girard,"Director General, North/Atlantic/Ontario",2022-11-01,2024-10-29,4,"Pascal  Girard, Pascal Girard, Pascale Girard"
Pascal Hugo- Plourde,Director,2021-04-21,2021-04-21,1,Pascal Hugo- Plourde
Pascal Klatt,Senior Economist,2011-05-26,2019-06-25,3,Pascal Klatt
Pascal Laverdure,Program Officer,2023-01-09,2023-01-09,1,Pascal Laverdure
Pascal Lemay,Economic Research Analyst,2020-05-22,2020-05-22,1,Pascal Lemay
Pascal Lesage,Acting Unit Head,2022-10-19,2024-05-24,9,"Pascal Lesage, Pascal Lesage "
Pascale Massot,Senior Policy Advisor,2016-01-26,2020-12-16,71,"Dr. Pascale Massot, Pascal Massot, Pascale Massot"
Pascal Medieu,"Assistant Director, Education and Training",2017-03-02,2018-01-18,6,Pascal Médieu
Pascal Michel,Chief Science Officer,2016-09-02,2023-10-05,14,"Dr Pascal Michel, Pascal Michel"
Pascal Ricard,Constituency Assistant,2019-04-25,2019-04-25,1,Pascal Ricard
Pascal Roberge,Director,2021-08-17,2021-08-17,1,Pascal Roberge
Pascal Seguin,Policy Advisor,2023-12-13,2024-05-01,2,Pascal Seguin
Pascal Tanguay,Acting Director,2023-04-25,2023-04-25,1,Pascal Tanguay
Pascal Tremblay,Analyst,2015-04-20,2015-04-20,1,Pascal Tremblay
Pascal Verville,Manager,2008-08-26,2023-12-01,2,Pascal Verville
Pascal-pierre Paille,Member of Parliament,2010-09-28,2011-03-02,5,"Pascal Pierre-Paille, Pascal-Pierre Paille, Pascal-Pierre Paillé"
Pascale,Member of Parliament,2024-02-02,2024-02-02,1,The Honourable  Pascale 
Pascale Archambault,Principal Director,2024-01-16,2024-02-16,2,"Pascale  Archambault, Pascale Archambault "
Pascale Boulerice,Director General,2021-05-05,2024-12-19,18,"Pascale  Boulerice, Pascale Boulerice, pascale Boulerice, pascale boulerice"
Pascale Champagne,"Director General, Energy, Mining and Environment",2023-07-31,2023-07-31,1,Pascale Champagne
Pascale Charbonneau,Executive Assistant to the Deputy Minister,2024-04-11,2024-04-11,1,Pascale Charbonneau
Pascale Collas,Senior Policy Advisor,2020-01-31,2020-01-31,1,Pascale Collas
Pascale Dugre Sasseville,Chief,2011-02-17,2011-02-17,1,Pascale Dugre Sasseville
Pascale Dugre-sasseville,"Director, Financial Institutions",2009-03-05,2023-05-11,35,"Pascale Dugre-Sassevile, Pascale Dugre-Sasseville, Pascale Dugree-Sasseville, Pascale Dugré-Sasseville"
Pascale Giguere,Director and General Counsel,2017-11-07,2017-11-07,1,Pascale Giguère
Pascale Groulx,Policy Advisor,2013-11-18,2013-11-18,1,Pascale Groulx
Pascale Marchand,Senior Advisor to the Assistant Deputy Minister,2020-06-01,2020-06-01,1,Pascale Marchand
Pascale Montminy,Assistant Deputy Minister,2024-02-19,2024-02-19,1,Pascale  Montminy
Pascale Robichaud,Chief of Staff,2018-03-12,2018-03-12,1,Pascale Robichaud
Pascale Saulnier,"Canadian Forces, Pension Office",2018-04-09,2018-04-09,1,Pascale Saulnier
Pascale St-onge,"Minister, Canadian Heritage",2021-10-29,2025-03-01,138,"Hon. Pascale St-Onge, Pascale  St-Onge, Pascale  St. Onge, Pascale  St. Onge , Pascale St-Onge, Pascale St-Onge , Pascale St. Onge, The Honourable Pascale  St-Onge "
Pascaline Yayi,"Assistant, Committee",2023-11-28,2023-11-28,1,Pascaline Yayi
Pasquale Salvaggio,Director,2023-11-01,2024-01-08,3,"Pasqauale Salvaggio, Pasquale Salvaggio"
Pat Bovey,Senator,2017-10-23,2017-10-23,1,Pat Bovey
Pat Breton,Director General,2016-05-24,2018-05-29,6,"Pat Brenton, Pat Breton"
Pat Brown,Member of Parliament,2010-11-02,2010-11-02,1,Pat Brown
Pat Buchik,"Manager, Heritage Conservation",2013-05-10,2013-05-10,1,Pat Buchik
Pat Comtois,"Director, Vendor Relations",2018-02-12,2018-05-29,2,Pat Comtois
Pat Davidson,Member of Parliament,2010-09-21,2015-04-28,72,Pat Davidson
Pat Dorsay,"Acting Vice President, Nova Scotia",2017-01-26,2017-01-26,1,Pat Dorsay
Pat Dorsey,"Vice President, ACOA PEI and Tourism",2018-06-05,2019-12-17,2,Pat Dorsey
Pat Duncan,Senator,2019-05-07,2024-12-04,42,Pat Duncan
Pat Finnigan,Member of Parliament,2013-02-06,2021-06-18,258,"PAT FINNIGAN, Pat Finigan, Pat Finn, Pat Finnegan, Pat Finngan, Pat Finnigan, Pat Finnigan, M.P., Pat Finningan, Pat Flannigan, Patt Finnigan, pat finnigan"
Pat Gunn,Constituency Assistant,2023-02-27,2023-02-27,2,Pat Gunn
Pat Kelly,Member of Parliament,2016-01-21,2025-03-06,231,"Pat  Kelly, Pat Kelley, Pat Kelly"
Pat Lynch,Chief of Staff,2009-11-25,2009-11-25,1,Pat Lynch
Pat Martin,Member of Parliament,2009-03-03,2015-04-29,27,Pat Martin
Pat Ockwell,"Deputy Director, East Europe",2011-10-17,2011-10-17,1,Pat Ockwell
Pat Perkins,Member of Parliament,2015-01-24,2015-07-09,21,Pat Perkins
Pat Perry,Director General,2008-10-31,2008-10-31,1,Pat Perry
Pat Rondeau,Office Manager,2012-08-22,2012-08-22,1,Pat Rondeau
Pat Stewart,"Director General, Marketed Health Products Directorate",2014-06-04,2017-05-16,2,Pat Stewart
Pat Tobin,Director General,2015-04-01,2016-11-09,2,Pat Tobin
Patirce Nadeau,Associate Assistant Deputy Minister,2019-07-18,2019-07-18,1,Patirce Nadeau
Patrick Pereira,Regional Advisor,2021-08-18,2023-12-13,103,"Patrcik Pereira, Patrick  Pereira, Patrick Pereira, Patrick Pereira , Patrick Periera, patrick  periera"
Patrick Cousineau,Deputy Chief of Staff | Director of Policy,2008-07-15,2024-12-09,198,"PATRICK COUSINEAU, Patric Cousineau, Patrick Couseneau, Patrick Couseneua, Patrick Cousineau, Patrick Cousinesau, Patrick D Cousineau, Patrick D. Cousineau, Patrock Cousineau"
Patric Fournier-savard,Survey Manager,2024-07-04,2024-09-09,4,Patric Fournier-Savard
Patricia Beh,Director of Policy,2018-09-12,2023-01-16,95,"Patrica Beh, Patricai Beh, Patricia Beh"
Patricia Brady,Vice President,2015-10-14,2024-11-19,76,"Patrica Brady, Patricia  Brady, Patricia  Brady , Patricia Brady, Patricia Brady "
Patrica Fuller,Director General,2017-05-18,2017-05-18,1,Patrica Fuller
Patrica Pena,Director General,2014-12-09,2015-12-18,3,Patrica Pena
Patrice Cousineau,"Advisor, Political and Economic",2014-03-07,2014-03-07,1,Patrice Cousineau
Patrice Finnigan,Member of Parliament,2016-02-02,2018-08-28,8,"Patrice Finnigan, Patrick Finnigan"
Patrice Guindon,"Director, Global Accounts – Infrastructure and Financial Services",2017-04-27,2017-04-27,1,Patrice Guindon
Patrice Leblanc,"Acting Director General, Habitat Management",2008-07-21,2010-01-26,2,Patrice LeBlanc
Patrice Lepage,Senior Investment Analyst,2024-10-03,2024-11-28,7,Patrice Lepage
Patrice Nadeau,"Assistant Deputy Minister, Network and Security Services",2016-10-24,2025-03-14,51,"Patrice  Nadeau, Patrice Nadeau"
Patrice Rondeau,Acting Senior Assistant Deputy Minister,2015-09-09,2017-05-17,7,Patrice Rondeau
Patrice Simon,Director General,2010-10-07,2024-11-18,8,Patrice Simon
Patricia Atkinson,"Policy Advisor, Humanitarian Affairs Group",2012-01-30,2012-01-30,1,Patricia Atkinson
Patricia Bell,Press Secretary,2016-08-08,2016-08-10,2,Patricia Bell
Patricia Benmtolila,"Director, Energy Structured and Project Finance",2020-04-06,2020-04-06,1,Patricia Benmtolila
Patricia Bentolila,"Director, Energy, Structured and Project Finance",2024-03-01,2024-03-01,1,Patricia Bentolila
Patricia Best,Director of Communications,2011-10-18,2015-07-24,12,Patricia Best
Patricia Bovey,Senator,2016-11-24,2023-04-24,92,"Hon. Patrice Bovey, Patricia Bovey, Senator Patricia Bovey, The Honourable Patricia Bovey, patricia bovey"
Patricia Carpentier-mathe,Strategic Advisor,2025-05-08,2025-05-08,1,Patricia Carpentier-Mathé
Patricia Davidson,Member of Parliament,2010-09-21,2015-05-12,111,"Patricia Davidson, Patricia Davidson, M.P."
Patricia De Mille,Senior Compliance Officer,2024-02-28,2025-03-27,4,"Patricia De Mille, Patricia DeMille"
Patricia Dechman,"Acting Associate Director, Policy, Planning and International Affairs Directorate",2024-10-23,2024-10-23,1,Patricia Dechman
Patricia Duncan,Senator,2019-02-21,2023-11-06,3,Patricia Duncan
Patricia Dupuis,Manager,2021-08-19,2024-04-15,7,"Patricia  Dupuis, Patricia Dupuis"
Patricia Edouarzin,Member's Assistant,2011-11-23,2011-11-23,1,Patricia Edouarzin
Patricia Elliot,Acting Director and Senior Trade Commissioner,2013-05-16,2013-05-16,1,Patricia Elliot
Patricia Elliott,Consul | Senior Trade Commissioner,2014-11-13,2018-08-23,2,Patricia Elliott
Patricia Evanoff,"Senior Director, Legislation, Approvals and Strategic Policy",2012-06-01,2013-07-08,2,Patricia Evanoff
Patricia Fornarolo,Chief Information Officer,2022-02-14,2022-02-14,1,Patricia  Fornarolo
Patricia Fuller,"Ambassador, Climate Change",2014-04-23,2021-12-08,56,Patricia Fuller
Patricia Hassard,Deputy Cabinet Secretary,2010-04-30,2012-02-29,2,Patricia Hassard
Patricia Hearn,Executive Director,2016-03-04,2016-03-04,1,Patricia Hearn
Patricia Jane Duncan,Senator,2019-04-02,2019-04-02,1,Patricia Jane Duncan
Patricia Kania,Acting Manager,2014-05-16,2014-05-16,1,Patricia Kania
Patricia Kell,Director General,2017-12-13,2023-09-03,9,"Patricia  Kell, Patricia Kell"
Patricia Kelly,Veterinary Program Officer,2022-11-21,2022-11-21,1,Patricia  Kelly
Patricia Kosseim,Senior General Counsel and Director General,2014-09-04,2014-12-09,2,Patricia Kosseim
Patricia Langan-torell,Director and Senior Trade Commissioner,2017-02-08,2017-04-21,3,Patricia Langan-Torell
Patricia Lattanzio,Member of Parliament,2020-03-06,2024-07-15,57,"Patricia  Lattanzio , Patricia Latanzio, Patricia Lattanzio"
Patricia Laviolette,"Director General, Financial Operations",2010-12-06,2011-10-26,2,Patricia Laviolette
Patricia Lefebour,Constituency Assistant,2021-11-15,2022-03-09,2,Patricia LeFebour
Patricia Maccaughan,Senior Project Officer,2015-01-15,2022-07-27,10,Patricia MacCaughan
Patricia Maclellan,Manager,2017-07-18,2017-07-18,1,Patricia MacLellan
Patricia Malikail,Director General,2009-02-10,2015-09-22,18,Patricia Malikail
Patricia Mcallister,Acting Director,2017-08-23,2024-11-20,2,Patricia McAllister
Patricia Mcbride,Senior Program Officer,2019-02-25,2019-02-25,1,Patricia McBride
Patricia Mcdowell,"Vice President, Regulatory Affairs",2008-07-13,2010-06-03,4,"Patricia MacDowell, Patricia McDowell"
Patricia Mckeage,Manager,2024-09-12,2024-09-12,1,Patricia McKeage
Patricia Morcos,Parliamentary Secretary,2019-05-29,2019-05-29,1,Patricia Morcos
Patricia Mortimer,Executive Vice President and Secretary General,2013-03-13,2013-03-13,1,Patricia Mortimer
Patricia Pena,Assistant Deputy Minister,2012-08-15,2025-05-22,80,"Patricia   Peña, Patricia  Pena, Patricia  Peña, Patricia Pena, Patricia Peña, Patricia Peña "
Patricia Perkins,Member of Parliament,2015-05-12,2015-05-12,1,Patricia (Pat) Perkins
Patricia Roset Zuppa,"Vice President, Policy Development",2022-02-24,2022-02-24,1,Patricia  Roset Zuppa
Patricia Roset-zuppa,"Vice President, Policy",2020-05-01,2024-11-22,37,"Patricia  Roset-Zuppa, Patricia  Roset-zuppa, Patricia Roset-Zuppa"
Patricia Rosher,Assistant Chief Commissioner,2022-02-08,2022-10-26,4,"Patricia  Rosher, Patricia Rosher"
Patricia Rouillard,Manager,2020-06-11,2020-06-11,1,Patricia Rouillard
Patricia Roy-papineau,Senior Analyst,2024-05-29,2024-05-29,1,Patricia  Roy-Papineau
Patricia Rozet-zuppa,Director of Policy,2020-02-18,2020-02-18,1,Patricia Rozet-Zuppa
Patricia Salibury,Manager,2016-04-27,2016-04-27,1,Patricia Salibury
Patricia Sauve-mccuan,"Director, Common Administrative Services",2019-12-05,2019-12-05,1,Patricia Sauvé-McCuan
Patricia Sibal,Senior Policy Advisor,2022-02-28,2025-02-14,284,"Paticia Sibal, Patricia  Sibal, Patricia  Sibal , Patricia  Sibbal, Patricia (""Trish"") Sibal, Patricia Sibal, Patricia Sibald, Patricia Sibbal, Patricia Sibel, Patricia Sibil, Patricia Sidal, patricia Sibal, patricia sibal"
Patricia Wilson,Director General,2016-09-21,2024-02-14,5,"Patricia  Wilson, Patricia Wilson"
Patricia-anne Cote,Senior Director,2023-04-21,2025-03-13,6,"Patricia-Anne Cote, Patricia-Anne Coté"
Patrick Adams,Duty,2020-10-26,2020-10-26,1,Patrick Adams
Patrick Amyot,"Assistant Deputy Minister, Corporate Management Branch | Chief Financial Officer",2020-07-29,2023-08-30,3,Patrick Amyot
Patrick Ballay,Acting Director,2021-10-13,2023-09-19,28,"Patrick  Ballay, Patrick Ballay"
Patrick Barthold,Director,2021-06-10,2021-06-10,1,Patrick Barthold
Patrick Beatty,Student,2011-07-27,2011-07-27,1,Patrick Beatty
Patrick Beaulieu,"Director, Accounts",2019-09-17,2019-09-17,1,Patrick Beaulieu
Patrick Blanar,Director,2013-09-17,2025-03-06,58,"Patrick  Blanar, Patrick Blanar, Patrick Blanar , Patrick Blanard"
Patrick Boie,Senior Communications Advisor,2024-02-06,2024-02-06,1,Patrick  Boie
Patrick Bonin,Policy Advisor,2024-12-11,2025-05-13,6,Patrick Bonin
Patrick Boucher,Senior Assistant Deputy Minister,2011-10-20,2025-04-23,35,"Patrick  Boucher, Patrick Boucher, Patrick Boucher "
Patrick Boulanger,"Deputy Director, Permits",2009-08-19,2012-12-19,2,Patrick Boulanger
Patrick Bourbay,Assistant Deputy Minister,2009-06-18,2009-09-11,5,Patrick Bourbay
Patrick Bourque,Economic Development Officer,2025-01-09,2025-01-10,2,"Patrick  Bourque, Patrick Bourque"
Patrick Braid,Member of Parliament,2012-03-28,2012-03-28,1,Patrick Braid
Patrick Brazeau,Senator,2010-10-06,2024-12-12,17,"Patrick Brazeau, Patrick brazeau"
Patrick Breton,Director,2021-07-15,2021-07-15,1,Patrick Breton
Patrick Brown,Member of Parliament,2009-02-13,2017-08-01,188,"Partick Brown, Patrick Brown, Patrick Brown, M.P., Patrick Brown, MP, patrick brown"
Patrick Brown Brown,Member of Parliament,2010-11-24,2010-11-24,1,Patrick Brown Brown
Patrick Bussiere,Director,2022-05-17,2022-05-17,1,Patrick Bussiere
Patrick Carpentier,Brigadier General,2021-04-30,2021-04-30,1,Patrick Carpentier
Patrick Casey,Staffer,2016-04-18,2016-04-18,1,Patrick Casey
Patrick Chabot,Managing Director,2024-01-12,2024-09-11,5,"Patrick  Chabot, Patrick Chabot"
Patrick Charbonneau,President and Chief Executive Officer,2024-02-05,2024-05-31,3,"Patrick  Charbonneau, Patrick Charbonneau"
Patrick Chevalier,Director,2012-05-15,2012-09-26,3,Patrick Chevalier
Patrick Cloutier,Senior Policy Advisor,2019-08-06,2023-05-11,2,Patrick Cloutier
Patrick Comtois,Director General,2019-01-25,2025-05-26,28,"Patrick  Comtois, Patrick Comtois"
Patrick Courcelles,Consul and Trade Commissioner,2022-12-21,2022-12-21,1,Patrick Courcelles
Patrick Couslneau,Senior Strategic Advisor,2019-02-21,2019-02-21,1,Patrick Couslneau
Patrick Cyr,Manager,2020-10-28,2021-03-15,6,Patrick Cyr
Patrick De Sousa Lahey,Member of Parliament,2013-07-24,2013-07-24,1,Patrick de Sousa Lahey
Patrick Delorme,Policy Analyst,2022-04-25,2022-04-25,1,Patrick Delorme
Patrick Dermody,Parliamentary Assistant,2019-05-07,2019-05-07,1,Patrick Dermody
Patrick Donnelly,Chief of Staff,2011-07-06,2011-07-19,5,Patrick Donnelly
Patrick Dorsey,"Vice President, PEI and Tourism",2016-07-18,2025-03-10,44,Patrick Dorsey
Patrick Durocher,Caucus Liaison,2022-05-17,2022-05-17,1,Patrick Durocher
Patrick Egit,Policy Advisor,2019-06-20,2024-10-31,12,"Patrick  Egit, Patrick Egit"
Patrick Finn,Assistant Deputy Minister,2009-07-10,2019-07-24,64,"PATRICK FINN, Patrick Finn"
Patrick Flansberry,Administrative Assistant,2017-10-16,2017-11-20,2,Patrick Flansberry
Patrick Fleming,Policy Analyst,2021-04-20,2021-04-20,1,Patrick Fleming
Patrick Forest,Director,2023-02-16,2024-02-14,4,Patrick Forest
Patrick Fournier,Research and Analysis Officer,2022-04-26,2022-05-10,3,Patrick Fournier
Patrick Giroux,Economic Development Officer,2018-10-15,2019-01-08,2,Patrick Giroux
Patrick Gorman,Senior Investment Analyst,2022-10-11,2022-10-11,1,Patrick Gorman
Patrick Gosselin,Manager | Senior Policy Advisor,2016-11-28,2018-05-03,3,Patrick Gosselin
Patrick Gregoire,Staffer,2017-01-31,2018-01-25,4,"Patrick Grégoire, patrick gregoire"
Patrick Haggerty,Manager,2016-06-21,2017-09-22,2,Patrick Haggerty
Patrick Halley,Assistant Deputy Minister,2012-09-26,2025-06-05,237,"PATRICK HALLEY, Patrick   Halley, Patrick  Halley, Patrick  Halley , Patrick Haley, Patrick Halley, Patrick Halley "
Patrick Healy,Senior Chief,2015-03-30,2015-03-30,1,Patrick Healy
Patrick Hebert,Embassy of Canada,2020-10-22,2020-10-22,1,Patrick Hebert
Patrick Heign,Administrative Assistant,2022-07-05,2022-07-05,1,Patrick Heign
Patrick Hill,Executive Director and Senior General Counsel,2021-05-04,2021-05-20,2,Patrick Hill
Patrick Hines,Deputy Director,2022-05-27,2024-06-03,2,Patrick Hines
Patrick Hollier,Member's Assistant,2010-10-06,2010-10-06,1,Patrick Hollier
Patrick Hughes,Senior Economist,2014-01-15,2015-02-03,3,Patrick Hughes
Patrick Hum,Senior Director,2013-05-28,2025-05-29,146,"Patrick  Hum, Patrick Hum, Patrick Humm, patrick hum"
Patrick Huot,Officer,2018-12-19,2018-12-19,1,Patrick Huot
Patrick Hurens,"Director, Business Services to Manufacturing and Consumer Products",2014-11-20,2014-11-20,1,Patrick Hurens
Patrick Imbeau,"Advisor, Office of the Leader of the Opposition",2011-11-29,2011-11-29,2,Patrick Imbeau
Patrick Juneau,"Director, Aviation Safety Policy and Intelligence",2020-11-20,2023-04-20,35,Patrick Juneau
Patrick Kelly,Director General,2020-04-08,2025-05-22,11,"Patrick  Kelly, Patrick Kelly"
Patrick Kennedy,Director of Policy,2014-09-10,2014-09-10,1,Patrick Kennedy
Patrick Koch,"Unit Head, Technical Analysis",2018-09-26,2018-09-26,1,Patrick Koch
Patrick Latour,First Vice President,2015-05-21,2015-05-21,1,Patrick Latour
Patrick Lemay,Deputy Director,2023-06-14,2024-07-15,2,Patrick Lemay
Patrick Lloyd Brennan,Program Officer,2023-04-26,2023-04-26,1,Patrick Lloyd Brennan
Patrick Macintyre,"Policy Advisor to Minister of State, Science and Technology",2011-06-27,2012-10-26,4,Patrick MacIntyre
Patrick Macneill,Telecommunications Analyst,2019-02-04,2019-02-04,1,Patrick MacNeill
Patrick Mangan,Parliamentary Secretary Assistant,2022-02-08,2024-06-11,91,"Patrick  Mangan, Patrick  Mangan , Patrick Magan, Patrick Mangan, patrick mangan"
Patrick Managan,"Advisor, Ontario",2022-09-01,2022-09-01,1,Patrick Managan
Patrick Mcdonnell,Sergeant-at-Arms,2022-10-11,2024-01-15,2,Patrick McDonnell
Patrick Mcevenue,Acting Director,2021-02-02,2021-02-02,1,Patrick McEvenue
Patrick Mcintyre,Director of Policy,2009-11-23,2013-06-27,126,"Patrick McCintyre, Patrick McIntrye, Patrick McIntyre"
Patrick Mckinnon,"Director, General Operations",2020-10-08,2020-10-08,1,Patrick McKinnon
Patrick Mcnairnay,Senior Advisor,2020-04-27,2020-04-27,1,Patrick McNairnay
Patrick Mercier,Policy Advisor,2012-08-08,2014-03-13,273,"PATRICK MERCIER, Patirck Mercier, Patrck Mercier, Patrick Mercieer, Patrick Mercier"
Patrick Morissette,Director,2019-06-19,2019-06-19,1,Patrick Morissette
Patrick Murray-savard,Senior Administrative Assistant,2024-05-30,2024-05-30,1,Patrick Murray-Savard
Patrick Muttart,Deputy Chief of Staff,2008-11-17,2009-04-21,8,"PATRICK MUTTART, Patrick Muttart"
Patrick Mvudi,"Director, Transformation and Operational Effectiveness",2020-03-03,2020-03-03,1,Patrick Mvudi
Patrick Naud,Senior Policy Officer,2023-08-24,2023-08-24,1,patrick Naud
Patrick O'neill,Director General,2010-06-16,2016-01-27,3,Patrick O'Neill
Patrick Parisot,Ambassador,2010-11-16,2017-01-09,4,Patrick Parisot
Patrick Patrick Mcintyre,Director of Policy,2011-11-15,2011-11-15,1,Patrick Patrick McIntyre
Patrick Paul,"Digital Advisor, Facility Renewal",2024-05-09,2024-05-09,1,Patrick  Paul
Patrick Pearce,Deputy Director,2021-04-20,2024-12-13,3,Patrick Pearce
Patrick Pilot,Senior Programs Officer,2022-01-18,2022-01-18,1,Patrick Pilot
Patrick Plouffe,Senior Corporate Regulatory and Enforcement Advisor,2020-10-01,2020-10-01,2,Patrick Plouffe
Patrick Poirier,"Project Manager, Hydrogen",2024-03-20,2024-03-20,1,Patrick Poirier
Patrick Quealey,Director,2016-07-19,2017-10-17,3,Patrick Quealey
Patrick Riel,Partnership and Programming,2020-02-26,2023-10-04,4,Patrick Riel
Patrick Robitaille,"Vice President, Business Development",2020-02-18,2020-02-18,1,Patrick Robitaille
Patrick Rodgers,Policy Advisor,2014-11-04,2015-04-08,6,Patrick Rodgers
Patrick Rogers,Director of Policy,2009-03-31,2015-07-29,140,"Patrick Roger, Patrick Rogers, patrick rogers"
Patrick Sabourin,Director,2018-01-22,2018-01-22,1,Patrick Sabourin
Patrick Segsworth,Deputy Director,2024-04-10,2024-04-10,1,Patrick Segsworth
Patrick Smith,Senior Analyst,2019-12-23,2022-06-22,4,Patrick Smith
Patrick Speck,Director of Operations,2016-10-04,2024-11-26,6,Patrick Speck
Patrick Spicer,Analyst,2022-10-12,2024-10-29,3,Patrick Spicer
Patrick St-jacques,Parliamentary Secretary,2020-01-28,2020-12-11,3,Patrick St-Jacques
Patrick Stewart,Director General,2012-07-03,2020-01-31,4,"Dr. Patrick Stewart, Patrick Stewart"
Patrick Tanguy,Assistant Deputy Minister,2012-01-12,2021-12-10,49,"Patrick Tanguay, Patrick Tanguy"
Patrick Tavers,"Senior Advisor, Global Affairs",2023-02-07,2023-02-07,1,Patrick Tavers
Patrick Tobin,Director General,2015-02-06,2016-10-10,9,Patrick Tobin
Patrick Travers,Policy Advisor,2016-01-29,2025-02-21,207,"Patrick  Travers, Patrick  Travers , Patrick Travers, Patrick Travers , Patrick Traverse"
Patrick Tuns,Assistant to the Member,2015-03-20,2015-03-20,2,Patrick Tuns
Patrick Uguccioni,Legislative Assistant,2024-01-17,2024-08-19,13,"Patrick  Uguccioni, Patrick Uguccioni, Patrick Uguccioni , Patrick Ujuccioni, patrick uguccioni"
Patrick Van Gheel,"Ambassador, Embassy of Belgium in Canada",2024-05-28,2024-05-28,1,Patrick Van Gheel
Patrick Vaughan,"Special Assistant, Communications and Stakeholder Relations Manager",2023-01-16,2023-05-17,17,"Patrick  Vaughan, Patrick  Vaughan , Patrick Vaughan"
Patrick Vaughn,Policy Advisor,2023-02-03,2023-05-03,3,Patrick Vaughn
Patrick Verrault,"Deputy Director, Food Policy",2022-11-16,2022-11-16,1,Patrick Verrault
Patrick Verreault,"Deputy Director, Analysis and Framework Development",2022-05-09,2024-02-26,10,Patrick Verreault
Patrick Vincent,"Director General, Regional",2020-08-18,2020-09-16,2,Patrick Vincent
Patrick Watson,Senior Policy Analyst,2020-07-07,2020-07-07,1,Patrick Watson
Patrick Weiler,Member of Parliament,2019-12-18,2025-05-28,390,"Mr. Patrick Weiler, Patrick  Weiler, Patrick  Weiler , Patrick Weiler, Patrick Weiler , Patrick Weller"
Patrick White,Parliamentary Secretary Assistant,2013-10-30,2014-11-27,5,Patrick White
Patrick Wittman,Director of Operations,2015-08-06,2015-08-06,1,Patrick Wittman
Patrick Wittmann,Ambassador of Canada to Switzerland and Liechtenstein,2012-04-19,2025-03-24,5,Patrick Wittmann
Patrick Wolfe,Senior Investment Manager,2019-05-01,2024-11-27,9,Patrick Wolfe
Patrick Wright,Policy Analyst,2023-09-12,2023-09-12,1,Patrick Wright
Patrickhum Hum,Acting Director General,2024-06-18,2024-06-18,1,PatrickHum Hum
Patrizia Giolti,"Acting Director, Public Affairs and Strategic Communications",2023-05-26,2023-05-26,1,Patrizia Giolti
Patrizia Giuliotti,Trade Commissioner,2023-01-30,2025-01-14,2,Patrizia Giuliotti
Patry Giles,President and CEO,2017-07-21,2017-07-21,1,Patry Giles
Patrycja Wasacz,Acting Manager | Senior Policy Advisor,2024-07-11,2024-07-11,3,"Partycja Wasacz, Patrycja Wasacz, Patrycja Wasacz "
Patterson Dennis,Senator,2022-05-11,2022-05-11,1,Patterson Dennis
Patti Hadju,"Minister, Employment, Workforce Development and Labour",2017-10-03,2019-02-06,3,"Patti Hadju, Patty Hadjua"
Patti Kuntz,"Executive Director, Human Resources Council",2013-12-18,2013-12-18,1,Patti Kuntz
Patti Laboucane-benson,Senator,2019-01-15,2025-06-04,118,"Hon. Patti Laboucane Benson, Patti LaBoucane-Benson, Patti Laboucane Benson, Patti Laboucane-Benson, Patty Laboucane- Benson, The Honourable Patti  LaBoucane-Benson , The Honourable Patti LaBoucane-Benson"
Patti Lockyear,Executive Assistant,2013-11-26,2013-11-26,1,Patti Lockyear
Patti Miller,Chief Commissioner,2017-02-27,2020-05-14,9,Patti Miller
Patti Negrave,Deputy Director,2017-09-26,2019-03-26,3,Patti Negrave
Patton Mike,Director of Communications,2011-10-04,2011-10-04,1,Patton Mike
Patty Haijdu,Member of Parliament,2016-02-03,2016-02-03,1,Hon. Patty Haijdu
Patty Hajdu,"Minister, Health",2016-02-04,2025-06-13,405,"Hon. Patricia A. Hajdu, Hon. Patricia Hadju, Hon. Patricia Hajdu, Hon. Patty Hajdu, Hon. Patty Hajdu, P.C., M.P., Patricia A. Hajdu, Patricia Hadju, Patricia Hajdu, Patti Hajdu, Patty Hadju, Patty Hajdu, Patty Hajdu, P.C., M.P., Patty Hajjdu, The Honourable  Patty  Hajdu, P.C., M.P., The Honourable Patty  Hajdu, The Honourable Patty  Hajdu , The Honourable Patty  Hajdu, P.C., M.P., The Honourable Patty  Hajdu, P.C., M.P. , The Honourable Patty Hadju, P.C., M.P., The Honourable Patty Hajdu, The Honourable Patty Hajdu, MP, The Honourable Patty Hajdu, P.C., M.P."
Patty Hajdu P,"Minister, Indigenous Services Canada",2023-06-21,2023-06-21,1,"The Honourable Patty  Hajdu, P/C. M.P. "
Patty Rosher,Assistant Chief Commissioner,2021-04-20,2024-12-05,17,Patty Rosher
Patty Schultz,Staffer to Member of Parliament,2022-01-20,2022-01-20,1,Patty Schultz
Patty Tancorre,Executive Assistant,2010-09-29,2018-05-10,2,Patty Tancorre
Pau Woo,Senator,2017-11-30,2017-11-30,1,Pau Woo
Paul,Operations Manager,2019-02-04,2019-02-04,1,Paul Ma
Paul Allen,"Manager, Policy, Programmes, Communications",2024-01-19,2024-01-19,1,Paul Allen
Paul Arvanitidis,"Director, Tourism Policy",2013-07-18,2023-10-23,16,"Paul  Arvanitidies, Paul  Arvanitidis, Paul  Arvanitidis , Paul Arvanitidis, Paul Arvanitidis "
Paul Asselin,Senior Manager,2025-02-26,2025-02-26,1,Paul Asselin
Paul B,Executive Vice President and Chief Financial Officer,2009-02-16,2009-02-16,1,Paul B
Paul Bailey,Deputy Director,2015-02-18,2019-08-20,5,Paul Bailey
Paul Barran,Industrial Technology Advisor,2020-11-18,2020-11-18,2,Paul Barran
Paul Bears,Trade Commissioner,2017-12-06,2017-12-06,1,Paul Bears
Paul Beaudry,Deputy Governor,2019-05-09,2022-08-22,8,Paul Beaudry
Paul Benoit,Senior Policy Advisor,2008-07-07,2009-07-06,86,"Paul Beniot, Paul Benoit, Paul benoit"
Paul Blais-morisset,Data Analyst,2019-01-25,2019-01-29,2,Paul Blais-Morisset
Paul Boase,"Chief, Road Users",2016-11-30,2016-11-30,1,Paul Boase
Paul Boon,Parliamentary Affairs Advisor,2018-09-19,2022-10-27,12,Paul Boon
Paul Boothe,Senior Associate Deputy Minister,2008-07-02,2012-07-24,320,"Dr. Paul Boothe, Paul Booth, Paul Boothe, paul boothe"
Paul Boudreau,Chief Information Officer,2016-02-10,2023-07-18,3,"Paul  Boudreau , Paul Boudreau"
Paul Brogan,"Director, Market",2023-12-18,2024-06-17,4,Paul Brogan
Paul Burbank,Policy Advisor,2013-10-09,2015-09-07,61,"Paul Benbank, Paul Burbank"
Paul Buron,Executive Vice President and Chief Financial Officer,2009-02-03,2009-02-25,9,Paul Buron
Paul Calandra,Member of Parliament,2010-10-05,2015-06-03,159,"PAUL CALANDRA, Paul Calanadra, Paul Calandra, Paul Calandra, M.P., Paul Calandria, Paul Calendria"
Paul Carrigan,Special Advisor,2024-01-29,2024-11-26,20,"Paul  Carrigan, Paul Carrigan"
Paul Carter,Deputy Minister,2024-02-12,2024-02-12,1,Paul Carter
Paul Chayer,Director,2021-05-05,2023-10-25,5,Paul Chayer
Paul Chiang,Member of Parliament,2021-11-15,2025-03-11,102,"Paul  Chiang, Paul Chiang, Paul Chiang "
Paul Chilcott,Advisor to the Governor,2013-05-03,2024-10-22,19,Paul Chilcott
Paul Chowan,"Manager, Risk Management Strategies Division",2013-03-06,2013-03-06,1,Paul Chowan
Paul Chowhan,"Manager, Risk Management Bureau",2019-06-24,2019-06-24,1,Paul Chowhan
Paul Chung,Policy Analyst,2018-10-24,2018-10-24,1,Paul Chung
Paul Ciras,Policy and Program Leader,2024-08-26,2024-08-30,2,Paul Ciras
Paul Cohen,"Advisor, Industrial Technology",2012-11-22,2012-11-22,1,Paul Cohen
Paul Collins,"Senior Deputy Commissioner, Competition",2010-12-07,2010-12-07,1,Paul Collins
Paul Connors,Deputy Director,2010-12-10,2010-12-10,1,Paul Connors
Paul Cooke,Deputy Chief Information Officer,2020-11-12,2020-11-12,1,Paul Cooke
Paul Day,Vice President and Head of Investments,2012-02-29,2012-04-19,2,Paul Day
Paul De Civita,Director General,2011-09-14,2016-09-30,3,"Paul De Civita, Paul De Civitas, Paul de Civita"
Paul De Freitas,Constituency Assistant,2020-11-12,2024-03-28,4,"Paul De Freitas, Paul de Freitas"
Paul Demers,"Acting Regional Director, Programs, Atlantic",2024-10-08,2024-10-08,1,Paul Demers
Paul Denis,Community Economic Development Officer,2016-07-20,2016-07-20,1,Paul Denis
Paul Dewar,Member of Parliament,2009-11-05,2015-07-14,115,"Paul Dewar, Paul Dewar, M.P., Paul Deward, Paul W. Dewar"
Paul Dittmann,Board Member,2024-11-06,2024-11-06,1,Paul Dittmann
Paul Dube,Taxpayers' Ombudsman,2011-01-24,2013-11-20,8,"Paul (J Paul) Dubé, Paul Dube, Paul Dubé"
Paul Dyck,"Manager, Federal Negotiations",2023-02-16,2023-03-21,2,Paul Dyck
Paul Faucette,"Director, Parliamentary Affairs",2009-10-22,2024-09-26,53,"Paul  Faucette, Paul Faucette, Paul Faucette , Paul faucette, paul faucette"
Paul Fenton,Deputy Chief,2009-05-27,2009-05-27,1,Paul Fenton
Paul Fitzgerald,Senior Policy Advisor,2008-07-03,2015-03-25,48,"P:aul Fitzgerald, Paul FitzGerald, Paul Fitzgerald"
Paul Galveias,"Senior Export Controls Officer, Firearms",2018-08-16,2018-08-16,1,Paul Galveias
Paul Gendron,Manager,2019-01-03,2019-01-03,1,Paul Gendron
Paul George,"Deputy Director, Africa and Middle East",2009-12-18,2009-12-18,1,Paul George
Paul Giancarlo,Acting Senior Development Officer,2015-06-16,2015-06-16,1,Paul Giancarlo
Paul Gibbard,"Director, Venezuela Task Force",2009-01-27,2022-02-01,3,"Paul  Gibbard, Paul Gibbard"
Paul Gillis,Director General,2017-02-13,2024-10-29,9,Paul Gillis
Paul Girard,Chief Information Officer,2014-01-31,2022-02-14,5,Paul Girard
Paul Glover,Assistant Deputy Minister,2008-10-07,2022-02-10,360,"Paul Glover, Paul Grover, paul glover"
Paul Godbout,Trade Commissioner,2015-06-05,2015-06-05,1,Paul Godbout
Paul Godin,Director General,2009-03-26,2009-03-26,1,Paul Godin
Paul Goodwin,Economic Development Officer,2020-04-01,2021-05-19,2,Paul Goodwin
Paul Gorczynski,Constituency Assistant,2012-03-09,2012-03-09,1,Paul Gorczynski
Paul Gover,Associate Deputy Minister,2015-05-06,2015-05-06,1,Paul Gover
Paul Gregoire,Wildlife Biologist,2013-11-29,2013-11-29,1,Paul Gregoire
Paul Gregory,Director of Outreach,2019-04-10,2019-07-25,2,Paul Gregory
Paul Grewar,"Associate Analyst and Economist, Public Health, Youth and Culture",2023-11-08,2024-10-04,2,"Paul  Grewar, Paul Grewar"
Paul Guerra,Senior Policy Officer,2024-12-12,2024-12-12,1,Paul Guerra
Paul Gully,Senior Medical Advisor,2010-04-12,2010-07-30,2,Paul Gully
Paul Haddow,Senior Policy Advisor,2012-02-15,2012-02-15,1,Paul Haddow
Paul Halacha,Assistant Secretary to the Cabinet,2019-03-26,2020-06-19,2,"Paul Halacha, Paul Hulacha"
Paul Halucha,Associate Deputy Minister,2009-01-14,2025-06-03,1970,"Paul  Halucha, Paul Halucha, Paul Halucha "
Paul Haluka,Assistant Deputy Minister,2018-07-26,2018-07-26,1,Paul Haluka
Paul Haluncha,Deputy Secretary,2024-04-16,2024-04-16,1,Paul Haluncha
Paul Hamnett,Intern,2012-08-01,2012-08-01,1,Paul Hamnett
Paul Harrison,Legislative Assistant,2021-03-18,2022-06-09,4,"Paul  Harrison, Paul Harrison"
Paul Harrow,Director General,2008-09-11,2008-09-11,1,Paul Harrow
Paul Haulcha,Assistant Deputy Minister,2017-04-18,2017-04-18,1,Paul Haulcha
Paul Hebert,President,2025-01-08,2025-05-30,17,"Paul  Hébert, Paul Hebert, Paul Herbert, Paul Hébert"
Paul Hershaw,Director of Operations,2020-04-15,2023-07-07,111,"Paul  Hershaw, Paul Hershaw"
Paul Heuts,Policy Advisor,2013-08-19,2015-07-21,209,"Paul Heut, Paul Heuts, Paul Huet, Paul Huets, paul heuts"
Paul Hochsula,Assistant Deputy Minister,2017-01-19,2017-01-19,1,Paul Hochsula
Paul Hong,Senior Policy Advisor,2009-04-20,2014-01-31,43,"PAUL HONG, Paul Hong"
Paul Hubley,"Chief Executive Officer, Geoscientists Canada",2024-11-22,2025-05-12,2,Paul Hubley
Paul Hunt,Assistant Deputy Minister,2015-01-20,2015-01-20,1,Paul Hunt
Paul Huynh,Senior Advisor | Economist,2014-04-11,2025-03-05,18,"Paul Huynh, Paul Hyunh"
Paul Izdebeski,Senior Policy Advisor,2024-10-21,2024-10-21,1,Paul Izdebeski
Paul Izdebski,Policy Analyst,2018-08-16,2018-08-16,1,Paul Izdebski
Paul J. Halucha,Assistant Deputy Minister,2021-11-09,2021-11-09,1,Paul J. Halucha
Paul J. Sandhar-cruz,"Director General, Strategic Policy and Innovation",2024-04-15,2024-04-15,1,Paul J. Sandhar-Cruz
Paul James,President and Chief Executive Officer,2015-10-05,2015-10-05,1,Paul James
Paul Jane,"Senior Manager, CR",2020-04-30,2021-05-13,2,Paul Jane
Paul Japizian,Manager,2016-01-26,2016-01-26,1,Paul Japizian
Paul Jenkins,Senior Deputy Governor,2008-10-28,2010-04-06,4,Paul Jenkins
Paul Jorgenson,Outreach Officer,2023-04-12,2023-04-12,1,Paul Jorgenson
Paul Joseph,Trade Commissioner,2024-05-01,2024-10-24,4,"Paul  Joseph, Paul Joseph"
Paul Kaiser,Special Assistant,2022-02-24,2023-02-24,4,"Paul  Kaiser, Paul Kaiser"
Paul Kearns,Director,2016-09-20,2025-02-26,37,"Paul Kearn, Paul Kearns"
Paul Kirkconnell,Executive Vice President,2012-06-07,2012-08-24,2,Paul Kirkconnell
Paul Kluckner,Regional Director General,2013-09-16,2014-03-24,3,Paul Kluckner
Paul Komaromi,"Policy Advisor, Regional Affairs",2011-06-09,2015-07-14,124,"Paul Komaromi, Paul Komaromi,"
Paul Komaroni,Regional Affairs Advisor,2011-03-17,2013-11-19,2,"Paul Komaroni, Paul Komaronmi"
Paul Laanemets,Special Assistant,2010-02-16,2015-04-24,51,"Paul Laanements, Paul Laanemets, Paul laanemets, Paul laanments"
Paul Labrosse,Director General,2008-07-16,2009-01-21,2,"Mr. Paul Labrosse, Paul Labrosse"
Paul Labun,Staffer,2015-09-13,2015-09-13,1,Paul Labun
Paul Lacoste,"Chief Engineer and Manager, Engineering and Environmental Division",2016-03-22,2016-03-22,1,Paul Lacoste
Paul Lamontagne,Managing Director,2018-05-06,2018-05-06,1,Paul Lamontagne
Paul Larrivee,Manager,2022-02-14,2023-05-09,3,"Paul L'Arrivée, Paul Larrivee"
Paul Leblanc,Executive Vice President,2008-12-08,2017-01-26,19,"PAUL LEBLANC, Paul LeBlanc"
Paul Ledwell,Deputy Minister,2021-07-15,2025-03-12,18,"Paul  Ledwell, Paul Ledwell, Paul Ledwell , paul ledwell"
Paul Lefebvre,Member of Parliament,2016-02-01,2021-07-23,269,"Paul LeFebvre, Paul Lefebre, Paul Lefebrve, Paul Lefebvre, Paul Lefevbre"
Paul Littlewood,Regional Director,2012-09-10,2012-09-10,1,Paul Littlewood
Paul Loo,Director General,2018-11-21,2025-04-01,9,"Paul  Loo, Paul Loo"
Paul Lyon,Senior Scientific Advisor,2014-12-09,2014-12-09,1,Paul Lyon
Paul Macdonnell,"Mediator, FMCS",2012-02-06,2012-02-06,1,Paul Macdonnell
Paul Mackinnon,President,2011-03-14,2025-06-02,85,"Paul  MacKinnon, Paul MacKinnon, Paul Mackinnon"
Paul Maddison,Vice Admiral,2012-03-29,2013-04-08,4,Paul Maddison
Paul Manly,Member of Parliament,2019-05-13,2021-08-30,123,"Paul Manlely, Paul Manley, Paul Manly"
Paul Martin,Director General,2009-06-01,2022-07-21,12,Paul Martin
Paul Martins,Forestry Specialist,2017-03-30,2017-03-30,1,Paul Martins
Paul Maskell,"Chief of Staff, 3 Canadian Space Division",2022-09-27,2022-09-27,1,Paul Maskell
Paul Mason,"Senior Vice President, Business Transformation",2021-10-25,2023-03-03,3,"Paul  Mason, Paul Mason"
Paul Massicotte,Senator,2010-09-29,2024-09-30,58,"Hon. Paul J. Massicotte, Hon. Paul Massicottee, Paul  Massicotte, Paul J. Massicotte, Paul Massicote, Paul Massicotte, Paul-J. Massicotte, The Hon. Paul Massicotte, The Hon. Senator Paul J. Massicotte"
Paul Mayers,Vice President,2008-09-08,2017-11-29,114,"PAUL MAYERS, Paul Mayer, Paul Mayers, Paul Meyers"
Paul Mcarthur,Policy Analyst,2021-03-19,2021-12-02,4,"Paul McArthur, Paul McArthur "
Paul Mccarthy,Director of Policy,2016-01-21,2019-01-15,66,Paul McCarthy
Paul Mcintyre,Senator,2014-02-25,2019-03-20,21,"Paul E. McIntyre, Paul MacIntyre, Paul McIntyre, Paul Mcintyre, paul mcintyre"
Paul Mckinnon,Assistant Deputy Minister,2017-04-07,2017-11-29,3,Paul McKinnon
Paul Mcveigh,Industrial Technology Advisor,2021-09-29,2021-09-29,1,Paul McVeigh
Paul Mcviegh,"Advisor, Industry Science and Economic Development",2021-11-08,2021-11-08,1,Paul McViegh
Paul Megill,Business Risk Analyst,2022-10-11,2025-03-21,4,"Paul Megill, Paul Megill "
Paul Mills,Vice President,2011-07-15,2011-07-15,1,Paul Mills
Paul Mitchel,Senior Investment Analyst,2024-11-08,2024-11-08,1,Paul Mitchel
Paul Mockler,Senator,2018-10-17,2018-10-17,1,Paul Mockler
Paul Moen,Chief of Staff,2019-12-20,2025-06-05,548,"Paul  Moen, Paul  Moen , Paul Moen, Paul Moen "
Paul Morrison,Manager,2018-07-03,2025-05-22,6,"Paul Morrison, Paul Morrison, Sr."
Paul Mortensen,"Director, Energy Supply",2017-04-27,2017-04-27,1,Paul Mortensen
Paul Muller,Consultant,2009-08-20,2009-08-20,2,Paul Muller
Paul Murdoch,"Head, Marine Shipping Program - Marine Pollution Prevention",2013-03-12,2013-03-12,1,Paul Murdoch
Paul Neima,Director,2023-11-01,2023-11-01,1,Paul Neima
Paul Noble,Legislative Assistant,2012-11-28,2023-03-22,9,Paul Noble
Paul Norila,Senior Policy Analyst,2017-08-10,2024-11-26,12,"Paul Norila, Paul Norila "
Paul O'keefe,Director,2021-05-07,2025-05-15,71,"Paul  O'keefe, Paul  O’Keefe, Paul O'Keefe, Paul O'Keefe , Paul O'keefe, Paul O’Keefe"
Paul Oleniuk,Staffer,2017-12-07,2017-12-07,2,Paul Oleniuk
Paul Ormsby,Canadian Defence Attaché,2022-01-10,2022-01-10,1,Paul Ormsby
Paul Parete,"Program Officer, Great Lakes",2019-02-25,2019-02-25,1,Paul Parete
Paul Payette,"Director, Business Development",2024-11-19,2024-11-26,3,Paul Payette
Paul Pelletier,Director General,2019-09-26,2024-12-18,8,"Paul  Pelletier, Paul Pelletier"
Paul Peyton,"Chief, Force Development",2024-05-16,2024-05-16,1,Paul Peyton
Paul Piasko,Chief of Staff,2022-10-17,2022-10-17,1,Paul Piasko
Paul Pink,Manager,2022-04-06,2025-03-06,17,Paul Pink
Paul Place,Analyst,2020-07-23,2023-08-16,3,Paul Place
Paul Prosper,Senator,2023-11-15,2025-06-05,8,"Paul  Prosper, Paul Prosper, Paul Prosper , paul prosper"
Paul R. Samson,"Assistant Deputy Minister, Associated",2014-11-04,2019-05-09,2,Paul R. Samson
Paul Ragusa,Oil and Gas Specialist,2015-02-20,2015-06-05,5,Paul Ragusa
Paul Reader,Manager,2013-11-28,2024-06-05,2,Paul Reader
Paul Reed,Chief of Staff,2018-04-13,2023-02-14,2,Paul Reed
Paul Richer,"Manager, Network Technology",2019-09-18,2019-10-16,2,Paul Richer
Paul Robertson,"Minister, Economic",2008-11-03,2011-11-03,18,Paul Robertson
Paul Rochon,Deputy Minister,2009-10-30,2021-03-31,384,"Paul Rachon, Paul Rauchon, Paul Rochan, Paul Rochon, Paul Rochon -, Paul Roshon, paul rochon"
Paul Roe,Assistant,2016-03-08,2016-03-08,1,Paul Roe
Paul Rondeau,Director of Policy,2022-01-19,2022-01-19,1,Paul  Rondeau
Paul Rowe,Member of Parliament,2013-10-01,2018-04-26,3,Paul Rowe
Paul Roy,NMSO Team,2015-11-10,2015-11-12,2,Paul Roy
Paul Rutherford,Brigadier General,2016-01-25,2016-01-25,1,Paul Rutherford
Paul Samson,Assistant Deputy Minister,2011-11-28,2022-07-14,147,"Paul  Samson, Paul Sampson, Paul Samson"
Paul Sandhar-cruz,Director General,2013-11-28,2025-05-12,66,"Paul  Sandhar-Cruz, Paul Sandahar-Cruz, Paul Sandbar-Cruz, Paul Sandhar-Cruz"
Paul Schauerte,Unknown,2016-12-08,2017-01-08,2,Paul Schauerte
Paul Seear,Director of Policy,2011-06-22,2025-03-03,46,"Paul  Seear, Paul Seear, Paul Seer"
Paul Sheehan,Finance,2010-12-09,2010-12-09,1,Paul Sheehan
Paul Shiner,Lawyer,2017-12-12,2017-12-13,4,Paul Shiner
Paul Shuttle,Executive Director and Senior General Counsel,2013-04-08,2015-02-05,3,Paul Shuttle
Paul Smeaton,"Manager, Quality Division",2022-04-19,2022-04-19,1,Paul Smeaton
Paul Spooner,Deputy Director,2017-10-13,2020-11-23,2,Paul Spooner
Paul Sprout,Regional Director General,2008-08-08,2009-10-14,2,Paul Sprout
Paul Steinley,Member of Parliament,2020-02-20,2020-02-20,2,"Paul Steinley, Paul Steinly"
Paul Stesco,Senior Advisor,2021-03-03,2021-03-03,1,Paul stesco
Paul Szabo,Member of Parliament,2010-09-01,2011-03-23,15,Paul Szabo
Paul Terrien,Chief of Staff,2009-09-11,2010-10-08,4,Paul Terrien
Paul Thomas,Deputy Minister,2024-04-15,2024-04-15,1,Paul Thomas
Paul Thompson,Associate Deputy Minister,2008-09-03,2024-12-18,559,"Paul  Thompson, Paul  Thompson , Paul Thompson, Paul Thompson , Paul Thomson, Paul Thomspson, paul thompson"
Paul Thoppil,Indo-Pacific Trade Representative,2017-03-22,2025-05-09,79,"Paul J.  Thoppil, Paul Thoppil, Paul Thoppil "
Paul Treboutat,"Director, Investigations Rail/Pipeline",2020-12-02,2020-12-02,1,Paul Treboutat
Paul Turcotte,Director,2010-07-14,2020-09-17,5,Paul Turcotte
Paul Wagner,Acting Chief Technology Officer,2020-02-07,2025-04-08,80,"Paul Wagner, Paul wagner"
Paul Way,Director,2020-02-05,2024-05-29,10,Paul Way
Paul Wernick,Legislative Assistant,2016-06-16,2017-09-11,7,"Paul Wernick, Paul Wernik"
Paul West,Lead Negotiator,2023-02-16,2023-06-07,4,Paul West
Paul Wilson,Director of Policy,2008-07-15,2011-02-08,137,"Dr. Paul Wilson, Paul Wilson"
Paul Wynnyk,"Deputy Commander, Canadian Army",2012-10-15,2012-10-15,1,Paul Wynnyk
Paul-christian Nolin,"Director, Regional Affairs",2020-04-15,2021-08-05,42,Paul-Christian Nolin
Paula Barrios,Policy Advisor,2023-04-28,2024-08-12,4,Paula Barrios
Paula Bolyea,Economist,2023-01-24,2024-10-22,3,"Paula Boleya, Paula Bolyea"
Paula Brand,Director,2016-05-19,2025-03-11,7,"PAULA BRAND, Paula  Brand, Paula Brand"
Paula Caldwell,Director General,2014-12-02,2019-12-10,5,"Paula Caldwel, Paula Caldwell"
Paula Caldwell St. Onge,"Consul General, Dallas",2012-08-13,2012-08-13,1,Paula Caldwell St. Onge
Paula Charbonneau,Senior Engineer,2022-03-08,2022-11-15,3,"Paula  Charbonneau, Paula Charbonneau"
Paula Collier,Director General,2023-06-09,2023-06-09,1,Paula Collier
Paula David,Researcher | Policy Analyst,2022-06-29,2022-06-29,1,Paula David
Paula Esber,Director of Issues Management,2024-11-15,2024-11-15,1,Paula Esber
Paula Folkes,Associate Assistant Deputy Minister,2025-05-12,2025-05-12,1,Paula Folkes
Paula Folkes-dallaire,Associate Assistant Deputy Minister,2020-02-24,2025-03-18,29,"Paula Folkes-Dallaire, Paula Folkes-Dallaire , Paula Folkes-Dallaire  , Paula Foulkes-Dallaire"
Paula Franchellini,"Director, Innovation and Strategic Initiatives Division",2022-07-18,2022-07-18,2,Paula Franchellini
Paula Futoransky,"Vice President, Projects",2018-11-22,2023-11-28,9,Paula Futoransky
Paula Garrow,Chief of Staff,2023-12-06,2023-12-06,1,Paula Garrow
Paula Goldsmith-joans,Parliamentary Secretary,2017-11-07,2017-11-07,1,Paula Goldsmith-Joans
Paula Hadden-jokiel,Assistant Deputy Minister,2022-06-06,2025-04-08,40,"Paula  Hadden-Jokiel, Paula  Hadden-Jokiel , Paula Hadden - Jokiel, Paula Hadden-Jokiel"
Paula Halucha,Assistant Secretary to Cabinet,2017-09-28,2019-12-11,2,Paula Halucha
Paula Isaak,Assistant Deputy Minister,2012-02-28,2023-11-21,83,"Paula  Isaak, Paula Isaak, Paula Isaaks"
Paula Isaak Isaak,Assistant Deputy Minister,2016-03-08,2016-03-08,1,Paula Isaak Isaak
Paula Issac,President,2014-11-13,2022-10-26,4,"Paula Issac, Paula Issak"
Paula Iturri,"Manager, Community Relations",2017-10-19,2017-10-19,1,Paula Iturri
Paula Macneil,Program Officer,2023-08-28,2023-08-28,1,Paula MacNeil
Paula Mcneil,Patent Examination Analyst,2021-07-05,2021-07-05,1,Paula McNeil
Paula Pincombe,Director,2023-01-18,2023-01-18,1,Paula Pincombe
Paula Simons,Senator,2018-10-17,2025-05-20,356,"Hon. Paula  Simons, Hon. Paula Simons, Paula  Simmons, Paula  Simons, Paula Simmons, Paula Simmons , Paula Simon, Paula Simons, Paula Simons , The Hon. Paula  Simons , The Honourable Paula  Simons , The Honourable Paula  Simons  "
Paula Vieira,Director,2011-01-27,2025-05-27,79,"Paula  Vieira, Paula Vieira, Paula Viera, Paula Vieria"
Paule Brunelle,Member of Parliament,2009-12-01,2011-03-09,20,"Paule Berunelle, Paule Brunelle"
Paule Labbe,"Assistant Deputy Minister, Strategy and Engagement Branch",2022-05-11,2022-05-11,1,Paule Labbe
Paule Laprise,Acting Researcher,2021-02-25,2021-02-25,2,Paule Laprise
Paule Wilson,"Director, Policy Section",2010-11-25,2010-11-25,1,Paule Wilson
Paulette Lefebvre,Director,2015-09-09,2015-09-18,2,Paulette Lefebvre
Paulette Prentice,Director General,2019-07-04,2023-10-13,5,Paulette Prentice
Paulette Senior,Senator,2024-09-26,2025-05-29,13,Paulette Senior
Paulina Ayala,Member of Parliament,2011-09-21,2015-04-28,29,"Paula Ayala, Paulina Ayala"
Pauline Mcinnis,"Acting Regional Director, Finance and Administration",2021-04-27,2021-04-27,1,Pauline McInnis
Pauline Stern,Economic Advisor,2024-08-22,2024-11-27,2,Pauline Stern
Pauline Tam,Director of Communications,2016-08-30,2017-04-04,7,Pauline Tam
Pauline Walsh,Congressional Relations Officer,2025-02-21,2025-02-21,1,Pauline Walsh
Paulo Ekkebus,Chief Technical Officer,2023-10-17,2024-08-14,3,"Paul  Ekkebus, Paulo  Ekkebus, Paulo Ekkebus"
Paulo Punzal,Policy Advisor,2019-07-08,2019-07-08,1,Paulo Punzal
Pauze Monique,Member of Parliament,2019-05-15,2019-05-15,1,Pauzé Monique
Pavan Bahia,Special Assistant,2017-11-30,2020-06-25,2,Pavan Bahia
Pavan Sapra,Senior Advisor,2017-05-01,2025-03-12,52,"Pavan  Sapra, Pavan Sapra"
Pavel Zraly,Inspector,2024-06-26,2024-06-26,1,Pavel Zraly
Pavlo Kucher,"Director, Parliamentary Affairs and Operations",2024-11-20,2024-11-20,1,pavlo kucher
Pavlo Kutcher,Staffer,2024-12-09,2024-12-09,1,Pavlo Kutcher
Pawan Minhas,Parliamentary Research Assistant,2022-04-20,2024-02-01,10,Pawan Minhas
Pawanpreet Gill,Analyst,2024-12-11,2024-12-11,1,Pawanpreet Gill
Payne Lavar,Member of Parliament,2013-12-10,2014-05-23,2,Payne LaVar
Pearl Wierenga,Political Officer,2011-11-14,2011-11-14,1,Pearl Wierenga
Pearson Croney-clark,Policy Advisor,2019-06-19,2021-06-10,69,"Pearson Croney Clark, Pearson Croney-Clark, Pearson Croney-Clarke"
Peatt Tanya,Policy Advisor,2009-02-13,2009-02-13,1,Peatt Tanya
Pedro Alfaro Heller,Policy Advisor,2023-04-26,2024-05-16,8,"Pedro  Alfaro Heller, Pedro Alfaro Heller"
Pedro Pf Alfaro Heller,Policy Advisor,2024-03-26,2024-03-26,1,Pedro PF Alfaro Heller
Pegatha Taylor,Assistant Director,2017-04-19,2017-04-19,1,Pegatha Taylor
Peggy Ainslie,Acting Executive Director,2018-06-27,2024-01-24,23,Peggy Ainslie
Peggy Anderson,"Director, Regional Affairs",2010-11-10,2015-07-04,39,"PEGGY ANDERSON, Peggy Anderson"
Peggy Hallward,"Manager, Regulatory Development and Analysis Section",2011-11-22,2013-11-19,2,Peggy Hallward
Peggy Mcdougall,"Manager, MS&E Review Centre",2018-07-12,2018-07-12,1,Peggy McDougall
Peggy Nash,Member of Parliament,2011-06-08,2015-07-08,169,"Peggy Nash, Peggy Nash MP, Peggy Nash, M.P."
Peggy Papamarkakis,Senior Policy Advisor,2017-02-02,2017-04-25,5,Peggy Papamarkakis
Pelletier Naomi,Policy Advisor,2012-10-24,2012-10-24,1,Pelletier Naomi
Pemi Gill,"Assistant Deputy Minister, Service Delivery",2020-01-16,2025-05-07,2,Pemi Gill
Penhale John,Senior Director,2019-08-13,2019-08-29,4,Penhale John
Penny Crawford,Executive Assistant,2016-04-21,2017-05-18,2,Penny Crawford
Penny Greenwood,Acting Director,2019-02-04,2019-02-04,1,Penny Greenwood
Pepin Helene,"Advisor, Industrial Technology",2021-01-08,2021-01-08,1,Pépin Hélène
Percy Downe,Senator,2010-09-28,2024-12-05,128,"PERCY DOWNE, Percey Downe, Percy Down, Percy Downe, Percy Downer, Percy Duane, Percy E. Downe, The Honourable Percy E. Downe, percy downe"
Percy Mockler,Senator,2010-09-21,2023-12-13,162,"Honourable Senator Percy Mockler, PERCY MOCKLER, Percey Mockler, Percy Mockeler, Percy Mocker, Percy Mockler, Percy Mockley, Senator Percy Mockler, The Honourable Senator Percy Mockler, percy mockler"
Percy Percy Downe,Senator,2016-11-22,2016-11-22,1,The Hon. Percy Percy Downe
Perron Yves,Member of Parliament,2022-01-13,2022-01-13,1,Perron Yves
Perry Billingsley,Director General,2012-06-05,2012-06-05,1,Perry Billingsley
Perry Billingsly,Associate Assistant Deputy Minister,2017-12-13,2017-12-13,1,Perry Billingsly
Perry Calderwood,Ambassador of Canada to Senegal,2012-11-15,2012-11-15,1,Perry Calderwood
Perry Eddy,Investment Analyst,2022-10-25,2024-08-19,5,Perry Eddy
Perry Matte,Brigadier General,2009-11-20,2009-11-20,1,Perry Matte
Pete Saunders,Director General,2023-10-17,2024-10-04,3,"Pete Saunders, Pete Saunders "
Peter,Staffer to Senator,2016-11-30,2017-10-17,2,"Senator Peter, The Honourable Peter"
Peter Aikat,Innovation Officer,2019-04-04,2019-04-04,1,Peter Aikat
Peter Alexander Fillmore,Member of Parliament,2020-06-24,2020-06-24,1,Peter Alexander Fillmore
Peter Arend Stoffer,Member of Parliament,2011-09-29,2012-04-25,4,Peter Arend Stoffer
Peter Armstrong,Senior Policy Analyst,2009-10-01,2009-10-01,1,Peter Armstrong
Peter Aubin,Analyst,2024-04-09,2024-04-09,1,Peter Aubin
Peter Babstock,Manager | Senior Policy Advisor,2012-07-25,2022-02-11,2,Peter Babstock
Peter Braid,Member of Parliament,2009-01-19,2015-08-04,234,"PETER BRAID, Pater Braid, Peter Baird, Peter Braid, Peter Briad, Peter braid, peter Braid"
Peter Banks,Client Relationship Leader,2022-07-05,2022-07-05,1,Peter  Banks 
Peter Bernhardt,Member of Parliament,2010-12-07,2011-06-09,3,Peter Bernhardt
Peter Berry,Senior Policy Analyst,2015-09-22,2024-05-01,2,Peter Berry
Peter Besseau,Director,2011-10-27,2011-10-27,1,Peter Besseau
Peter Boehm,Senator,2009-04-23,2024-04-15,129,"Peter  Boehm , Peter Boehm, Peter Bohem, Senator Peter Boehm"
Peter Bown,Senior Advisor,2020-01-14,2024-04-04,6,"Peter Bown, Peter Brown"
Peter Boyd,Executive Director,2022-04-14,2022-10-05,5,"Peter  Boyd, Peter Boyd, Peter Boyd "
Peter Brander,Executive Director,2008-10-17,2022-09-01,48,Peter Brander
Peter Bruce,Senior Assistant Deputy Minister,2009-02-27,2016-11-30,18,Peter Bruce
Peter Burden,"General Manager, Program Development",2014-03-26,2014-03-26,1,Peter Burden
Peter Burns,"Chief, Ergonomics and Crash Avoidance",2013-12-18,2024-07-04,10,Peter Burns
Peter Cahill,Counsellor (Commercial) and Senior Trade Commissioner,2023-01-30,2025-02-13,6,"Peter  Cahill, Peter Cahill, Peter Cahill "
Peter Christensen,"Assistant Director, Immigration",2022-12-02,2022-12-02,1,Peter Christensen
Peter Clarke,Parliamentary Assistant,2021-03-01,2023-05-19,4,Peter Clarke
Peter Cleary,"Director, Parliamentary Affairs",2016-02-09,2017-04-04,45,Peter Cleary
Peter Cooney,Chief Dental Officer,2013-04-05,2014-12-10,4,"Dr. Peter Cooney, Peter Cooney"
Peter Cousineau,Deputy Chief of Staff and Director of Policy,2009-08-26,2009-08-26,1,Peter Cousineau
Peter Coyles,Special Advisor to the Director General,2016-10-12,2018-11-19,2,Peter Coyles
Peter Crain,Director General,2008-07-03,2021-06-02,27,"Peter Chan, Peter Crain"
Peter Csillag,"Special Assistant, Issues Management and Communications",2012-09-19,2014-05-05,4,Peter Csillag
Peter Cullen,Parliamentary Assistant,2020-03-09,2020-03-09,2,Peter Cullen
Peter Dawe,Major General,2024-01-29,2025-05-27,6,Peter Dawe
Peter Dey,Staffer to Member of Parliament,2022-01-17,2022-01-17,1,Peter Dey
Peter Donolo,Chief of Staff,2010-09-30,2011-03-03,11,Peter Donolo
Peter Egener,"Deputy Project Manager, DVP",2013-04-03,2013-04-03,1,Peter Egener
Peter Egyed,Deputy Director,2015-05-13,2015-05-13,1,Peter Egyed
Peter Elder,Vice President and Chief Science Officer,2010-06-03,2023-09-12,19,Peter Elder
Peter Farrell,Legislative Assistant,2018-03-01,2024-11-28,12,Peter Farrell
Peter Filipkowski,Senior Specialist,2014-05-30,2017-01-24,3,Peter Filipkowski
Peter Fitzgerald,Member,2015-06-04,2015-06-04,1,Peter Fitzgerald
Peter Flegel,Executive Director,2020-05-26,2024-02-05,12,"Peter  Flegel, Peter  Flegel , Peter Flegel"
Peter Fonseca,Member of Parliament,2016-02-09,2025-03-03,202,"Peter  Fonseca, Peter Fonesca, Peter Fonseca, Peter Fonseca , Peter Fonseca, M.P., Peter Fonsenca, peter fonseca"
Peter Foster,Director General,2012-03-23,2021-04-12,10,Peter Foster
Peter Fragiskatos,Member of Parliament,2015-12-08,2025-05-23,361,"PETER FRAGISKATOS, Peter  Fragiskatos, Peter Fragaskatos, Peter Fragiskato, Peter Fragiskator, Peter Fragiskatos, Peter Fragistakos"
Peter Frgiskotas,Member of Parliament,2023-02-08,2023-02-08,1,Peter Frgiskotas
Peter Friedmann,"General Manager, Ontario Region | Managing Director, Securitization",2009-03-03,2009-03-03,1,Peter Friedmann
Peter Fullarton,Director General,2024-05-14,2024-05-14,1,Peter Fullarton
Peter Fundarek,Director,2018-09-27,2018-09-27,1,Peter Fundarek
Peter G. Mackay,Minister,2009-06-08,2009-06-08,1,Peter G. MacKay
Peter Gaulton,Chair,2015-09-24,2015-09-24,1,Peter Gaulton
Peter Gillich,"Research and Policy Officer, Policy and Promotion",2022-01-28,2022-01-28,1,Peter Gillich
Peter Glover,"Assistant Deputy Minister, Healthy Environments and Consumer Safety Branch",2009-06-11,2009-06-11,1,Peter Glover
Peter Goldring,Member of Parliament,2010-10-05,2014-11-18,27,Peter Goldring
Peter Gordon Mackay,"Minister, National Defence",2012-02-02,2013-04-23,4,Peter Gordon MacKay
Peter Grant,"Member, Broadcasting and Telecommunications Legislative Review Panel",2018-10-03,2018-10-03,1,Peter Grant
Peter Hall,Vice President and Chief Economist,2017-11-20,2017-11-20,1,Peter Hall
Peter Halucha,Assistant Deputy Minister,2016-11-21,2016-11-21,2,Peter Halucha
Peter Hammerschmidt,Assistant Deputy Minister,2019-07-19,2025-05-06,38,"Peter  Hammerschmidt, Peter Hammerschmidt, Peter Hammerschmit"
Peter Harder,Senator,2016-04-08,2025-06-12,195,"Hon Peter V. Harder, Hon. Peter Harder, Hon. Peter V. Harder, Peter  Harder , Peter Harder, Peter M. Harder, Peter V. Harder, Peter harder, The Honourable Peter  Harder "
Peter Harrison,Policy Advisor,2011-02-07,2011-03-18,5,"Peter Harris, Peter Harrison"
Peter Hearns,Specialist,2023-05-12,2024-03-26,13,Peter Hearns
Peter Henschel,Deputy Commissioner,2013-06-27,2017-06-15,3,Peter Henschel
Peter Hill,Associate Vice President,2009-11-12,2021-04-30,64,Peter Hill
Peter Hoek,"Senior Analyst, Industrial and Technological Benefits",2009-11-25,2023-02-02,3,Peter Hoek
Peter Hogan,Vice President,2011-04-14,2012-06-18,4,Peter Hogan
Peter Ives,Senior Policy Advisor,2024-04-30,2025-02-05,6,Peter Ives
Peter Johnston,Director of Aircraft Financing,2025-04-14,2025-04-14,1,Peter Johnston
Peter Julian,Member of Parliament,2009-02-10,2025-03-04,477,"Mr. Peter Julian, PETER JULIAN, Peter  Julian, Peter  Julian , Peter Julian, Peter Julian , Peter Julian, M.P., Peter Julien, Peter Jullian, Peter julian"
Peter Katz,Intern,2024-07-25,2024-08-21,2,Peter Katz
Peter Kent,Member of Parliament,2008-12-05,2021-06-09,352,"Hon. Peter Kent, Hon. Peter Kent, P.C., M.P., Honourable Peter Kent, L’honorable Peter Kent, PETER KENT, Peter Kent, The Hon. Peter Kent, The Honourable Peter Kent, The Honourable Peter Kent, P.C., The Honourable Peter Kent, P.C., M.P."
Peter Kenter,"Minister, Environment",2013-06-19,2013-06-19,1,Peter Kenter
Peter Kouzovnikov,Legislative Assistant,2023-09-26,2024-10-29,5,"Peter  Kouzovnikov, Peter Kouzovnikov"
Peter Larose,Director General,2009-03-03,2010-03-26,3,Peter Larose
Peter Lavallee,"Special Advisor to the Director General, Transportation of Hydro",2024-05-22,2024-05-22,1,Peter Lavallee
Peter Linkletter,"Vice President, Personal Protective Equipment and National Emergency Strategic Stockpile",2017-10-24,2020-10-22,5,Peter Linkletter
Peter Littlefield,Vice President and Chief Information Officer,2013-04-25,2025-05-30,10,Peter Littlefield
Peter Lundy,"Director General, South-East Asia and Oceania",2017-06-01,2022-06-10,5,Peter Lundy
Peter M. Boehm,Senator,2013-11-19,2025-02-12,110,"Mr. Peter M. Boehm, Peter M. Boehm"
Peter M. Opdam,Policy Advisor,2022-02-17,2022-08-24,2,"Peter M. Opdam , Peter Opdem"
Peter Macarthur,Director General,2008-12-09,2021-01-25,21,"Peter MacArthur, Peter McArthur"
Peter Macdougall,Assistant Deputy Minister,2019-08-23,2024-10-29,33,"Peter  MacDougall, Peter MacDougall"
Peter Macfadzean,Senior Innovation Advisor,2022-07-29,2022-08-18,2,Peter MacFadzean
Peter Mackay,Minister,2008-07-15,2015-07-09,169,"Hon Peter MacKay, Hon. Peter MacKay, Hon. Peter MacKay, PC, MP, Hon. Peter Mackay, PETER MACKAY, Peter MacKay, Peter Mackay, Peter McKay, The Hon. Peter MacKay, The Honourable Peter MacKay, The Honourable Peter MacKay, P.C., M.P."
Peter Maloney,Parliamentary Assistant,2019-02-21,2024-11-05,12,Peter Maloney
Peter Martin,Deputy Commissioner,2008-09-30,2009-12-04,2,Peter Martin
Peter Mason,Director General,2024-01-22,2025-02-18,3,Peter Mason
Peter Massie,Senior Policy Advisor,2020-06-10,2020-06-10,1,Peter Massie
Peter Mcgovern,Assistant Deputy Minister,2008-07-29,2016-02-09,57,"Peter McGovern, Peter Mcgovern"
Peter Mckernan,First Secretary,2016-08-23,2021-02-11,2,"Peter McKernan, Peter Mckernan"
Peter Menzies,"Vice Chair, Telecommunications",2009-04-09,2017-02-28,64,"PEter Menzies, Peter Menzies"
Peter Milbourn,Policy Advisor,2023-10-05,2023-10-05,1,Peter Milbourn
Peter Milbourne,"Counsellor, Finance",2020-02-24,2020-02-24,4,Peter Milbourne
Peter Miliken,Speaker of the House,2010-09-27,2010-09-28,2,"Peter Miliken, Peter Millliken"
Peter Milliken,Member of Parliament,2009-04-22,2011-03-23,36,"Hon. Peter Milliken, Peter Milliken"
Peter Mills,Liaison Officer to the Department of National Defence and Canadian Forces,2015-05-08,2015-05-08,1,Peter Mills
Peter Milobar,Member of Parliament,2022-07-13,2022-10-04,2,"Peter M. Milobar, Peter Milobar"
Peter Mitchell,Chief of Staff,2021-02-17,2021-02-17,1,Peter Mitchell
Peter Morrison,Assistant Chief Statistician,2013-06-14,2013-06-14,1,Peter Morrison
Peter Newton,Deputy Director,2014-10-30,2015-07-07,5,Peter Newton
Peter Noel,Technical Advisor,2021-07-05,2021-07-05,1,Peter Noel
Peter O'connor,"Chief Engineer, Project Delivery Services",2023-02-27,2023-07-14,4,"Peter  O'Connor, Peter O'Connor"
Peter Opdam,Policy Advisor,2016-02-02,2024-08-28,297,"Peter  Opdam, Peter  Opdam , Peter Obdam, Peter Odam, Peter Odpam, Peter Opdam, Peter Opdam "
Peter Osullivan,Legislative Assistant,2018-10-02,2019-04-30,5,"Peter O'Sullivan, Peter O’Sullivan"
Peter Paul Fitzgerald,Member,2015-08-18,2015-08-18,1,Peter Paul Fitzgerald
Peter Payne,"Officer-in-Charge, National Child Exploitation Coordination Centre",2015-06-24,2015-06-24,1,Peter Payne
Peter Pelletier,Director General,2022-04-27,2022-04-27,1,Peter Pelletier
Peter Penashue,"Minister, Intergovernmental Affairs",2011-06-15,2013-01-22,15,"Peter Penashue, Peter Pensashue"
Peter Poilievre,Member of Parliament,2018-11-09,2018-11-09,1,Peter Poilievre
Peter Poulin,Assistant Commissioner and Chief Information Officer,2010-03-03,2012-02-03,5,Peter Poulin
Peter Puxley,"Director, Research and Policy",2010-09-22,2011-11-22,9,Peter Puxley
Peter Repetto,"Senior Director, International Tax",2012-07-19,2024-09-24,25,Peter Repetto
Peter Rodger,Species at Risk Biologist,2021-06-18,2021-06-18,1,Peter Rodger
Peter Rosenthal,"Advisor, Industrial Technology, Industrial Research Assistance Program",2018-12-03,2018-12-03,1,Peter Rosenthal
Peter Routledge,Superintendent,2017-04-04,2025-05-30,134,"Peter Routledge, peter routledge"
Peter Scheifke,Parliamentary Secretary,2016-11-29,2024-02-05,7,Peter Scheifke
Peter Schiefke,Member of Parliament,2016-02-05,2025-02-24,234,"Peter SChiefke, Peter Schiefke, Peter Schifke, Peter Shiefke, Peter schiefke, peter shiefke"
Peter Seto,Senior Engineer,2011-05-17,2011-05-17,1,Peter Seto
Peter Simeoni,Assistant Deputy Minister,2018-02-07,2018-02-07,1,Peter Simeoni
Peter Simpson,Director General,2017-04-28,2018-05-03,2,Peter Simpson
Peter Sol,Assistant Deputy Minister,2008-12-02,2008-12-02,2,Peter Sol
Peter Stoffer,Member of Parliament,2010-09-27,2015-08-26,245,"Mr. Peter Stoffer, Mr. Peter Stoffer, M.P., Peter Stauffer, Peter Stoffer, Peter Stoffer MP, Peter Stoffer, M.P., Peter Stofffer, Peter Stouffer, peter stoffer"
Peter Stulken,"Deputy Director, Trade, Maghreb and Regional Commercial Relations",2016-01-28,2016-01-28,1,Peter Stulken
Peter Sylvester,President,2008-07-16,2013-06-18,31,Peter Sylvester
Peter Taylor,"Area Chief, Conservation and Protection",2024-11-21,2024-11-21,1,Peter Taylor
Peter Turner,"Advisor, Special Consultations and Communications",2024-03-06,2025-01-29,9,"Peter  Turner, Peter Turner"
Peter Underwood,"Deputy Minister, Natural Resources",2008-10-23,2008-10-23,1,Peter Underwood
Peter Vallee,Program Officer,2021-04-30,2021-04-30,1,Peter Vallee
Peter Van Joan,Vice Chair,2018-03-01,2018-03-01,1,Peter Van Joan
Peter Van Loan,Member of Parliament,2009-01-07,2018-10-02,256,"Hon Peter Van Loan, Hon. Peter Van Loan, Honourable Peter Van Loan, PETER VAN LOAN, Peter Van Loan, Peter VanLoan, Peter van Loan, The Honourable Peter Van Loan, The Honourable Peter Van Loan, P.C., M.P., The Honourable Peter Van Loan, P.C.,M.P."
Peter Voloney,Program Specialist,2018-04-18,2018-04-18,1,Peter Voloney
Peter Wallace,Secretary of the Treasury Board,2018-04-18,2021-10-20,32,Peter Wallace
Peter Wallis,Chairperson,2017-10-03,2017-10-04,2,Peter Wallis
Peter Watson,Chairperson,2014-09-16,2020-01-30,56,Peter Watson
Peter Weltman,"Vice Chair, Canadian Infrastructure Council",2025-03-05,2025-03-05,1,Peter Weltman
Peter Wigen,Legal Advisor,2023-11-30,2023-11-30,1,Peter Wigen
Peter Wigin,"Legal, ISED",2016-04-12,2016-04-12,1,Peter Wigin
Peter Wilkinson,Chief of Staff,2023-02-02,2024-08-01,58,"Peter Wikinson, Peter Wilkinson, Peter Wilkinson "
Peter Wright,"Second Secretary, Embassy of Canada in the Philippines",2020-11-06,2023-02-24,2,"Peter  Wright, Peter Wright"
Peter Young,Specialist Supervisor,2014-04-15,2014-04-15,1,Peter Young
Peter Zankl,Director,2022-01-28,2022-01-28,1,Peter Zankl
Petitpas Taylor,"Minister, Health",2017-12-04,2017-12-04,1,Petitpas Taylor
Petitpas Taylor Ginette,Member of Parliament,2016-06-20,2016-06-20,1,Petitpas Taylor Ginette
Petronila Michael,Senior Policy Analyst,2024-08-09,2024-08-09,1,Petronila Michael
Petter Stoffer,Senator,2014-11-19,2014-11-19,1,Petter Stoffer
Peyton Veitch,Parliamentary Assistant,2022-02-23,2023-05-10,4,Peyton Veitch
Phaedra Glushek,Director and General Counsel,2018-01-30,2018-01-30,1,Phaedra Glushek
Phaedra Sydor,Senior Advisor | Economist,2018-03-28,2025-04-30,8,Phaedra Sydor
Phil Bolduc,Chief of Staff,2013-01-24,2021-02-22,3,Phil Bolduc
Phil Brewer,Vice Chair,2015-09-24,2015-09-24,1,Phil Brewer
Philip Brown,"Director, Regional Affairs",2009-04-29,2014-07-17,4,"Phil Brown, Philip Brown"
Phil Calvert,Director General,2010-09-15,2010-09-15,1,Phil Calvert
Phil Halvorson,Senior Tax Legislation Advisor,2014-10-22,2014-10-22,2,Phil Halvorson
Phil Harwood,Policy Advisor,2008-07-15,2015-10-14,393,"Phil Arwood, Phil Halwood, Phil Hardwood, Phil Harwod, Phil Harwodd, Phil Harwood, Phil Harwood,, phil harwood"
Phil Hill,Director,2014-11-14,2015-03-31,4,Phil Hill
Phil Howard,"Director, Health Policy",2011-10-18,2011-10-18,1,Phil Howard
Philip Jennings,Assistant Deputy Minister,2008-07-15,2025-06-05,715,"PHIL JENNINGS, PHILIP JENNINGS, Phelip Jennings, Phil  Jennings , Phil JENNINGS, Phil Jennigs, Phil Jennings, Philip Jennigs, Philip Jennings, Phillip  Jennings, Phillip Jennings, Phillips Jennings, phil Jennings, philip Jennings"
Phil King,Director General,2018-01-18,2023-06-15,63,"Phil  King, Phil King, Philip King, Phillip King"
Phil Mccoleman,Member of Parliament,2009-03-26,2021-06-08,222,"Phil Coleman, Phil McColeman, Phil McColeman, M.P., Phil McColman, Phil Mccoleman, phil mccoleman"
Phil Mclester,Director,2010-02-24,2011-06-17,7,Phil McLester
Phil Mickle,Policy Officer,2016-04-21,2017-12-13,2,Phil Mickle
Phil Nestorov,Staffer to Member of Parliament,2015-02-03,2018-10-23,4,Phil Nestorov
Phil Rheault,Senior Policy Advisor,2018-07-12,2018-07-12,1,Phil Rheault
Phil Ricard,"Director, Caucus Services and Operations",2024-05-08,2024-05-08,1,Phil Ricard
Phil Seeto,"Director, Compliance",2024-06-25,2024-06-25,1,Phil Seeto
Phil Spidle,Chief of Staff,2020-12-16,2020-12-16,1,Phil Spidle
Phil Toppil,Assistant Deputy Minister,2020-03-25,2020-03-25,1,Phil Toppil
Phil Trinh,"Advisor, Community Affairs | Office of the Leader of the Opposition",2017-11-07,2018-06-19,2,Phil Trinh
Philip Welford,Chief of Staff,2008-11-20,2011-02-23,51,"Mr. Philip Welford, Phil Welford, Philip Walford, Philip Welford, Phillip Welford"
Philip B. Baldwin,Member of Parliament,2017-05-29,2018-02-15,2,"Philip B. Baldwin, Philp Baldwin"
Philip B.baldwin,Executive Assistant to Minister,2016-05-16,2016-05-16,1,Philip B.Baldwin
Philip Baker,Regional Director General,2011-11-22,2014-11-03,4,Philip Baker
Philip Baldwin,Staffer,2016-04-19,2018-02-15,6,"Philip Baldwin, Phillip Baldwin"
Philip Billingham,Policy Analyst,2021-04-08,2021-04-08,1,Philip Billingham
Philip Calvert,Ambassador,2012-11-20,2012-11-20,1,Philip Calvert
Philip Chan,Policy Advisor,2020-01-14,2022-04-19,12,"Philip Chan, Phillip Chan"
Philip Dan Bond Cheung,Officer,2018-02-14,2019-10-17,3,Philip Dan Bond Cheung
Philip Ekins,Policy Advisor,2014-03-01,2014-06-26,7,"Phil Ekins, Phil Enkins, Philip Ekins"
Philip Garbutt,"Director General, Air Force Development",2013-08-13,2016-03-15,3,Philip Garbutt
Philip Gebert,Regional Advisor for West and North,2022-11-28,2024-09-18,4,Philip Gebert
Philip Jago,Director,2011-01-26,2013-02-28,2,Philip Jago
Philip Kuligowski,Policy Advisor,2020-01-27,2020-09-09,3,Philip Kuligowski
Philip Kuligowski Chan,Policy Advisor,2020-01-17,2024-05-29,229,"Philip  Kuligowski Chan, Philip  Kuligowski Chan , Philip Guligowski Chan, Philip Kugligowski Chan, Philip Kuligowsk Chan, Philip Kuligowski Chan, Philip Kuligowski-Chan, Philip Kuligowskichan, Philip kuligowskichan, Philip-Kuligowski Chan, Phillip Kugligowski Chan"
Philip Kuligowski Chan Kuligowski Chan,Policy Advisor,2020-02-11,2020-02-11,1,Philip Kuligowski Chan Kuligowski Chan
Philip Kuliogowski,"Senior Policy Advisor, Tour and International Visits",2024-05-14,2024-05-14,1,Philip Kuliogowski
Philip Lawrence,Member of Parliament,2020-01-30,2025-06-03,444,"PHILIP LAWRENCE, Phil Lawrence, Philip   Lawrence , Philip  Lawrence, Philip  Lawrence , Philip Lawerence, Philip Lawrence, Philip Lawrence , Philippe Lawrence, Phillip Laurence, Phillip Lawrence"
Philip Lupul,"Deputy Director, Oceans, Environment and Aerospace Law Division",2023-11-18,2023-11-18,1,Philip Lupul
Philippe Morel,Assistant Deputy Minister,2013-08-21,2023-06-15,226,"Philip Morel, Philipe Morel, Philipee Morel, Philippe Morel, Phillipe Morel, Phillippe Morel, philippe morel"
Philip Morrison,Senior Policy Advisor,2009-09-30,2009-09-30,1,Philip Morrison
Philip Palmer,Lawyer,2009-09-24,2009-09-24,1,Philip Palmer
Philip Paradis,"Manager, Advisory Board Secretariat",2018-05-29,2018-05-29,1,Philip Paradis
Philip Parsons,Constituency Assistant,2016-04-05,2016-04-05,1,Philip Parsons
Philip Philip Jennings,Assistant Deputy Minister,2016-05-03,2016-05-03,1,Philip Philip Jennings
Philip Pietersma,Director,2011-03-22,2021-08-13,6,Philip Pietersma
Philip Proulx,Special Assistant,2016-04-15,2025-03-06,43,Philip Proulx
Philip Quinlan,Director General,2023-02-21,2023-09-19,4,Philip Quinlan
Philip Rizcallah,Chief Executive Officer,2019-11-21,2024-05-07,19,"Philip  Rizcallah , Philip Rizcallah"
Philip Sangster,Senior Advisor,2023-10-26,2023-10-26,2,Philip Sangster
Philip Seeto,"Director General, National Programs",2019-09-25,2024-09-23,2,Philip Seeto
Philip Simard,Constituency Assistant,2020-01-21,2024-06-26,5,Philip Simard
Philip Snelgrove,National Manager,2023-05-24,2023-05-24,1,Philip Snelgrove 
Philip Somogyvari,Director,2016-08-22,2023-05-17,12,Philip Somogyvari
Philip Tomlinson,Senior Policy Analyst,2023-02-03,2024-05-10,8,"Phil Tomlinson, Philip  Tomlinson, Philip Tomlinson"
Philip Toone,Member of Parliament,2011-09-26,2015-04-23,17,"Phil Toone, Philip Toone, Philippe Toone, Phillip Toone, Phillipe Toone"
Philipe Brunet,Manager,2016-10-05,2016-10-05,1,philipe brunet
Philipe St-jean,Manager,2024-09-16,2024-09-16,1,Philipe St-Jean
Phillippe-alexandre Langlois,Minister's Office,2022-03-29,2022-11-17,4,"Philipe-Alexandre Langlois, Phillippe-Alexandre  Langlois, Phillippe-Alexandre Langlois"
Philippe Agbantey,Policy Analyst,2024-05-10,2024-05-10,1,Philippe Agbantey
Philippe Arseneau,Chief of Staff,2015-12-10,2015-12-10,1,Philippe Arseneau
Philippe Aungier,Parliamentary Secretary,2016-02-11,2016-02-11,1,Philippe Aungier
Philippe Aungier O'brien,Parliamentary Assistant,2019-04-08,2019-06-04,2,Philippe Aungier O'Brien
Philippe Beaulne,Ambassador of Canada to Senegal,2012-11-15,2014-01-31,2,Philippe Beaulne
Philippe Blanchette,Assistant Director,2024-10-02,2025-01-31,4,Philippe Blanchette
Philippe Cadieux,"Manager, Client Service",2016-08-09,2016-11-02,2,Philippe Cadieux
Philippe Champagne,Field Industrial Security Officer,2017-03-06,2017-09-22,2,Philippe Champagne
Philippe Charlebois,Executive Director,2017-08-17,2023-09-12,2,Philippe Charlebois
Philippe Descheneau,Senior Policy Analyst,2024-10-22,2024-10-22,3,Philippe Descheneau
Philippe Dufresne,Privacy Commissioner of Canada,2022-08-22,2024-11-12,38,"Philippe  Dufresne, Philippe Dufresne, Philippe Dufresne , Phillippe  Dufresne"
Philippe Ferland,Market Associate,2025-01-15,2025-02-07,2,"Philippe Ferland, Phillippe Ferland"
Philippe Giguere,"Manager, Legislative Policy",2022-01-10,2023-11-14,6,"Philippe Giguere, Phillipe Giguere"
Philippe Hall,"Director, Multilateral Institutions, International Finance and Development Division",2020-05-01,2025-04-29,2,Philippe Hall
Philippe Hebert,"Director General, R&D Innovation",2024-04-08,2024-09-17,2,"Philippe   Hébert, Philippe Hebert"
Philippe Johnston,Chief Information Officer,2021-03-25,2023-08-03,6,Philippe Johnston
Philippe Kent,"Director, Telecommunications Services Policy",2017-11-06,2023-02-15,5,Philippe Kent
Philippe Labelle,"Senior Advisor, Program Delivery",2015-04-27,2015-10-21,2,Philippe Labelle
Philippe Lafortune,"Director, Communications",2021-02-08,2021-02-08,1,Philippe Lafortune
Philippe Lafracnce,Policy Advisor,2020-11-27,2020-11-27,1,Philippe Lafracnce
Philippe Lafrance,Senior Advisor,2020-01-27,2021-03-30,23,Philippe Lafrance
Philippe Lajeunesse,Chief Information Officer,2022-02-14,2022-02-14,1,Philippe Lajeunesse
Philippe Lemay,Executive Services Officer,2024-12-03,2024-12-03,1,Philippe Lemay
Philippe Madgin,Director General and Chief Compliance Officer,2022-02-01,2022-11-03,2,"Philippe Madgin, Phillippe Madgin"
Philippe Mailhot,"Deputy Director, Regional Affairs",2009-02-11,2012-05-29,19,Philippe Mailhot
Philippe Maltais-guilbault,Parliamentary Assistant,2021-02-05,2021-02-25,3,Philippe Maltais-Guilbault
Philippe Martin,"Coordinator, Environmental Programs",2022-11-07,2022-11-07,1,Philippe Martin
Philippe Masse,Director General,2010-12-15,2021-06-10,21,"Philippe Masse, Philippe Massé, Phillippe Masse"
Philippe Ngassam,Director,2023-08-15,2023-08-15,1,Philippe Ngassam
Philippe Pellerin,Manager,2013-03-05,2018-01-23,4,"Philippe Pellerin, phillipe pellerin"
Philippe Pelletier,Parliamentary Secretary,2024-02-21,2024-02-21,1,Philippe  Pelletier
Philippe Proulx,Press Secretary,2016-06-08,2016-08-24,2,Philippe Proulx
Philippe Raymond,"Director, Project Development, Eastern Canada",2025-04-24,2025-05-05,2,Philippe Raymond
Philippe Renoir,Director of Communications,2018-01-08,2018-03-15,4,"Philippe Renoir, Philippe Renoire"
Philippe Rheault,Senior Policy Advisor,2017-09-13,2022-10-19,100,"Philippe Rheault, Philippe Rheault,, Phillipe Rheault, Phillippe Rheault"
Philippe Ricard,Constituency Assistant,2018-01-25,2021-07-26,3,Philippe Ricard
Philippe Roseberry,Acting Director,2023-11-21,2023-11-21,1,Philippe  Roseberry
Philippe Scrimger,Policy Analyst,2022-12-15,2022-12-15,1,Philippe  Scrimger
Philippe St-jean,"Deputy Director, Program",2024-02-27,2024-02-27,1,Philippe St-Jean
Philippe Thompson,Chief Financial Officer,2023-03-14,2023-03-21,2,Philippe Thompson
Philippe Thomson,Assistant Deputy Minister,2019-03-28,2019-03-28,1,Philippe Thomson
Philippe Tremblay,Policy Analyst,2024-07-12,2024-09-09,4,"Philippe  Tremblay, Philippe Tremblay, Phillippe Tremblay"
Philippe-alexandre Langlois,Policy Advisor,2022-01-14,2022-11-17,37,"Philippe Alexandre Langlois, Philippe- Alexandre Langlois, Philippe-Alexandre  Langlois , Philippe-Alexandre Langlois, Philippe-alexandre Langlois, Philippe-alexandre langlois, Phillipe Alexandre Langlois, Phillipe-Alexandre Langlois"
Philippe-andre Rodriguez,Deputy Director,2022-02-01,2025-02-10,6,"Philippe-Andre  Rodriguez, Philippe-Andre Rodriguez"
Philippe-olivier Dufour,Parliamentary Assistant,2023-11-06,2023-11-06,1,Philippe-Olivier Dufour
Philippe-olivier Giroux,Senior Policy Analyst,2021-05-05,2024-12-19,8,"Philippe  Oliver-Giroux, Philippe-Olivier  Giroux, Philippe-Olivier Giroux"
Phillip Champagne,"Minister, Innovation, Science and Industry",2022-11-08,2022-11-08,1,Phillip  Champagne
Phillip Charest,Hydrogen Lead,2021-11-30,2021-11-30,1,Phillip Charest
Phillip Harwood,Policy Advisor,2013-10-25,2014-08-21,2,Phillip Harwood
Phillip Hughes,Director,2024-05-27,2024-05-27,1,Phillip Hughes
Phillip Jansson,Parliamentary Affairs Advisor,2019-01-18,2019-01-18,1,Phillip Jansson
Phillip Lee,Lieutenant Governor,2013-01-08,2013-04-19,2,Phillip Lee
Phillip Widdis,Communications Assistant,2022-12-06,2022-12-06,1,Phillip Widdis
Phillipe Hall,Economist,2017-07-26,2017-07-26,1,Phillipe Hall
Phillipe Murphy-rheaume,Policy and Public Relations,2018-03-13,2018-03-13,1,Phillipe Murphy-Rheaume
Phillipe Painchaud,Senior Policy Advisor,2019-08-20,2019-08-20,1,Phillipe Painchaud
Phillipe St-jean,"Chief, Energy Technology Sector",2018-06-12,2018-06-12,1,Phillipe St-Jean
Phillippe Arsenault,Chief of Staff,2018-05-29,2018-05-29,1,Phillippe Arsenault
Phillippe Mailhot,"Assistant Director, Regional Affairs",2010-05-10,2010-05-10,1,Phillippe Mailhot
Philp Amanda,Director of Policy,2011-11-04,2011-11-04,1,Philp Amanda
Philp Elkins,Staffer,2010-11-23,2010-11-23,1,Philp Elkins
Philp Jennings,Associate Deputy Minister,2010-04-15,2017-01-19,2,Philp Jennings
Philpott Jane,"Minister, Indigenous Services",2017-12-01,2017-12-01,1,Philpott Jane
Phoebe Miles,Technical Leader,2023-03-29,2023-03-29,1,Phoebe Miles
Phoebe Mitton,Policy Advisor,2024-11-21,2024-11-21,1,Phoebe Mitton
Phoenix Cai,Trade Commissioner,2024-08-14,2024-08-14,1,Phoenix Cai
Photinie Koutsavlis,Director General,2015-05-06,2021-01-14,19,"Photinie Koursavlis, Photinie Koutsavilis, Photinie Koutsavlis"
Phungsen Leung,Member of Parliament,2014-05-12,2014-05-12,1,Phungsen Leung
Phyllis Odenbach Sutton,Director,2011-03-31,2011-09-16,2,"Phyllis Odenbach Sutton, Phyllis Odenbach-Sutton"
Phyllis Yaffe,"Consul General, New York",2016-09-29,2019-03-26,6,Phyllis Yaffe
Picard Michel,Member of Parliament,2019-02-07,2019-02-07,1,Picard Michel
Pier-luc Dussseault,Member of Parliament,2019-04-02,2019-04-02,1,Pier-Luc Dussseault
Pier-luc Levesque,Policy Advisor,2017-07-13,2025-02-28,101,"Pier-Luc Levesque, Pier-Luc Levésque, Pier-Luc Lévesque, Pier-luc Levesque"
Pier-olivier Cloutier,Political Advisor,2022-02-28,2022-02-28,1,Pier-Olivier Cloutier
Pierce Collier,"Director, Parliamentary Affairs",2019-04-02,2024-08-23,4,Pierce Collier
Piere-luc Jean,"Special Assistant, Regional Affairs",2015-05-27,2015-05-27,1,Piere-Luc Jean
Piero Narducci,Acting Director General,2013-10-01,2013-10-01,1,Piero Narducci
Pierr-yves Caux,Director,2009-07-15,2009-07-15,1,Pierr-Yves Caux
Pierre Alaire,"Vice President, Business Development",2014-12-09,2014-12-09,1,Pierre Alaire
Pierre Alarie,Ambassador to Mexico,2015-02-19,2017-09-04,11,Pierre Alarie
Pierre Audy,Constituency Assistant,2016-07-27,2017-09-21,3,"Pierre Audi, pierre audy"
Pierre Beauchamp,Colonel,2023-10-12,2023-12-14,2,Pierre Beauchamp
Pierre Beaufils,Policy Advisor,2022-07-25,2025-01-14,3,Pierre Beaufils
Pierre Beland,Canadian Chair,2019-06-27,2019-06-27,1,Pierre Béland
Pierre Belanger,Deputy Director,2015-09-24,2016-12-06,3,"Pierre Boulanger, Pierre Bélanger"
Pierre Belisle,Executive Director,2015-08-27,2015-09-22,2,"Pierre Belisle, Pierre Bélisle"
Pierre Berthiaume,"Senior Advisor, Communications",2012-06-11,2012-06-11,1,Pierre Berthiaume
Pierre Bertrand,Director General,2009-02-25,2011-12-14,7,Pierre Bertrand
Pierre Bigras,Manager,2011-10-03,2013-10-24,43,Pierre Bigras
Pierre Bilodeau,Executive Director,2011-05-18,2020-12-11,6,Pierre Bilodeau
Pierre Blackburn,"Minister of State, Agriculture",2009-04-23,2009-04-23,1,PIERRE BLACKBURN
Pierre Blais,Chairperson,2012-11-15,2022-05-11,3,Pierre Blais
Pierre Boideau,Executive Director,2020-10-19,2020-10-19,1,Pierre Boideau
Pierre Bouchard,Director,2016-01-22,2018-01-26,8,Pierre Bouchard
Pierre Boucher,Chief Information Officer,2013-04-29,2017-12-04,6,Pierre Boucher
Pierre Breton,Member of Parliament,2016-01-15,2019-05-07,55,"PIERRE BRETON, Pierre Breton, Pierrre Breton"
Pierre Buisson,Constituency Assistant,2015-06-22,2015-06-22,1,Pierre Buisson
Pierre C Nolin,Senator,2012-11-27,2012-11-27,1,Pierre C Nolin
Pierre Caza,Assistant to Jean-Claude Poissant,2017-10-11,2017-10-11,1,Pierre Caza
Pierre Challier,Legislative Assistant,2015-04-17,2015-04-17,1,Pierre Challier
Pierre Charest,Vice President,2009-06-02,2018-10-29,25,Pierre Charest
Pierre Chartrand,"Vice President, Research",2009-07-28,2010-05-04,4,Pierre Chartrand
Pierre Chevalier,Project Manager,2024-04-10,2024-04-10,1,Pierre Chevalier
Pierre Claude Nolin,Senator,2011-02-18,2014-10-21,37,"Honourable Senator Pierre Claude Nolin, Pierre Claude Nolin, Pierre-Claude Nolin"
Pierre Clement,"Chief, National Flight Operations",2018-12-06,2018-12-06,1,Pierre Clément
Pierre Cleroux,"Vice President, Research and Chief Economist",2021-01-15,2021-01-15,1,Pierre Cleroux
Pierre Coulombe,President,2008-09-22,2009-12-21,5,"Pierre Coloumbe, Pierre Coulombe"
Pierre Comier,Senior Policy Advisor,2023-04-27,2023-04-27,1,Pierre Comier
Pierre Corriveau,Assistant Deputy Minister,2008-08-25,2010-07-21,2,Pierre Corriveau
Pierre Daigle,Ombudsman,2012-08-09,2012-08-09,1,Pierre Daigle
Pierre Dalphond,Senator,2018-09-25,2025-06-11,85,"Pierre Dalphond, Pierre Dalphont, Pierre J.  Dalphond, Pierre J. Dalphond"
Pierre David Jean,Secretary,2023-03-01,2023-03-01,1,Pierre David   Jean
Pierre De Bane,Senator,2011-10-20,2013-03-26,3,"Pierre De Bané, Pierre de Bané"
Pierre Desautels,Manager,2013-04-02,2013-04-02,1,Pierre Desautels
Pierre Dionne Labelle,Member of Parliament,2011-09-14,2015-05-27,17,"Pierre Dionne Labelle, Pierre Dionne-Labelle"
Pierre Doyle,Assistant Director,2012-11-08,2014-03-10,3,Pierre Doyle
Pierre Dubreuil,"Executive Vice President, Finance",2016-04-29,2016-04-29,1,Pierre Dubreuil
Pierre Duguay,Deputy Governor,2008-10-28,2010-04-06,5,Pierre Duguay
Pierre Dupont,Associate Deputy Minister,2008-12-05,2008-12-05,1,Pierre Dupont
Pierre Ferland,Chief Information Officer and Director General,2013-06-12,2017-02-21,2,Pierre Ferland
Pierre Florea,"Policy Advisor, Appointments",2012-04-17,2012-08-30,2,Pierre Floréa
Pierre Forbert,"Director, Strategic Initiatives",2021-04-01,2021-04-01,1,Pierre Forbert
Pierre Forgues,Major General,2012-05-28,2012-05-28,1,Pierre Forgues
Pierre Gallant,Senior Technical Advisor,2023-08-17,2023-08-17,1,Pierre Gallant 
Pierre Gamache,Special Advisor to the Chief Operating Officer,2013-07-24,2013-07-24,1,Pierre Gamache
Pierre Gignac,Senior Vice President,2011-06-28,2015-06-03,9,Pierre Gignac
Pierre Gregoire,Constituency Assistant,2021-06-03,2025-01-17,14,"Pierre  Grégoire, Pierre Grégoire"
Pierre Huot,Constituency Assistant,2016-10-17,2016-10-17,1,Pierre Huot
Pierre Jacob,Member of Parliament,2011-11-08,2014-09-24,27,"Pierre Jacob, Pierre Jacon"
Pierre Labbee,"Manager, Strategic Partnerships and Outreach",2022-10-05,2022-10-05,1,Pierre Labbeé
Pierre Labelle,Member of Parliament,2015-04-27,2015-04-27,1,Pierre Labelle
Pierre Lacoursiere,"Director, Development",2016-09-26,2021-11-02,3,"PIERRE LACOURSIERE, Pierre Lacoursière"
Pierre Lafortune,National Manager,2016-01-11,2022-02-14,9,"Dr. Pierre Lafortune, Pierre LaFortune, Pierre Lafortune"
Pierre Laliberte,"Commissioner, Workers",2018-01-23,2025-02-27,19,"Pierre Laliberte, Pierre Laliberté"
Pierre Lalonde,"Director, Music Policy and Programs",2009-10-07,2011-09-06,2,Pierre Lalonde
Pierre Lamarre,"Advisor, Industrial Technology",2016-08-29,2016-10-26,5,Pierre Lamarre
Pierre Lemieux,Member of Parliament,2008-11-27,2015-06-27,185,"Mr. Pierre Lemieux, M.P., PIERRE LEMIEUX, PIerre Lemieux, Pierre Lamieux, Pierre LeMieux, Pierre Lemieux, Pierre Lemieux, MP, Pierre Lemiex, Pierre Lemiuex, Pierre lemieux"
Pierre Lantoin,"Officer, Multilateral Affairs - Great Lakes Region",2011-10-14,2012-11-22,2,Pierre Lantoin
Pierre Lavallee,President and CEO,2019-07-03,2019-09-20,2,"Pierre Lavallee, Pierre Lavallée"
Pierre Lavoie,"Director General, S&T Force Employment",2015-03-16,2019-04-12,2,"Dr. Pierre Lavoie, Pierre Lavoie"
Pierre Leblanc,Director General,2016-11-29,2024-06-19,25,"Pierre  Leblanc, Pierre  Leblanc , Pierre LeBlanc, Pierre Leblanc, Pierre Leblanc "
Pierre Lebrun,"Senior Liaison Officer, VAC",2018-11-29,2018-11-29,1,Pierre Lebrun
Pierre Leduc,Assistant Commissioner,2012-01-05,2025-01-23,18,Pierre Leduc
Pierre Legault,Assistant Deputy Minister,2008-07-02,2016-07-15,13,Pierre Legault
Pierre Luc Levesque,"Regional Economic Advisor, Quebec",2018-10-23,2018-10-23,1,Pierre Luc Levesque
Pierre Luc Racine,Policy Advisor,2023-09-18,2023-10-18,2,Pierre Luc Racine
Pierre Marc Mongeau,Assistant Deputy Minister,2010-11-22,2018-07-10,3,Pierre Marc Mongeau
Pierre Marchand,Chief Warrant Officer,2015-05-08,2015-05-08,1,Pierre Marchand
Pierre Marier,Executive Director,2012-01-17,2025-06-12,27,"PIERRE MARIER, Pierre Marier, Pierre Maurier"
Pierre Marin,Director General,2009-11-05,2009-11-05,1,Pierre Marin
Pierre Martel,"Director, National Fire Management",2023-10-23,2025-03-06,2,Pierre Martel
Pierre Menard,Staff Officer,2011-03-22,2011-03-22,1,Pierre Menard
Pierre Mesmin,Director,2016-05-04,2016-05-04,1,Pierre Mesmin
Pierre Meulien,"President and CEO, Genome Canada",2011-11-02,2014-01-27,2,Pierre Meulien
Pierre Mineau,Head,2010-08-05,2010-08-05,1,Pierre Mineau
Pierre Miquelon,Senior Policy Advisor,2009-06-12,2009-06-12,1,Pierre Miquelon
Pierre Morissette,"Advisor, Industrial Technology",2016-05-06,2017-11-28,8,Pierre Morissette
Pierre Nantel,Member of Parliament,2011-06-22,2019-08-21,366,"PIERRE NANTEL, Pierre Nantal, Pierre Nantel, Pierre Nantrel, Pierre Natel, pierre nantel"
Pierre Normand,"Vice President, External Relations and Communications",2011-09-21,2022-06-07,13,Pierre Normand
Pierre Paquette,Member of Parliament,2010-09-28,2011-03-23,18,Pierre Paquette
Pierre Paul-hus,Member of Parliament,2016-04-13,2025-03-28,269,"PIERRE PAUL-HUS, Pierre Paul  Hus, Pierre Paul - Hus, Pierre Paul Hus, Pierre Paul-Haus, Pierre Paul-Hus, Pierre Paul-hus, Pierre Pol-Haus, Pierre-Paul Hus, pierre paul-hus"
Pierre Perry,Advisor,2014-06-25,2020-07-08,7,Pierre Perry
Pierre Pettigrew,CETA Envoy,2017-03-21,2017-03-21,1,Pierre Pettigrew
Pierre Poilievre,Member of Parliament,2010-07-15,2025-04-18,380,"Hon. Pierre Poilievre, Hon. Pierre Poilivre, PIerre Poilievre, Pierre  Poilievre, Pierre  Poilievre , Pierre Poilevre, Pierre Poilievere, Pierre Poilievre, Pierre Poilievre, M.P., Pierre Poilivere, Pierre Poilivre, Pierre Poilièvre, Pierre Poillievre, Pierre Polievre, Pierre Poliievre, Pierre Pollievre, The Hon. Pierre Poilievre, The Honourable Pierre  Poilievre, M.P., P.C.  , The Honourable Pierre Poilievre, The Honourable Pierre Poilievre, P.C., pierre Poilievre, pierre Poillievre"
Pierre Polievre Is,Finance Critic,2019-02-19,2019-02-19,1,Pierre Polievre is
Pierre Ponce,"Manager, Minister's Regional Office",2014-12-03,2014-12-03,1,Pierre Ponce
Pierre Pratte,"Senior Policy Advisor, Motor Carrier Safety",2021-02-22,2021-02-22,1,Pierre Pratte
Pierre Ricard-desjardins,Director,2011-03-22,2011-03-22,1,Pierre Ricard-Desjardins
Pierre Roberge,Regional Director,2018-06-18,2019-09-11,2,Pierre Roberge
Pierre Sabourin,Assistant Deputy Minister,2010-05-13,2021-12-03,221,"Pierre  Sabourin, Pierre Saborin, Pierre Sabourin"
Pierre Savard,Policy Advisor,2014-12-16,2015-05-06,6,Pierre Savard
Pierre Schembri,Advisor,2008-11-07,2010-01-20,4,Pierre Schembri
Pierre Simard,EngO,2015-11-12,2015-12-15,5,Pierre Simard
Pierre Sylvestre,Senior Program Engineer,2018-03-28,2018-03-28,1,Pierre Sylvestre
Pierre Tessier,Assistant Deputy Minister,2018-12-05,2024-05-27,7,"Pierre  Tessier, Pierre Tessier"
Pierre Therrien,Director General,2021-10-13,2024-12-16,4,"Pierre  Therrien, Pierre Therrien, Pierre Therrien "
Pierre Thiffault,Senior Research Analyst,2022-02-11,2023-02-17,3,Pierre Thiffault
Pierre Tremblay,President and Chief Executive Officer,2024-08-27,2025-05-20,9,"Pierre  Tremblay, Pierre Tremblay"
Pierre Trepanier,"Advisor, Industrial Technology",2009-06-09,2009-11-19,5,"Pierre Trepanier, Pierre Trépanier"
Pierre Trudel,Director,2012-07-26,2012-07-26,1,Pierre Trudel
Pierre Vaillancourt,Director,2019-01-03,2019-01-03,1,Pierre Vaillancourt
Pierre Vallee,Advisor,2018-02-06,2024-05-07,6,"Pierre  Vallée, Pierre Vallee, Pierre Vallée"
Pierre Yves Bourque,Legislative and Special Assistant,2016-04-19,2016-04-19,1,Pierre Yves Bourque
Pierre-david Jean,"Counsellor, Political",2023-11-27,2023-12-01,2,"Pierre-David  Jean, Pierre-David Jean"
Pierre-hugues Boisvenu,Senator,2010-10-06,2023-11-15,32,"Pierre-Huges Boisvenu, Pierre-Hughes Boisvenu, Pierre-Hugues Boisvenu"
Pierre-jonathan Teasdale,Director,2017-03-30,2023-11-08,5,Pierre-Jonathan Teasdale
Pierre-luc Dusseault,Member of Parliament,2011-06-17,2023-02-27,131,"PIERRE-LUC DUSSEAULT, PIerre-Luc Dusseau, Pierre Luc Dussault, Pierre Luc Dusseault, Pierre- Luc Dusseault, Pierre-Luc Dussault, Pierre-Luc Dusseau, Pierre-Luc Dusseault, Pierre-Luc Dusseault, M.P., Pierre_Luc Dusseault, Pierrre Luc Dusseault"
Pierre-luc Jean,"Special Assistant, Quebec Regional Affairs",2015-04-08,2015-05-28,2,Pierre-Luc Jean
Pierre-luc Levesque,Special Assistant,2017-10-30,2023-06-09,10,"Pierre-Luc Levesque, Pierre-Luc LÉVESQUE, Pierre-Luc Lévesque, Pierre-Luc levesque"
Pierre-luc Poisson,Project Manager,2016-06-27,2016-06-27,1,Pierre-Luc Poisson
Pierre-luc Racine,Policy Analyst Specialist,2024-04-30,2024-06-25,3,"PIERRE-LUC RACINE, Pierre-Luc  Racine, Pierre-Luc Racine"
Pierre-marc Lauzon,Director,2017-09-12,2025-05-29,18,"Pierre-Marc  Lauzon, Pierre-Marc Lauzon"
Pierre-marc Mongeau,"Vice President, Operations",2013-05-15,2018-03-02,18,Pierre-Marc Mongeau
Pierre-marc Perreault,Director,2020-10-23,2024-11-18,10,"Pierre-Marc Perreault, pierre-marc perreault"
Pierre-nicolas Legault,Trade Analyst,2021-03-09,2021-03-09,1,Pierre-Nicolas Legault
Pierre-olivier Herbert,Press Secretary,2016-02-27,2020-04-07,15,"Pierre Olivier Herbert, Pierre-Oliver Hebert, Pierre-Olivier Herbert"
Pierre-olivier Bernard,Director,2022-08-24,2022-08-24,1, Pierre-Olivier Bernard
Pierre-olivier Legault Tremblay,Economist,2019-12-12,2020-01-29,3,"Pierre-Olivier Legault Tremblay, Pierre-Olivier Legault-Tremblay"
Pierre-p. Lambert,Policy Advisor,2011-09-28,2011-09-28,1,Pierre-P. Lambert
Pierre-paul Roy,Staffer to Member of Parliament,2010-10-18,2010-12-08,3,Pierre-Paul Roy
Pierre-yves Borque,Director of Communications,2019-06-26,2019-06-26,1,Pierre-Yves Borque
Pierre-yves Bourque,Director of Operations,2014-10-03,2025-03-17,76,"Pierre-Yves  Bourque , Pierre-Yves Bourque, Pierre-Yves Bourque , Pierres-Yves  Bourque"
Pierre-yves Gagnon,Parliamentary Assistant,2013-09-13,2015-01-08,7,Pierre-Yves Gagnon
Pierrette Leblanc,"Senior Engineer, Transportation",2019-01-09,2019-01-09,1,Pierrette LeBlanc
Pierrette Marier,Executive Director,2024-06-20,2024-06-20,1,Pierrette Marier
Pierrette Pierrette,Senator,2021-04-08,2021-04-08,1,Pierrette Pierrette
Pierrette Ringuette,Senator,2009-02-12,2025-06-11,191,"Hon Pierette Ringuette, Pierett Ringuette, Pierette Ringette, Pierette Ringuette, Pierrete Ringuette, Pierrette  Ringuette, Pierrette Ringette, Pierrette Ringuette, Sen. Pierrette Ringuette, The Hon. Senator Pierrette Ringuette, The Honourable Pierrette Ringuette, The Honourable Senator Pierrette Ringuette, pierrette ringuette"
Pierrette Ringuette Maltais,Senator,2010-12-01,2019-04-11,5,"Pierette Ringuette-Maltais, Pierrette Ringuette Maltais, Pierrette Ringuette-Maltais"
Pieter Bouwer,Trade Commissioner,2023-01-30,2023-01-30,1,Pieter Bouwer
Pietro Cimino,Policy Analyst,2017-09-12,2024-12-20,8,Pietro Cimino
Pinar Atakanli,Trade Commissioner,2020-07-23,2021-01-25,2,Pinar Atakanli
Pinto Mario,President,2016-10-06,2016-10-06,1,Pinto Mario
Piper Mcwilliams,Exempt Staff to Minister,2022-11-17,2024-02-29,2,Piper McWilliams
Pippa Hamilton,"Special Assistant, Policy",2009-04-02,2009-07-22,3,Pippa Hamilton
Pirawin Namasivayam,Policy Analyst,2024-10-18,2024-10-18,1,Pirawin Namasivayam
Pirthipal Singh,"Executive Director, Digital Credentials",2022-09-13,2022-09-13,1,Pirthipal Singh
Placide Turenne,"Director, National Policy and Programs and Regional Coordination",2021-05-28,2025-06-05,5,Placide Turenne
Po Tea Duncan,"Executive Director, Cyber Security",2021-03-16,2022-08-23,2,Po Tea Duncan
Po Tea-duncan,Chief Information Security Officer,2022-11-08,2025-05-23,10,"Po Tea-Duncan, Po-Tea Duncan"
Poirier Gaboury Alex,Policy and Regional Affairs Advisor,2014-11-17,2014-11-17,1,Poirier Gaboury Alex
Poissan Jean Claude,Member of Parliament,2016-02-02,2016-08-23,2,"POISSANT JEAN-CLAUDE, Poissan Jean Claude"
Polina Hristeva,"Director, Solutions",2016-09-28,2025-05-12,21,Polina Hristeva
Pooja Arora,Chief of Staff to the Assistant Deputy Minister,2023-06-08,2024-11-18,3,Pooja Arora
Poppy Vineberg,Director,2015-03-05,2023-03-02,17,"Poppy Vineberg, Poppy Vineburg"
Porter Shawn,Director,2013-02-26,2013-02-26,1,Porter Shawn
Potter Stephen,Director,2015-11-09,2015-11-09,1,Potter Stephen
Poyau Yip,Analyst,2021-08-06,2021-08-06,1,Poyau Yip
Prabmeet Sarkaria,Minister,2023-12-18,2023-12-18,1,Prabmeet  Sarkaria
Prachi Sharma,Director,2024-07-15,2024-07-15,1,Prachi Sharma
Pradeep Khare,Chief Operating Officer,2008-09-02,2011-09-23,21,"Pradeep Khare, Pradeep Kharé, Pradepp Khare"
Pranav Shah,Director of Investment,2023-11-21,2023-11-21,1,Pranav Shah
Prashant Shukle,Director General,2015-11-10,2018-06-26,2,"Prashant Shukle, Prashant Sukle"
Praught Christohper,Senior Policy and Regional Affairs Advisor,2015-01-30,2015-01-30,1,Praught Christohper
Prentice Jim,"Minister, Environment",2009-12-04,2009-12-04,1,Prentice Jim
Preston Gallant,"Manager, Strategic Policy and Program Improvement, Excise Duties and Taxes Division",2010-02-24,2010-02-24,1,Preston Gallant
Preston Joe,Member of Parliament,2014-06-09,2014-06-09,1,Preston Joe
Prevost Karolyne,Administrative Assistant,2015-02-11,2015-02-11,1,Prévost Karolyne
Priceela Pursun,Senior Tax Policy Officer,2011-11-09,2012-12-06,2,Priceela Pursun
Prihar Roopa,Policy Analyst,2022-11-18,2024-08-29,11,"Prihar  Roopa, Prihar Roopa"
Primal Silva,Chief Science Operating Officer,2015-11-20,2023-08-03,12,"Dr. Primal Silva, Primal Silva"
Priya Gurnani,Executive Assistant to the Policy and Budget Director,2017-02-22,2018-01-31,5,Priya Gurnani
Priya Joshi,Special Assistant to the Minister,2008-08-04,2008-08-04,1,Priya Joshi
Priyank D'sa,"Manager, Social Media",2022-12-14,2022-12-14,1,Priyank D'Sa
Priyanka D'sa,"Manager, Digital Media",2022-07-07,2022-07-07,1,Priyanka D'Sa
Prosper Higiro,High Commissioner,2024-11-05,2024-11-05,1,Prosper Higiro
Pui Wai Yuen,Director,2020-11-26,2025-04-17,13,"Pui Wai Yuen, Pui-Wai Yuen"
Punzal Paolo,Assistant,2019-07-08,2019-07-08,1,Punzal Paolo
Purves Glenn,Assistant Deputy Minister,2022-03-22,2022-03-22,1,Purves Glenn
Purvi Acharya,Assistant Director,2019-06-06,2019-06-14,2,Purvi Acharya
